CREL_00001,CREL,,503,P01126,Transforming protein rel polyprotein,Avian reticuloendotheliosis virus,11636,,,136184,6.31245E+13,,"IPR013783,IPR014756,IPR002909,IPR000451,IPR008967,IPR011539",,P01126,MDFLTNLRFTEGISEPYIEIFEQPRQRGTRFRYKCEGRSAGSIPGEHSTDNNKTFPSIQILNYFGKVKIRTTLVTKNEPYKPHPHDLVGKGCRDGYYEAEFGPERQVLSFQNLGIQCVKKKDLKESISLRISKKINPFNVPEEQLHNIDEYDLNVVRLCFQAFLPDEHGNYTLALPPLISNPIYDNRAPNTAELRICRVNKNCGSVKGGDEIFLLCDKVQKDDIEVRFVLGNWEAKGSFSQADVHRQVAIVFRTPPFLGDITEPITVKMQLRRPSDQAVSEPVDFRYLPDEEDPSGNKAKRQRSTLAWQKPIQDCGSAVTERPKAAPIPTVNPEGKLKKEPNMFSPTLMLPGLGTLSSSQMYPACSQMPTQPAQLGPGKQDTLHSCWQQLYSPSPSASSLLSLHSHSSFTAEVPQPGAQGSSSLPAYNPLNWPDEKNSSFYRNFGNTHGMGAALVSAAGMQSVSSSSIVQGTHQASATTASIMTMPRTPGEVPFLRQQVGYRS
CREL_00002,CREL,,596,AAO26402,C-Rel protein -Danio rerio .,Danio rerio (zebrafish),7955,,,37725726,,,,,Q6K199,MDVQSLSMHRDPHLMGEPCVQIFEQPKQRGMRFRYKCEGRSAGSIPGERSSDNNRTYPSIQILNVTGKGKVRVTLVTKSEPYKPHPHDLVGKDCKDGYYEAEFGPERRAIAFQNLGIQCVRRREVKDAIMQRVTRGINPFNVPREQLLQTEEYDLNVVRLCFQIYLQDESGMYSTMLPPIVSNPIYDNRAPNTAELRICRVNKNSGSVKGGDEIFLLCDKVQKDDIEVRFFTQTWEAKGSFSQADVHRQVAIVFKTPAYCDTSITAPVTVRMQLRRPTDQEVSEPMEFRYLPDDKDPYGCREKKRKIDMQMKSSFPSFSQEAMSFMNRTKAVSSTNLMNQRIKTEPPNFYRPPNQGVARQNQPVYYSKGLRSCPMMPHPSETTTQGALSQWTSQVTNTAVPNNVVSLQQVNPSPNMPSAGENGNSLPLLTSMDLEILQPNGPTGNQPRQDLLNQQVQQSQQPPQRQGQEGAWYNYSSQQPQNTQNGASGASGSLATGYQFTSGLEDDILQSLMGNHQPGIQLKQEPQGLSNMAPLVNSDCVQSFTALLNCNNGSTPEHMRQIDPNGANQRVSQIQYPSGNMGQESHLEHYTWHFPE
CREL_00003,CREL,,596,AAH76403,V-rel reticuloendotheliosis viral oncogene homolog -Danio rerio .,Danio rerio (zebrafish),7955,,rel,49903164,,,,,,MDVQSLSMHRDPHLMGEPCVQIFEQPKQRGMRFRYKCEGRSAGSIPGERSSDNNRTYPSIQILNVTGKGKVRVTLVTKSEPYKPHPHDLVGKDCKDGYYEAEFGPERRAIAFQNLGIQCVRRREVKDAIMQRVTRGINPFNVPREQLLQTEEYDLNVVRLCFQIYLQDESGMYSTMLPPIVSNPIYDNRAPNTAELRICRVNKNSGSVKGGDEIFLLCDKVQKDDIEVRFFTQTWEAKGSFSQADVHRQVAIVFKTPAYCDTSITAPVTVRMQLRRPTDQEVSEPMEFRYLPDDKDPYGCREKKRKIDMQMKSSFPSFSQEAMSFMNRTKAVSSTNLMNQRIKTEPPNFYRPPNQGVARQNQPVYYNKGLRSCPMMPHPSETTTQGALSQWTSQVTNTSVPNNVVSLQQVNPSPNMPSAGENGNSLPLLTSMDLEILQPNGPTGNQPRQDLLNQQVQQSQQPPQRQGQEGAWYNYSSQQPQNTQNGASGASGSLATGYQFTSGLEDDILQSLMGNHQPGIQLKQEPQGLSNMAPLVNSDCVQSFTALLNCNNGSTPEHMRQIDPNGANQRVSQIQYPSGNMGQESHLEHYTWHFPE
CREL_00004,CREL,,596,CAM12939,v-rel reticuloendotheliosis viral oncogene homolog -Danio rerio .,Danio rerio (zebrafish),7955,13,rel,122890853,,,"IPR000451,IPR000451,IPR002909,IPR011539,IPR013783",,,MDVQSLSMHRDPHLMGEPCVQIFEQPKQRGMRFRYKCEGRSAGSIPGERSSDNNRTYPSIQILNVTGKGKVRVTLVTKSEPYKPHPHDLVGKDCKDGYYEAEFGPERRAIAFQNLGIQCVRRREVKDAIMQRVTRGINPFNVPREQLLQTEEYDLNVVRLCFQIYLQDESGMYSTMLPPIVSNPIYDNRAPNTAELRICRVNKNSGSVKGGDEIFLLCDKVQKDDIEVRFFTQTWEAKGSFSQADVHRQVAIVFKTPAYCDTSITAPVTVRMQLRRPTDQEVSEPMEFRYLPDDKDPYGCREKKRKIDMQMKSSFPSFSQEAMSFMNRTKAVSSTNLMNQRIKTEPPNFYRPPNQGVARQNQPVYYNKGLRSCPMMPHPSETTTQGALSQWTSQVTNTSVPNNVVSLQQVNPSPNMPSAGENGNSLPLLTSMDLEILQPNGPTGNQPRQDLLNQQVQQSQQPPQRQGQEGAWYNYSSQQPQNTQNGASGASGSLATGYQFTSGLEDDILQSLMGNHQPGIQLKQEPQGLSNMAPLVNSDCVQSFTALLNCNNGSTPEHMRQIDPNGANQRVSQIQYPSGNMGQESHLEHYTWHFPE
CREL_00005,CREL,,596,CAX13200,v-rel reticuloendotheliosis viral oncogene homolog -Danio rerio .,Danio rerio (zebrafish),7955,13,rel,220678432,,,,,,MDVQSLSMHRDPHLMGEPCVQIFEQPKQRGMRFRYKCEGRSAGSIPGERSSDNNRTYPSIQILNVTGKGKVRVTLVTKSEPYKPHPHDLVGKDCKDGYYEAEFGPERRAIAFQNLGIQCVRRREVKDAIMQRVTRGINPFNVPREQLLQTEEYDLNVVRLCFQIYLQDESGMYSTMLPPIVSNPIYDNRAPNTAELRICRVNKNSGSVKGGDEIFLLCDKVQKDDIEVRFFTQTWEAKGSFSQADVHRQVAIVFKTPAYCDTSITAPVTVRMQLRRPTDQEVSEPMEFRYLPDDKDPYGCREKKRKIDMQMKSSFPSFSQEAMSFMNRTKAVSSTNLMNQRIKTEPPNFYRPPNQGVARQNQPVYYNKGLRSCPMMPHPSETTTQGALSQWTSQVTNTSVPNNVVSLQQVNPSPNMPSAGENGNSLPLLTSMDLEILQPNGPTGNQPRQDLLNQQVQQSQQPPQRQGQEGAWYNYSSQQPQNTQNGASGASGSLATGYQFTSGLEDDILQSLMGNHQPGIQLKQEPQGLSNMAPLVNSDCVQSFTALLNCNNGSTPEHMRQIDPNGANQRVSQIQYPSGNMGQESHLEHYTWHFPE
CREL_00006,CREL,,596,NP_001001841,v-rel reticuloendotheliosis viral oncogene homolog -Danio rerio .,Danio rerio (zebrafish),7955,13,rel,50355966,,,,,,MDVQSLSMHRDPHLMGEPCVQIFEQPKQRGMRFRYKCEGRSAGSIPGERSSDNNRTYPSIQILNVTGKGKVRVTLVTKSEPYKPHPHDLVGKDCKDGYYEAEFGPERRAIAFQNLGIQCVRRREVKDAIMQRVTRGINPFNVPREQLLQTEEYDLNVVRLCFQIYLQDESGMYSTMLPPIVSNPIYDNRAPNTAELRICRVNKNSGSVKGGDEIFLLCDKVQKDDIEVRFFTQTWEAKGSFSQADVHRQVAIVFKTPAYCDTSITAPVTVRMQLRRPTDQEVSEPMEFRYLPDDKDPYGCREKKRKIDMQMKSSFPSFSQEAMSFMNRTKAVSSTNLMNQRIKTEPPNFYRPPNQGVARQNQPVYYNKGLRSCPMMPHPSETTTQGALSQWTSQVTNTSVPNNVVSLQQVNPSPNMPSAGENGNSLPLLTSMDLEILQPNGPTGNQPRQDLLNQQVQQSQQPPQRQGQEGAWYNYSSQQPQNTQNGASGASGSLATGYQFTSGLEDDILQSLMGNHQPGIQLKQEPQGLSNMAPLVNSDCVQSFTALLNCNNGSTPEHMRQIDPNGANQRVSQIQYPSGNMGQESHLEHYTWHFPE
CREL_00007,CREL,1GJI_B,275,1GJI_A,"Chain A, Crystal Structure Of C-Rel Bound To Dna.",Gallus gallus (chicken),9031,,,21465438,,,,1GJI,P16236,PYIEIFEQPRQRGMRFRYKCEGRSAGSIPGEHSTDNNKTFPSIQILNYFGKVKIRTTLVTKNEPYKPHPHDLVGKDCRDGYYEAEFGPERRVLSFQNLGIQCVKKKDLKESISLRISKKINPFNVPEEQLHNIDEYDLNVVRLCFQAFLPDEHGNYTLALPPLISNPIYDNRAPNTAELRICRVNKNCGSVKGGDEIFILCDKVQKDDIEVRFVLDNWEAKGSFSQADVHRQVAIVFRTPPFLRDITEPITVKMQLRRPSDQEVSEPMDFRYLPD
CREL_00008,CREL,1GJI_A,275,1GJI_B,"Chain B, Crystal Structure Of C-Rel Bound To Dna.",Gallus gallus (chicken),9031,,,21465439,,,,1GJI,P16236,PYIEIFEQPRQRGMRFRYKCEGRSAGSIPGEHSTDNNKTFPSIQILNYFGKVKIRTTLVTKNEPYKPHPHDLVGKDCRDGYYEAEFGPERRVLSFQNLGIQCVKKKDLKESISLRISKKINPFNVPEEQLHNIDEYDLNVVRLCFQAFLPDEHGNYTLALPPLISNPIYDNRAPNTAELRICRVNKNCGSVKGGDEIFILCDKVQKDDIEVRFVLDNWEAKGSFSQADVHRQVAIVFRTPPFLRDITEPITVKMQLRRPSDQEVSEPMDFRYLPD
CREL_00009,CREL,,595,AAA48721,p68 protein; c-rel proto-oncogene.,Gallus gallus (chicken),9031,,,211659,,,,,,ISEPYIEIFEQPRQRGMRFRYKCEGRSAGSIPGEHSTDNNKTFPSIQILNYFGKVKIRTTLVTKNEPYKPLPHDLVGKDCRDGYYEAEFGPERRVLSFQNLGIQCVKKKDLKESISLRISKKINPFNVPEEQLHNIDEYDLNVVRLCFQAFLPDEHGNYTLALPPLISNPIYDNRAPNTAELRICRVNKNCGSVKGGDEIFLLCDKVQKDDIEVRFVLDNWEAKGSFSQADVHRQVAIVFRTPPFLRDITEPITVKMQLRRPSDQEVSEPMDFRYLPDEKDPYGNKAKRQRSTLAWQKLIQDCGSAVTERPKATPIPTVNPEGKLIKKEPNMFSPTLMLPGLGTLTSSSQMYPPCSQMPHQPAQLGPGKQDTLPSCWQQLFSSSPSASSLLSMHPHNSFTAEVPQPNAQGSSSLPAFHDNPLNWPDEKDSSFYRNFGSTNGMGAAMVSAADMQSASSNSIVHATHQASATAASIVNMETNDMNCTSLNFEKYTQVLNVSNHRQQLHQAPAACPPVAAPGSTPFSSQPNLADTAVYNSFLDQEVISDSRLSTNPLQNHQNSLTLTDNQFYDTDGVHTDELYQSFQLDTNILQSYNH
CREL_00010,CREL,,598,P16236,C-Rel proto-oncogene protein; Short=C-Rel protein;,Gallus gallus (chicken),9031,,REL,136185,,,"IPR013783,IPR014756,IPR002909,IPR000451,IPR008967,IPR011539","1GJI_A,1GJI_B",P16236,MAGISEPYIEIFEQPRQRGMRFRYKCEGRSAGSIPGEHSTDNNKTFPSIQILNYFGKVKIRTTLVTKNEPYKPHPHDLVGKDCRDGYYEAEFGPERRVLSFQNLGIQCVKKKDLKESISLRISKKINPFNVPEEQLHNIDEYDLNVVRLCFQAFLPDEHGNYTLALPPLISNPIYDNRAPNTAELRICRVNKNCGSVKGGDEIFILCDKVQKDDIEVRFVLDNWEAKGSFSQADVHRQVAIVFRTPPFLRDITEPITVKMQLRRPSDQEVSEPMDFRYLPDEKDPYGNKAKRQRSTLAWQKLIQDCGSAVTERPKAAPIPTVNPEGKLIKKEPNMFSPTLMLPGLGTLTSSSQMYPPCSQMPHQPAQLGPGKQDTLPSCWQQLFSSSPSASSLLSMHPHNSFTAEVPQPGAQGSSSLPAFHDNPLNWPDEKDSSFYRNFGSTNGMGAAMVSAADMQSASSNSIVHATHQASATAASIVNMETNDMNCTSLNFEKYTQVLNVSNHRQQLHQAPAACPPVAAPGSTPFSSQPNLADTAVYNSFLDQEVISDSRLSTNPLQNHQNSLTLTDNQFYDTDGVHTDELYQSFQLDTNILQSYNH
CREL_00011,CREL,,619,CAA52954,c-rel -Homo sapiens .,Homo sapiens (human),9606,,c-rel,402649,,9954,"IPR000451,IPR000451,IPR002909,IPR011539,IPR013783",,,MASGAYNPYIEIIEQPRQRGMRFRYKCEGRSAGSIPGEHSTDNNRTYPSIQIMNYYGKGKVRITLVTKNDPYKPHPHDLVGKDCRDGYYEAEFGQERRPLFFQNLGIRCVKKKEVKEAIITRIKAGINPFNVPEKQLNDIEDCDLNVVRLCFQVFLPDEHGNLTTALPPVVSNPIYDNRAPNTAELRICRVNKNCGSVRGGDEIFLLCDKVQKDDIEVRFVLNDWEAKGIFSQADVHRQVAIVFKTPPYCKAITEPVTVKMQLRRPSDQEVSESMDFRYLPDEKDTYGNKAKKQKTTLLFQKLCQDHVETGFRHVDQDGLELLTSGDPPTLASQSAGITVNFPERPRPGLLGSIGEGRYFKKEPNLFSHDAVVREMPTGVSSQAESYYPSPGPISSGLSHHASMAPLPSSSWSSVAHPTPRSGNTNPLSSFSTRTLPSNSQGIPPFLRIPVGNDLNASNACIYNNADDIVGMEASSMPSADLYGISDPNMLSNCSVNMMTTSSDSMGETDNPRLLSMNLENPSCNSVLDPRDLRQLHQMSSSSMSAGANSNTTVFVSQSDAFEGSDFSCADNSMINESGPSNSTNPNSHGFVQDSQYSGIGSMQNEQLSDSFPYEFFQV
CREL_00012,CREL,,619,Q04864,C-Rel proto-oncogene protein; Short=C-Rel protein.,Homo sapiens (human),9606,,REL,548720,,,"IPR013783,IPR014756,IPR002909,IPR000451,IPR008967,IPR011539",,Q04864,MASGAYNPYIEIIEQPRQRGMRFRYKCEGRSAGSIPGEHSTDNNRTYPSIQIMNYYGKGKVRITLVTKNDPYKPHPHDLVGKDCRDGYYEAEFGQERRPLFFQNLGIRCVKKKEVKEAIITRIKAGINPFNVPEKQLNDIEDCDLNVVRLCFQVFLPDEHGNLTTALPPVVSNPIYDNRAPNTAELRICRVNKNCGSVRGGDEIFLLCDKVQKDDIEVRFVLNDWEAKGIFSQADVHRQVAIVFKTPPYCKAITEPVTVKMQLRRPSDQEVSESMDFRYLPDEKDTYGNKAKKQKTTLLFQKLCQDHVETGFRHVDQDGLELLTSGDPPTLASQSAGITVNFPERPRPGLLGSIGEGRYFKKEPNLFSHDAVVREMPTGVSSQAESYYPSPGPISSGLSHHASMAPLPSSSWSSVAHPTPRSGNTNPLSSFSTRTLPSNSQGIPPFLRIPVGNDLNASNACIYNNADDIVGMEASSMPSADLYGISDPNMLSNCSVNMMTTSSDSMGETDNPRLLSMNLENPSCNSVLDPRDLRQLHQMSSSSMSAGANSNTTVFVSQSDAFEGSDFSCADNSMINESGPSNSTNPNSHGFVQDSQYSGIGSMQNEQLSDSFPYEFFQV
CREL_00013,CREL,,619,ABC40747,v-rel reticuloendotheliosis viral oncogene homolog (avian) -Homo,Homo sapiens (human),9606,,REL,83699683,,,,,,MASGAYNPYIEIIEQPRQRGMRFRYKCEGRSAGSIPGEHSTDNNRTYPSIQIMNYYGKGKVRITLVTKNDPYKPHPHDLVGKDCRDGYYEAEFGQERRPLFFQNLGIRCVKKKEVKEAIITRIKAGINPFNVPEKQLNDIEDCDLNVVRLCFQVFLPDEHGNLTTALPPVVSNPIYDNRAPNTAELRICRVNKNCGSVRGGDEIFLLCDKVQKDDIEVRFVLNDWEAKGIFSQADVHRQVAIVFKTPPYCKAITEPVTVKMQLRRPSDQEVSESMDFRYLPDEKDTYGNKAKKQKTTLLFQKLCQDHVETGFRHVDQDGLELLTSGDPPTLASQSAGITVNFPERPRPGLLGSIGEGRYFKKEPNLFSHDAVVREMPTGVSSQAESYYPSPGPISSGLSHHASMAPLPSSSWSSVAHPTPRSGNTNPLSSFSTRTLPSNSQGIPPFLRIPVGNDLNASNACIYNNADDIVGMEASSMPSADLYGISDPNMLSNCSVNMMTTSSDSMGETDNPRLLSMNLENPSCNSVLDPRDLRQLHQMSSSSMSAGANSNTTVFVSQSDAFEGSDFSCADNSMINESGPSNSTNPNSHGFVQDSQYSGIGSMQNEQLSDSFPYEFFQV
CREL_00014,CREL,,619,EAX00028,v-rel reticuloendotheliosis viral oncogene homolog (avian) -Homo,Homo sapiens (human),9606,2,REL,119620433,,,,,,MASGAYNPYIEIIEQPRQRGMRFRYKCEGRSAGSIPGEHSTDNNRTYPSIQIMNYYGKGKVRITLVTKNDPYKPHPHDLVGKDCRDGYYEAEFGQERRPLFFQNLGIRCVKKKEVKEAIITRIKAGINPFNVPEKQLNDIEDCDLNVVRLCFQVFLPDEHGNLTTALPPVVSNPIYDNRAPNTAELRICRVNKNCGSVRGGDEIFLLCDKVQKDDIEVRFVLNDWEAKGIFSQADVHRQVAIVFKTPPYCKAITEPVTVKMQLRRPSDQEVSESMDFRYLPDEKDTYGNKAKKQKTTLLFQKLCQDHVETGFRHVDQDGLELLTSGDPPTLASQSAGITVNFPERPRPGLLGSIGEGRYFKKEPNLFSHDAVVREMPTGVSSQAESYYPSPGPISSGLSHHASMAPLPSSSWSSVAHPTPRSGNTNPLSSFSTRTLPSNSQGIPPFLRIPVGNDLNASNACIYNNADDIVGMEASSMPSADLYGISDPNMLSNCSVNMMTTSSDSMGETDNPRLLSMNLENPSCNSVLDPRDLRQLHQMSSSSMSAGANSNTTVFVSQSDAFEGSDFSCADNSMINESGPSNSTNPNSHGFVQDSQYSGIGSMQNEQLSDSFPYEFFQV
CREL_00015,CREL,,619,NP_002899,v-rel reticuloendotheliosis viral oncogene homolog -Homo sapiens .,Homo sapiens (human),9606,2,REL,4506473,,9954,,,,MASGAYNPYIEIIEQPRQRGMRFRYKCEGRSAGSIPGEHSTDNNRTYPSIQIMNYYGKGKVRITLVTKNDPYKPHPHDLVGKDCRDGYYEAEFGQERRPLFFQNLGIRCVKKKEVKEAIITRIKAGINPFNVPEKQLNDIEDCDLNVVRLCFQVFLPDEHGNLTTALPPVVSNPIYDNRAPNTAELRICRVNKNCGSVRGGDEIFLLCDKVQKDDIEVRFVLNDWEAKGIFSQADVHRQVAIVFKTPPYCKAITEPVTVKMQLRRPSDQEVSESMDFRYLPDEKDTYGNKAKKQKTTLLFQKLCQDHVETGFRHVDQDGLELLTSGDPPTLASQSAGITVNFPERPRPGLLGSIGEGRYFKKEPNLFSHDAVVREMPTGVSSQAESYYPSPGPISSGLSHHASMAPLPSSSWSSVAHPTPRSGNTNPLSSFSTRTLPSNSQGIPPFLRIPVGNDLNASNACIYNNADDIVGMEASSMPSADLYGISDPNMLSNCSVNMMTTSSDSMGETDNPRLLSMNLENPSCNSVLDPRDLRQLHQMSSSSMSAGANSNTTVFVSQSDAFEGSDFSCADNSMINESGPSNSTNPNSHGFVQDSQYSGIGSMQNEQLSDSFPYEFFQV
CREL_00016,CREL,,537,AAA99433,c-rel -Meleagris gallopavo .,Meleagris gallopavo (turkey),9103,,c-rel,213907,,,,,,ISEPCIEIFEQPRQRGMRFRYKCEGRSAGSIPGEHSTDNNKTFPSIQILNYFGKVKIRTTLVTKNEPYKPHPHDLVGKDCRDGYYEAEFGPERRVLSFQNLGIQCVKKKDLKESISLRISKKINPFNVPEEQLHNIDEYDLNVVRLCFQAFLPDEHGNYTLALPPLISNPIYDNRAPNTAELRICRVNKNCGSVKGGDEIFLLCDKVQKDDIEVRFVLDNWEAKGSFSQADVHRQVAIVFRTPPFLRDITEPITVKMQLRRPSDQEVSEPMDFRYLPDEKDSYGNKAKRQRSTLAWQKLIQDCGSAVTERPKAAPIPTVNPEGKLIKKEPNMFSPTLMLPGLGTLASSSQMYPACSQMPTQPAQLGLGKQDTLHSCWQQLYSPSPSASSLLSMHSHNSFTAEVPQPGAQGSSSLPAYHDNPLNWPDEKDSSFYRNFGNTHGMGAALVSAADMQSVSSSSIVQGTHQASATAASIMNMETNDMNCTSLNFEKYTQMLNVSNHRQQLHQVPATCPPGSAWQHSLSSQPNVADRAVYSSF
CREL_00017,CREL,,538,P01125,C-Rel proto-oncogene protein; Short=C-Rel protein;,Meleagris gallopavo (turkey),9103,,REL,1710089,,,"IPR013783,IPR014756,IPR002909,IPR000451,IPR008967,IPR011539",,P01125,GISEPYIEIFEQPRQRGMRFRYKCEGRSAGSIPGEHSTDNNKTFPSIQILNYFGKVKIRTTLVTKNEPYKPHPHDLVGKDCRDGYYEAEFGPERRVLSFQNLGIQCVKKKDLKESISLRISKKINPFNVPEEQLHNIDEYDLNVVRLCFQAFLPDEHGNYTLALPPLISNPIYDNGAPNTAELRICRVNKNCGSVKGGDEIFLLCDKVQKDDIEVRFVLGNWEAKGSFSQADVHRQVAIVFRTPPFLRDITEPITVKMQLRRPSDQEVSEPVDFRYLPDEEDSYGNKAKRQRSTLAWQKLIQDCGSAVTERPKAAPIPTVNPEGKLIKKEPNMFSPTLMLPGLGTLASSSQMYPACSQMPTQPAQLGPGKQDTLHSCWQQLYSPSPSASSLLSMHSHNSFTAEVPQPGAQGSSSLPAYHDNPLNWPDEKDSSFYRNFGNTHGMGAALVSAADMQSVSSSSIVQGTHQASATAASIMNMETNDMNCTSLNFEKYTQMLNVSNHRQQLHQVPATCPPGSAWQHSLSSQPNVADRAVYSSF
CREL_00018,CREL,,588,1613536A,c-rel protein.,Mus musculus (house mouse),10090,,,227081,,,,,,MASSGYNPYVEIIEQPRQRGMRFRYKCEGRSAGSIPGERSTDNNRTYPSVQIMNYYGKGKIRITLVTKNDPYKPHPHDLVGKDCRDPYYEAEFGPERRPLFFQNLGIRCVKKKEVKGAIILRISAGINPFNVGEQQLLDIEDCDLNVVRCVFMFFLPDEDGNFTTAVPPIVSNPIYDNRAPNTAELRILARVNKNCGSVRGGDEIFLLCDKVQKDDIEVRFVLNDWEARGVFSQADVHRQVAIVFKTPPYCKAILEPVTVKMQLRRPSDQEVSESMDFRYLPDEKDAYANKSKKQKTTLIFQKLLQDCGHFTEKPRTAPLGSTGEGRFIKKESNLFSHGTVLPEMPRSSGVPGQAEPYYSSCGSISSGLPHHPPAIPSVAHQPTSWPPVTHPTSHPVSTNTLSTFSAGTLSSNSQGILPFLEGPGVSDLSASNSCLYNPDDLARMETPSMSPTDLYSISDVNMLSTRPLSVMAPSTDGMGDTDNPRLVSINLENPSCNARLGPRDLRQLHQMSPASLSAGTSSSSVFVSQSDAFDRSNFSCVDNGLMNEPGLSDDANNPTFVQSSHYSVNTLQSEQLSDPFTYGFFKI
CREL_00019,CREL,,587,CAA42817,c-rel -Mus musculus .,Mus musculus (house mouse),10090,,c-rel,297419,,,"IPR000451,IPR000451,IPR002909,IPR011539,IPR013783",,,MASSGYNPYVEIIEQPRQRGMRFRYKCEGRSAGSIPGERSTDNNRTYPSVQIMNYYGKGKIRITLVTKNDPYKPHPHDLVGKDCRDGYYEAEFGPERRPLFFQNLGIRCVKKKEVKGAIILRISAGINPFNVGEQQLLDIEDCDLNVVRCVFMFFLPDEDGNFTTALPPIVSNPIYDNRAPNTAELRICRVNKNCGSVRGGDEIFLLCDKVQKDDIEVRFVLNDWEARGVFSQADVHRQVAIVFKTPPYCKAILEPVTVKMQLRRPSDQEVSESMDFRYLPDEKDAYGNKSKKQKTTLIFQKLLQDCGHFTEKPRTAPLGSTGEGRFIKKESNLFSHGTVLPEMPRSSGVPGQAEPYYSSCGSISSGLPHHPPAIPSVAHQPTSWPPVTHPTSHPVSTNTLSTFSAGTLSSNSQGILPFLEGPGVSDLSASNSCLYNPDDLARMETPSMSPTDLYSISDVNMLSTRPLSVMAPSTDGMGDTDNPRLVSINLENPSCNARLGPRDLRQLHQMSPASLSAGTSSSSVFVSQSDAFDRSNFSCVDNGLMNEPGLSDDANNPTFVQSSHYSVNTLQSEQLSDPFTYGFFKI
CREL_00020,CREL,,587,P15307,C-Rel proto-oncogene protein; Short=C-Rel protein.,Mus musculus (house mouse),10090,,Rel,585812,,,"IPR013783,IPR014756,IPR002909,IPR000451,IPR008967,IPR011539",,P15307,MASSGYNPYVEIIEQPRQRGMRFRYKCEGRSAGSIPGERSTDNNRTYPSVQIMNYYGKGKIRITLVTKNDPYKPHPHDLVGKDCRDGYYEAEFGPERRPLFFQNLGIRCVKKKEVKGAIILRISAGINPFNVGEQQLLDIEDCDLNVVRCVFMFFLPDEDGNFTTALPPIVSNPIYDNRAPNTAELRICRVNKNCGSVRGGDEIFLLCDKVQKDDIEVRFVLNDWEARGVFSQADVHRQVAIVFKTPPYCKAILEPVTVKMQLRRPSDQEVSESMDFRYLPDEKDAYGNKSKKQKTTLIFQKLLQDCGHFTEKPRTAPLGSTGEGRFIKKESNLFSHGTVLPEMPRSSGVPGQAEPYYSSCGSISSGLPHHPPAIPSVAHQPTSWPPVTHPTSHPVSTNTLSTFSAGTLSSNSQGILPFLEGPGVSDLSASNSCLYNPDDLARMETPSMSPTDLYSISDVNMLSTRPLSVMAPSTDGMGDTDNPRLVSINLENPSCNARLGPRDLRQLHQMSPASLSAGTSSSSVFVSQSDAFDRSNFSCVDNGLMNEPGLSDDANNPTFVQSSHYSVNTLQSEQLSDPFTYGFFKI
CREL_00021,CREL,,648,ABP35927,c-rel -Siniperca chuatsi .,Siniperca chuatsi (Chinese perch),119488,,,145203019,,,,,A4ZWB6,MDVLMPSMLADDPHLMPEPAMQIFEQPKQRGMRFRYKCEGRSAGSIPGEKSSDNNRTYPSLQILNYCGKGKVRVYLVTKNEPYRPHPHDLVGKDCKDGFYEAEFGPDRRVIAFQNLGIQCVRRREVKDAIVQRITRGINPFNVPREQLLQTEEYDLNVVRLCIQVFLQDENGHYTRPLNPIVTNPIYDNRAPNTAELRICRVNRNSGSVKGGDEIFLLCDKVQKDDIEVRFFSSDGWEAKGSFSQADVHRQVAIVFKTPSYYNTSITESVTVQMQLRRPSDQEVSEPMDFRYLPDDKDPYGYNEKKRRRENLMRISGLSGGTFAGLAMNRPKAVPQSTMSHMRKDLSNMYLRQQPTSTMQQQPTAFNQPYQPGPQNVMMTSQAPNVPVSHSWANPNPALSMNTVTINPSGVMSNLSRPNSNRQQQSNRGPGYSHRVEHNSFENNTLPQLSMRDLQCLDTVPQAPGMSQSESQPLFHLQHQRGELTSETRAQNHLGNQNQGLQSVWPNFNSPNPVQNTFNGSVPGGGGGSQGLGSFPFLQGMEGEDFLKTLVGEGSQTGFQLKQEPQNTVGETHASLMQSPRESQGNTYTNLLPRPMSNGTIMDPMRQDGSGNTQPLKNLQNPYSNNGMAPEGHFSTLADWIKATQQSD
CREL_00022,CREL,,567,NP_001096177,v-rel reticuloendotheliosis viral oncogene homolog -Xenopus,Xenopus (Silurana) tropicalis (western clawed frog),8364,,rel,156717270,,,,,,MTAQHSQHGRLHTTFGLNEPYIEIFEQPRQRGMRYRYKCEGRCAGSILGETSTENNRTYPSIKIMNYTGKGILRITLVTKNEPYKPHPHDLVGKDCRDGYYELEFGSDRTVLCFQNLGIQCVRRKEVREAIHTRIMRKMNPFGVREDQLLTIEDYDLNVVRLCFQVFLPDEHGSYTRALPPVVSNPIYDNRAPNTAELRICRVNKNCGSVNGGDEIFLLCDKVQKDDIEVRFFTDNWEAKGTFGQADVHRQVAIVFKTPPFHRSITDAVTVKMQLRRPSDQEVSEPMDFRYLPDPEDPHGNKFKKQKTSEVMQKFKFEMQDRRDLNPPTFGVNPIKREHFTNSSGCGQRFLPMLPTKPACATYNNTTSPQSRVPKFNSNIQPSLSQLPVLNSAMQDNMHSTSTMNIMETLRTAPSQPNTHKLPYTEPTHPRPEVATSNTTSMFRPFFNYNVPSCPSVPCEIDLYKAPSNHMDISDIGQLTSAVNAPSISSLCNGVQPINIYSTQFSYHHAMSESRLPDTSGAPPHSTSMGHEIFSDIVQSDDNYISVESELDSILQNFGSSSEMLHD
