DIF_00001,DIF,,667,AAA28465,dif.,Drosophila melanogaster (fruit fly),7227,,dif,456038,,,,,,MFEEAFGDIQEIINASMELNGGATGGGSVAGAVGGGGAAHHILSQSTSLPVMPSHIPLHLQNQNMNQNLPEPSARSGPHLRIVEEPTSNIIRFRYKCEGRTAGSIPGMNSSSETGKTFPTIEVCNYDGPVIIVVSCVTSDEPFRQHPHWLVSKEEADACKSGIYQKKLPPEERRLVLQKVGIQCAKKLEMRDSLVERERRNIDPFNAKFDHKDQIDKINRYELRLCYQAFITVGNSKVPLDPIVSSPIYGKSSELTITRLCSCAATANGGDEIIMLCEKIAKDDIEVRFYETDKDGRETWFANAEFQPTDVFKQMAIAFKTPRYRNTEITQSVNVELKLVRPSDGATSAPLPFEYYPNPELLTKHNRRVAQKTVESLKRSLMSTNLHPSKQVKTSSQYTIFSTPQIATTTPQTQVSPGMPLMFPGGSPNFVQDIKMENGFMDVDSQSSQCPSVERNFASPRSNCSTVDSIPPMQMGQNQTHLYLPDATNFTFNGNFASPSSNCSTVDSIPPFQIGQRNNHMYLPENSNFPVNGCSPTHFSGGSMTPINNNNNVLINNNNNDFLSQKMSAISIPPQGNFGIKQVYQQTQQFLPQLQPESIPYLAQSHPEQSQYQQQQQPQEQQPPADEPTQSFSDLISSSIGMAPIDTSELIQDIEAELNSLGIQPFK
DIF_00002,DIF,,667,AAF53608,"Dorsal-related immunity factor, isoform A -Drosophila",Drosophila melanogaster (fruit fly),7227,2L,Dif,7298383,,,,,,MFEEAFGDIQEIINASMELNGGATGGGSVAGAVGGGGAAHHILSQSTSLPVMPSHIPLHLQNQNMNQNLPEPSARSGPHLRIVEEPTSNIIRFRYKCEGRTAGSIPGMNSSSETGKTFPTIEVCNYDGPVIIVVSCVTSDEPFRQHPHWLVSKEEADACKSGIYQKKLPPEERRLVLQKVGIQCAKKLEMRDSLVERERRNIDPFNAKFDHKDQIDKINRYELRLCYQAFITVGNSKVPLDPIVSSPIYGKSSELTITRLCSCAATANGGDEIIMLCEKIAKDDIEVRFYETDKDGRETWFANAEFQPTDVFKQMAIAFKTPRYRNTEITQSVNVELKLVRPSDGATSAPLPFEYYPNPELLTKHNRRVAQKTVESLKRSLMSTNLHPSKQVKTSSQYTIFSKPQIATTTPQTQVSPGMPLMFPGGSPNFVQDIKMENGFMDVDSQSSQCPSVERNFASPRSNCSTVDSIPPMQMGQNQTHLYLPDATNFTFNGNFASPSSNCSTVDSIPPFQIGQRNNHMYLPENSNFPVNGCSPTHFSGGSMTPINNNNNVLINNNNNDFLSQKMSAISIPPQGNFGIKQVYQQTQQFLPQLQPESIPYLAQSHPEQSQYQQQQQPQEQQPPADEPTQSFSDLISSSIGMAPIDTSELIQDIEAELNSLGIQPFK
DIF_00003,DIF,,304,AAI22084,Dif-1 protein -Xenopus tropicalis .,Xenopus (Silurana) tropicalis (western clawed frog),8364,,dif-1,112419106,,,,,,SMAINSKTQTAPPVKNVIAGGIGGMCLILAGQPLDTIKVNLQTQPSPALGQQPLYNSTLHCFSKIIAREGIRGLYRGMGAPLAVVTPIMSITFVGFGLGKSLQQTSPDSILRSWQVFVAGMLAGLSSTVLMAPGERIKCLLQVQSVTLKKTFQGPLDCAQTLYRELGIRGLYRGTLLTLIRDVPSTGVYFMSYEWMKEKMRGERSSARELRATEILLAGGVAGMCNWLVAIPADVLKSRFQTAPENHYKNILEVLREVLHSEGPCGLYRGFTAAMLRAFPANAACFLGFEASMSFLNWLIPETV
DIF_00004,DIF,,853,AAL56589,DifE protein -Myxococcus xanthus DK 1622 .,Myxococcus xanthus DK 1622,246197,,,18030050,,,,,,MSRYLGLFISEATDHLEALGRDLVELEREGSSSAVDSMFRHAHSVKGMASSMGFEPIAIVAHRVEDLVDAVRQDRGRLDRDLVDLLLTAADTMLAQVRAVAEGKQPDDSAALLTQLSQRVTTMTGQAPAATRVAKVTALKPEGGGSDGTGGGSDGSGTAGGSGTAGGSGTTGGAGGSGTTGGGSDGSGTTGGGPDGSGTAGGAGGSSGTTGGAGGGSGTAGGAGGSGPTGAGASPASTHGGGAAGSGTRSCVDGGSGAAGGSASPGVASGTGVDGAGPGPASPNLMNGGPGTSATSSAPNGAHGTSAPLSPDGATGGVVVPLSTRRASDVPGTDAGSAAPTPDLANSLKAAASAPLPETLAQRWAVRLRIAPTCQVPGVRAFLVHKRLTNLGTLVELRPALEELKAGRIPDGNIQLELETPAGEAGIHAALKNVAEVEVLSVKPAVAAPVVQPTLVPVPDGARASSDTASRTVRVRTELLDYFLDTVGELMLATARLREVGKVLPENTRPALEEGVYRLHTLVKDLHDKVMTARMTPLSLITDRLPRAARDIARRKEREVDLVITGAEIELDRAILEELSDPLLHLLRNCIDHGLEAPEDRAAAKKGPRGRVLVAVKRARDRVIIELEDDGRGMDPAKLKNAAVSRGLLSAEAAVRLTDREAFMLSCLPGVSTAKDITDISGRGVGMDAVKRVVENVGGTLEIDSERGRGTRFTLRLPLTVAVVHLLLVEVGEEVFGLPIAKVVGATEADGESLSRSRETALLPHGNSLLPVHSLDALVGVPAPRRLGARPFVVMDGDSGRVALAVDRLLGQEEVVLKPLSRPLDLLPGLSGVTILGSGRPVFILDVPRLLSA
DIF_00005,DIF,,667,AAN10989,"Dorsal-related immunity factor, isoform B -Drosophila",Drosophila melanogaster (fruit fly),7227,2L,Dif,22946713,,,,,,MFEEAFGDIQEIINASMELNGGATGGGSVAGAVGGGGAAHHILSQSTSLPVMPSHIPLHLQNQNMNQNLPEPSARSGPHLRIVEEPTSNIIRFRYKCEGRTAGSIPGMNSSSETGKTFPTIEVCNYDGPVIIVVSCVTSDEPFRQHPHWLVSKEEADACKSGIYQKKLPPEERRLVLQKVGIQCAKKLEMRDSLVERERRNIDPFNAKFDHKDQIDKINRYELRLCYQAFITVGNSKVPLDPIVSSPIYGKSSELTITRLCSCAATANGGDEIIMLCEKIAKDDIEVRFYETDKDGRETWFANAEFQPTDVFKQMAIAFKTPRYRNTEITQSVNVELKLVRPSDGATSAPLPFEYYPNPELLTKHNRRVAQKTVESLKRSLMSTNLHPSKQVKTSSQYTIFSKPQIATTTPQTQVSPGMPLMFPGGSPNFVQDIKMENGFMDVDSQSSQCPSVERNFASPRSNCSTVDSIPPMQMGQNQTHLYLPDATNFTFNGNFASPSSNCSTVDSIPPFQIGQRNNHMYLPENSNFPVNGCSPTHFSGGSMTPINNNNNVLINNNNNDFLSQKMSAISIPPQGNFGIKQVYQQTQQFLPQLQPESIPYLAQSHPEQSQYQQQQQPQEQQPPADEPTQSFSDLISSSIGMAPIDTSELIQDIEAELNSLGIQPFK
DIF_00006,DIF,,208,AAQ64900,Dif -Drosophila simulans .,Drosophila simulans,7240,,,34334827,,,,,,PSARSGPHLRIVEEPTSNIIRFRYKCEGRTAGSIPGMNSSSETGKTFPTIEVCNYDGPVIIVVSCVTSDEPFRQHPHWLVSKEEADACKSGIYQKRLPPEERRLVLQKVGIQCAKKLEMRDSLVEREKRNIDPFNAKFDHKDQIDKINRYELRLCYQAFITVGNSKVPLDPIVSSPIYGKSSELTITRLCSCAASANGGNEIIMLCEK
DIF_00007,DIF,,208,AAQ64901,Dif -Drosophila simulans .,Drosophila simulans,7240,,,34334829,,,,,,PSARSGPHLRIVEEPTSNIIRFRYKCEGRTAGSIPGMNSSSETGKTFPTIEVCNYDGPVIIVVSCVTSDEPFRQHPHWLVSKEEADACKSGIYQKRLPPEERRLVLQKVGIQCAKKLEMRDSLVEREKRNIDPFNAKFDHKDQIDKINRYELRLCYQAFITVGNSKVPLDPIVSSPIYGKSSELTITRLCSCAASANGGNEIIMLCEK
DIF_00008,DIF,,208,AAQ64902,Dif -Drosophila simulans .,Drosophila simulans,7240,,,34334831,,,,,,PSARSGPHLRIVEEPTSNIIRFRYKCEGRTAGSIPGMNSSSETGKTFPTIEVCNYDGPVIIVVSCVTSDEPFRQHPHWLVSKEEADACKSGIYQKRLPPEERRLVLQKVGIQCAKKLEMRDSLVEREKRNIDPFNAKFDHKDQIDKINRYELRLCYQAFITVGNSKVPLDPIVSSPIYGKSSELTITRLCSCAASANGGNEIIMLCEK
DIF_00009,DIF,,208,AAQ64903,Dif -Drosophila simulans .,Drosophila simulans,7240,,,34334833,,,,,,PSARSGPHLRIVEEPTSNIIRFRYKCEGRTAGSIPGMNSSSETGKTFPTIEVCNYDGPVIIVVSCVTSDEPFRQHPHWLVSKEEADACKSGIYQKRLPPEERRLVLQKVGIQCAKKLEMRDSLVEREKRNIDPFNAKFDHKDQIDKINRYELRLCYQAFITVGNSKVPLDPIVSSPIYGKSSELTITRLCSCAASANGGNEIIMLCEK
DIF_00010,DIF,,208,AAQ64904,Dif -Drosophila simulans .,Drosophila simulans,7240,,,34334835,,,,,,PSARSGPHLRIVEEPTSNIIRFRYKCEGRTAGSIPGMNSSSETGKTFPTIEVCNYDGPVIIVVSCVTSDEPFRQHPHWLVSKEEADACKSGIYQKRLPPEERRLVLQKVGIQCAKKLEMRDSLVEREKRNIDPFNAKFDHKDQIDKINRYELRLCYQAFITVGNSKVPLDPIVSSPIYGKSSELTITRLCSCAASANGGNEIIMLCEK
DIF_00011,DIF,,208,AAQ64905,Dif -Drosophila simulans .,Drosophila simulans,7240,,,34334837,,,,,,PSARSGPHLRIVEEPTSNIIRFRYKCEGRTAGSIPGMNSSSETGKTFPTIEVCNYDGPVIIVVSCVTSDEPFRQHPHWLVSKEEADACKSGIYQKRLPPEERRLVLQKVGIQCAKKLEMRDSXVEREKRNXDPFNAKFDHKDQIDKINRYELRLCYQAFITVGNSKVPLDPIVSSPIYGKSSELTITRLCSCAASANGGNEIIMLCEK
DIF_00012,DIF,,208,AAQ64906,Dif -Drosophila simulans .,Drosophila simulans,7240,,,34334839,,,,,,PSARSGPHLRIVEEPTSNIIRFRYKCEGRTAGSIPGMNSSSETGKTFPTIEVCNYDGPVIIVVSCVTSDEPFRQHPHWLVSKEEADACKSGIYQKRLPPEERRLVLQKVGIQCAKKLEMRDSLVEREKRNIDPFNAKFDHKDQIDKINRYELRLCYQAFITVGNSKVPLDPIVSSPIYGKSSELTITRLCSCAASANGGNEIIMLCEK
DIF_00013,DIF,,208,AAQ64907,Dif -Drosophila simulans .,Drosophila simulans,7240,,,34334841,,,,,,PSARSGPHLRIVEEPTSNIIRFRYKCEGRTAGSIPGMNSSSETGKTFPTIEVCNYDGPVIIVVSCVTSDEPFRQHPHWLVSKEEADACKSGIYQKRLPPEERRLVLQKVGIQCAKKLEMRDSLVEREKRNIDPFNAKFDHKDQIDKINRYELRLCYQAFITVGNSKVPLDPIVSSPIYGKSSELTITRLCSCAASANGGNEIIMLCEK
DIF_00014,DIF,,225,AAQ64908,Dif -Drosophila simulans .,Drosophila simulans,7240,,,34334843,,,,,,QYTIFPTPQIATTAPQTQLSPGMPLMFPGGSPNFVQDIKMENGFMDVDSRSSQCPSVERNFASPRSNCSTVDSIPPMQLGQNQTHLYLPDATNFAFNGNFASPQSNCSTVDSIPPFQIGQRNNHLYLPENSNFPVNGCSPTHFSGGTMTPINNNNNVLINNNNNDFLSQKMSAISIPPQGDFGIKQVYQQTQQFLPQSQPESIPFLAQSHPEQSQYQQQQQQPPA
DIF_00015,DIF,,225,AAQ64909,Dif -Drosophila simulans .,Drosophila simulans,7240,,,34334845,,,,,,QYTIFPTPQIATTAPQTQLSPGMPLMFPGGSPNFVQDIKMENGFMDVDSRSSQCPSVERNFASPRSNCSTVDSIPPMQLGPNQTHLYLPDATNFAFNGNFASPQSNCSTVDSIPPFQIGQRNNHLYLPENSNFPVNGCSPTHFSGGTMTPINNNNNLLINNNNNDFLSQKMSAISIPPQGDFGIKQVYQQTQQFLPQSQPESIPFLAQSHPEQSQYQQQQQQPPA
DIF_000016,DIF,,225,AAQ64910,Dif -Drosophila simulans .,Drosophila simulans,7240,,,34334847,,,,,,QYTIFPTPQIATTAPQTQLSPGIPLMFPGGSPNFVQDIKMENGFMDVDSRSSQCPSVERNFASPRSNCSTVDSIPPMQLGQNQTHLYLPDATNFAFNGNFASPQSNCSTVDSIPPFQIGQRNNHLYLPENSNFPINGXSPTHFSGGTMTPINNNNNVLINNNNNDFLSQKMSAISIPPQGDFGIKQVYQQTQQFLPQSQPESIPFLAQSHPEQSQYQQQQQQPPA
DIF_000017,DIF,,225,AAQ64911,Dif -Drosophila simulans .,Drosophila simulans,7240,,,34334849,,,,,,QYTIFPTPQIATTAPQTQLSPGMPLMFPGGSPNFVQDIKMENGFMDVDSRSSQCPSVERNFASPRSNCSTVDSIPPMQLGQNQTHLYLPDATNFAFNGNFASPQSNCSTVDSIPPFQIGQRNNHLYLPENSNFPVNGCSPTHFSGGTMTPINNNNNVLINNNNNDFLSQKMSAISIPPQGDFGIKQVYQQTQQFLPQSQPESIPFLAQSHPEQSQYQQQQQQPPA
DIF_000018,DIF,,225,AAQ64912,Dif -Drosophila simulans .,Drosophila simulans,7240,,,34334851,,,,,,QYTIFPTPQIATTAPQTQLSPGMPLMFPGGSPNFVQDIKMENGFMDVDSRSSQCPSVERNFASPRSNCSTVDSIPPMQLGQNQTHLYLPDATNFAFNGNFASPQSNCXTVDSIPPFQIGQRNNHLYLPENSNFPVNGCSPTHFSGGTMTPINNNNNVLINNNNNDFLSQKMSAISIPPQXDFGIKQVYQQTQQFLPQSQPXSIPFLAQSHPEQSQYQQQQQQPPA
DIF_000019,DIF,,225,AAQ64913,Dif -Drosophila simulans .,Drosophila simulans,7240,,,34334853,,,,,,QYTIFPTPQIATTAPQTQLSPGIPLMFPGGSPNFVQDIKMENGFMDVDSRSSQCPSVERNFASPRSNCSTVDSIPPMQLGQNQTHLYLPDATNFAFNGNFASPQSNCSTVDSIPPFQIGQRNNHLYLPENSNFPVNGCSPTHFSGGTMTPINNNNNVLINNNNNDFLSQKMSAISIPPQGDFGIKQVYQQTQQFLPQSQPESIPFLAQSHPEQSQYQQQQQQPPA
DIF_000020,DIF,,225,AAQ64914,Dif -Drosophila simulans .,Drosophila simulans,7240,,,34334855,,,,,,QYTIFPTPQIATTAPQTQLSPGMPLMFPGGSPNFVQDIKMENGFMDVDSRSSQCPSVERNFASPRSNCSTVDSIPPMQLGQNQTHLYLPDATNFAFNGNFASPQSNCSTVDSIPPFQIGQRNNHLYLPENSNFPVNGCSPTHFSGGTMTPINNNNNVLINNNNNDFLSQKMSAISIPPQGDFGIKQVYQQTQQFLPQSQPESIPFLAQSHPEQSQYQQQQQQPPA
DIF_000021,DIF,,225,AAQ64915,Dif -Drosophila simulans .,Drosophila simulans,7240,,,34334857,,,,,,QYTIFPTPQIATTAPQTQLSPGMPLMFPGGSPNFVQDIKMENGFMDVDSRSSQCPSVERNFASPRSNCSTVDSIPPMQLGQNQTHLYLPDATNFAFNGNFASPQSNCSTVDSIPPFQIGQRNNHLYLPENSNFPVNGCSPTHFSGGTMTPINNNNNVLINNNNNDFLSQKMSAISIPPQGDFGIKQVYQQTQQFLPQSQPESIPFLAQSHPEQSQYQQQQQQPPA
DIF_000022,DIF,,222,AAQ65066,Dif -Drosophila yakuba .,Drosophila yakuba,7245,,,34335130,,,,,,PSARSGPHLRIVEEPTSNIIRFRYKCEGRTAGSIPGMNSCSETGKTFPTIEVCNYDGPVIIVVSCVTSDEPFRQHPHWLVSKEEADACKSGIYQKKLPPEERRLVLQKVGIQCAKKLEMRDSLVEREKRNIDPFNAKFDHKDQIDKINRYELRLCYQAFITVGNSKVPLDPIVSSPIYGKSSELTITRLCSCAASANGGNEIIMLCEKIAKDDIEVRFYETA
DIF_000023,DIF,,227,AAQ65067,Dif -Drosophila yakuba .,Drosophila yakuba,7245,,,34335131,,,,,,QYTIFPTPQITTTAPQTQLSXGIPLMFPGGSPNFVQDIKMENGFMDVDSRSSQCPLVERNFASPRSNCSTVXSIPPMQLGXNXTHLYLYLPDATNFAFNGNFASPQSNCSTVXSIPPFQIGQRNNHLYVPENSNFPVNGCSPTHFSGGTMTPINNNNNVLINNNNNDFLSQKMXAISIPPQGDFGIKQVYQQTQQFLPQSQPESIPFLAQSHPEQSQYQQQQQQPXA
DIF_000024,DIF,,622,EDW90181,Dif -Drosophila yakuba .,Drosophila yakuba,7245,2R,DyakDif,194176570,,,,,,MFEEAFGDLEEIINGENGGAIGESNVAGAVGRGGASHSMISPSFSLPVMPVMPQMSLTPRNLLEPNEGDPQLRIVEQPTGNVIRFRYECEGRTAGSIPGKNSKSNCKTFPTVEVLNYHGKVTIIVSCVTSNMPYRQHPHCLVSKEEADACKSGVYQKILQPEERRLVLQKVGIKCVKKSDMFESLAVRQRRGIDPFNAKFDHMDHVDKINRYELRLCFQAFITVDKKKVPLKPIVSSPIHGKSYELTIIRLCSCAATANGGDDIIMLCDNITKDDIEVHFYETDEDGRETWIAKADFKSTDVFRQMAIAFKTPRYRNTEITKSVYVNLKLVRPSDGATSSPLLFEYFPNPELLTMHNRRIAQKTVENLKRSLETTDFYSNIYPSKLVKPSSQYPTPQIVTTAPQTEVSPGMPLIFPSSSPKFEQAIKIENGFPDFDSQCPSVNSNFPSPTSNNNSILPMQIVQQPNHFYGNFASPQFNDNQINYQIGKSNNPLYLPENPSFIANDGSTTKFSGGSMTPINDNNTLVNNNNNDILSRKLGAISLPPQGYFGIEQTLQIQPQLPEPIQNVDHTHDETQVNQQNQLQTPSFSDLITSSIDMAPIDTDELIRGIEEDLNFLGLQKP
DIF_00025,DIF,,662,EDX05310,Dif -Drosophila simulans .,Drosophila simulans,7240,2L,DsimDif,194191734,,,,,,MFEDAFGDIQEIINASMELNGGATGGGTVAGAVGGGGGAHHILSQSTSLPVMPSHIPLHLQNQNMNQNLPEPSARSGPHLRIVEEPTSNIIRFRYKCEGRTAGSIPGMNSSSETGKTFPTIEVCNYDGPVIIVVSCVTSDEPFRQHPHWLVSKEEADACKSGIYQKRLPPEERRLVLQKVGIQCAKKLEMRDSLVEREKRNIDPFNAKFDHKDQIDKINRYELRLCYQAFITVGNSKVPLDPIVSSPIYGNSSELTITRLCSCAASANGGNEIIMLCEKIAKDDIEVRFYETDKDGRETWYANAEFQPTDVFKQMAIAFKTPRYRNTEITQSVNVELKLVRPSDGATSAPLPFEYYPNPELLTKHHRRVAQKTVESLKRSLMSTNLHPSKQVKTSSQYTIFPTPQIATTAPQTQLSPGMPLMFPGGSPNFVQDIKMENGFMDVDSRSSQCPSVERNFASPRSNCSTVDSIPPMQLGQNQTHLYLPDATNFAFNGNFASPQSNCSTVDSIPPFQIGQRNNHLYLPENSNFPVNGCSPTHFSGGTMTPINNNNNVLINNNNNDFLSQKMSAISIPPQADFGIKQVYQQTQQFLPQSQPESIPFLAQSHPEQSQYQQQQQQPPADEPIQSFSDLISSVATMPIDNSELIQDIEAELNSLGIQPFK
DIF_00026,DIF,,667,NP_523589,"Dorsal-related immunity factor, isoform A -Drosophila",Drosophila melanogaster (fruit fly),7227,2L,Dif,24584816,,,,,,MFEEAFGDIQEIINASMELNGGATGGGSVAGAVGGGGAAHHILSQSTSLPVMPSHIPLHLQNQNMNQNLPEPSARSGPHLRIVEEPTSNIIRFRYKCEGRTAGSIPGMNSSSETGKTFPTIEVCNYDGPVIIVVSCVTSDEPFRQHPHWLVSKEEADACKSGIYQKKLPPEERRLVLQKVGIQCAKKLEMRDSLVERERRNIDPFNAKFDHKDQIDKINRYELRLCYQAFITVGNSKVPLDPIVSSPIYGKSSELTITRLCSCAATANGGDEIIMLCEKIAKDDIEVRFYETDKDGRETWFANAEFQPTDVFKQMAIAFKTPRYRNTEITQSVNVELKLVRPSDGATSAPLPFEYYPNPELLTKHNRRVAQKTVESLKRSLMSTNLHPSKQVKTSSQYTIFSKPQIATTTPQTQVSPGMPLMFPGGSPNFVQDIKMENGFMDVDSQSSQCPSVERNFASPRSNCSTVDSIPPMQMGQNQTHLYLPDATNFTFNGNFASPSSNCSTVDSIPPFQIGQRNNHMYLPENSNFPVNGCSPTHFSGGSMTPINNNNNVLINNNNNDFLSQKMSAISIPPQGNFGIKQVYQQTQQFLPQLQPESIPYLAQSHPEQSQYQQQQQPQEQQPPADEPTQSFSDLISSSIGMAPIDTSELIQDIEAELNSLGIQPFK
DIF_00027,DIF,,667,NP_724050,"Dorsal-related immunity factor, isoform B -Drosophila",Drosophila melanogaster (fruit fly),7227,2L,Dif,24584818,,,,,,MFEEAFGDIQEIINASMELNGGATGGGSVAGAVGGGGAAHHILSQSTSLPVMPSHIPLHLQNQNMNQNLPEPSARSGPHLRIVEEPTSNIIRFRYKCEGRTAGSIPGMNSSSETGKTFPTIEVCNYDGPVIIVVSCVTSDEPFRQHPHWLVSKEEADACKSGIYQKKLPPEERRLVLQKVGIQCAKKLEMRDSLVERERRNIDPFNAKFDHKDQIDKINRYELRLCYQAFITVGNSKVPLDPIVSSPIYGKSSELTITRLCSCAATANGGDEIIMLCEKIAKDDIEVRFYETDKDGRETWFANAEFQPTDVFKQMAIAFKTPRYRNTEITQSVNVELKLVRPSDGATSAPLPFEYYPNPELLTKHNRRVAQKTVESLKRSLMSTNLHPSKQVKTSSQYTIFSKPQIATTTPQTQVSPGMPLMFPGGSPNFVQDIKMENGFMDVDSQSSQCPSVERNFASPRSNCSTVDSIPPMQMGQNQTHLYLPDATNFTFNGNFASPSSNCSTVDSIPPFQIGQRNNHMYLPENSNFPVNGCSPTHFSGGSMTPINNNNNVLINNNNNDFLSQKMSAISIPPQGNFGIKQVYQQTQQFLPQLQPESIPYLAQSHPEQSQYQQQQQPQEQQPPADEPTQSFSDLISSSIGMAPIDTSELIQDIEAELNSLGIQPFK
DIF_00028,DIF,,667,P98149,Dorsal-related immunity factor Dif.,Drosophila melanogaster (fruit fly),7227,,Dif,14286102,,,,,,MFEEAFGDIQEIINASMELNGGATGGGSVAGAVGGGGAAHHILSQSTSLPVMPSHIPLHLQNQNMNQNLPEPSARSGPHLRIVEEPTSNIIRFRYKCEGRTAGSIPGMNSSSETGKTFPTIEVCNYDGPVIIVVSCVTSDEPFRQHPHWLVSKEEADACKSGIYQKKLPPEERRLVLQKVGIQCAKKLEMRDSLVERERRNIDPFNAKFDHKDQIDKINRYELRLCYQAFITVGNSKVPLDPIVSSPIYGKSSELTITRLCSCAATANGGDEIIMLCEKIAKDDIEVRFYETDKDGRETWFANAEFQPTDVFKQMAIAFKTPRYRNTEITQSVNVELKLVRPSDGATSAPLPFEYYPNPELLTKHNRRVAQKTVESLKRSLMSTNLHPSKQVKTSSQYTIFSKPQIATTTPQTQVSPGMPLMFPGGSPNFVQDIKMENGFMDVDSQSSQCPSVERNFASPRSNCSTVDSIPPMQMGQNQTHLYLPDATNFTFNGNFASPSSNCSTVDSIPPFQIGQRNNHMYLPENSNFPVNGCSPTHFSGGSMTPINNNNNVLINNNNNDFLSQKMSAISIPPQGNFGIKQVYQQTQQFLPQLQPESIPYLAQSHPEQSQYQQQQQPQEQQPPADEPTQSFSDLISSSIGMAPIDTSELIQDIEAELNSLGIQPFK
DIF_00029,DIF,,312,Q27257,Protein dif-1.,Caenorhabditis elegans,6239,,dif-1,21542027,,,,,,MSDVLLNFIAGGVGGSCTVIVGHPFDTVKVRIQTMPMPKPGEKPQFTGALDCVKRTVSKEGFFALYKGMAAPLVGVSPLFAVFFGGCAVGKWLQQTDPSQEMTFIQNANAGALAGVFTTIVMVPGERIKCLLQVQQAGSAGSGVHYDGPLDVVKKLYKQGGISSIYRGTGATLLRDIPASAAYLSVYEYLKKKFSGEGAQRTLSPGATLMAGGLAGIANWGVCIPADVLKSRLQTAPEGKYPDGIRGVLREVLREEGPRALFKGFWPVMLRAFPANAACFFGLELTLAAFRYFGIGGHPTPSTEVVPLPHDE
