DORSAL_00001,DORSAL,,51,A33756,dorsal protein - fruit fly (Drosophila melanogaster)  (fragment).,Drosophila melanogaster (fruit fly),7227,,,103138,,,,,,TSPQPFGLSYRAPPELTPSPQPLSPSSNYNHNSTPSPYNMASAVTPTNGQQ
DORSAL_00002,DORSAL,,678,AAA28479,dorsal protein.,Drosophila melanogaster (fruit fly),7227,,,157283,,,,,,MFPNQNNGAAPGQGPAVDGQQSLNYNGLPAQQQQQLAQSTKNVRKKPYVKITEQPAGKALRFRYECEGRSAGSIPGVNSTPENKTYPTIEIVGYKGRAVVVVSCVTKDTPYRPHPHNLVGKEGCKKGVCTLEINSETMRAVFSNLGIQCVKKKDIEAALKAREEIRVDPFKTGFSHRFQPSSIDLNSVRLCFQVFMESEQKGRFTSPLPPVVSEPIFDKKAMSDLVICRLCSCSATVFGNTQIILLCEKVAKEDISVRFFEEKNGQSVWEAFGDFQHTDVHKQTAITFKTPRYHTLDITEPAKVFIQLRRPSDGVTSEALPFEYVPMDSDPAHLRRKRQKTGGDPMHLLLQQQQKQQLQNDHQDGRQTNMNCWNTQNIPPIKTEPRDTSPQPFGLSYRAPPELTPSPQPLSPSSNYNHNSTPSPYNMASAVTPTNGQQQLMSPNHPQQQQQQQQYGATDLGSNYNPFAQQVLAQQQQHQQQQQQHQHQHQQQHQQQQQQQQQQQQQQSLQFHANPFGNPGGNSWESKFSAAAVAAAAATATGAAPANGNSNNLSNLNNPFTMHNLLTSGGGPGNANNLQWNLTTNHLHNQHTLHQQQQLQQQQQQQYDNTAPTNNNANLNNNNNNNNTAGNQADNNGPTLSNLLSFDSGQLVHINSEDQQILRLNSEDLQISNLSIST
DORSAL_00003,DORSAL,,994,AAC35296,dorsal B -Drosophila melanogaster .,Drosophila melanogaster (fruit fly),7227,2,dl,3598784,10072776,,,,,MFPNQNNGAAPGQGPAVDGQQSLNYNGLPAQQQQQLAQSTKNVRKKPYVKITEQPAGKALRFRYECEGRSAGSIPGVNSTPENKTYPTIEIVGYKGRAVVVVSCVTKDTPYRPHPHNLVGKEGCKKGVCTLEINSETMRAVFSNLGIQCVKKKDIEAALKAREEIRVDPFKTGFSHRFQPSSIDLNSVRLCFQVFMESEQKGRFTSPLPPVVSEPIFDKKAMSDLVICRLCSCSATVFGNTQIILLCEKVAKEDISVRFFEEKNGQSVWEAFGDFQHTDVHKQTAITFKTPRYHTLDITEPAKVFIQLRRPSDGVTSEALPFEYVPMDSGKHTFWNLHRHLKRKPDEDLFQQILRLDAKREVQPPTIEVIDLDTPKIDVQREIPSEMEFNQEESQQSEPAFEQEQSSQQEQYTQEQSLQQEQYTQEQSLQQEQYTQEQSLQQEQYLQQLEQQQSFQLEEPMQQDQELPAQQSFDQAIDHLPDHTSDHIPEDMEAADAHAEAEAHRLRSEQEKEIDTIIDEKVRELEQLDLGQQLEPRPLTANDKITEWMKSSEIEQQVHEPSPTAEADVLDSALEISKADKTLDELLETVAELDEIYTDFKVQRDTYKNTIQNELAGLQGRAPLQVEDSFDDAATYTSLQIAFKNPVLIPMDDIMPPTPPMSQCAPEDAHQHYDPVEVNSQARKPETPMRPVPPVPPAILTIQYPPEEEQLPPLPPKRIRKQDSNAENRSIEANTVQTKPSTGESPLNKRLPPAPKNPNFNTLPRQKKPGFFSKLFSRRKSKPDLAQGQENSSILDSKANSREPSIGHFNMQDPMRASLRSSKSAAPFISNPAPAKSSPVKAKKPGSKLTKPVGRSVSSVSGKRPAYLNADVVHIPLKGDSVNSLPQQQRTEGYSQSSTISVGAGLDRRTASALQLADIPISEGGMELVAIADRQSLHNLVSSIEGHFNVQLDPNLDLTEAEHFALYTSIPPLAAPVNLTRPPPTMLPWMLARF
DORSAL_00004,DORSAL,,677,AAF53610,"dorsal, isoform B -Drosophila melanogaster .",Drosophila melanogaster (fruit fly),7227,2L,dl,7298385,,,,,,MFPNQNNGAAPGQGPAVDGQQSLNYNGLPAQQQQQLAQSTKNVRKKPYVKITEQPAGKALRFRYECEGRSAGSIPGVNSTPENKTYPTIEIVGYKGRAVVVVSCVTKDTPYRPHPHNLVGKEGCKKGVCTLEINSETMRAVFSNLGIQCVKKKDIEAALKAREEIRVDPFKTGFSHRFQPSSIDLNSVRLCFQVFMESEQKGRFTSPLPPVVSEPIFDKKAMSDLVICRLCSCSATVFGNTQIILLCEKVAKEDISVRFFEEKNGQSVWEAFGDFQHTDVHKQTAITFKTPRYHTLDITEPAKVFIQLRRPSDGVTSEALPFEYVPMDSDPAHLRRKRQKTGGDPMHLLLQQQQKQQLQNDHQDGRQTNMNCWNTQNIPPIKTEPRDTSPQPFGLSYRAPPELTPSPQPLSPSSNYNHNSTPSPYNMASAVTPTNGQQQLMSPNHPQQQQQQQQYGATDLGSNYNPFAQQVLAQQQQHQQQQQQHQHQHQQQHQQQQQQQQQQQQQSLQFHANPFGNPGGNSWESKFSAAAVAAAAATATGAAPANGNSNNLSNLNNPFTMHNLLTSGGGPGNANNLQWNLTTNHLHNQHTLHQQQQLQQQQQQQYDNTAPTNNNANLNNNNNNNNTAGNQADNNGPTLSNLLSFDSGQLVHINSEDQQILRLNSEDLQISNLSIST
DORSAL_00005,DORSAL,,677,AAF53611,"dorsal, isoform A -Drosophila melanogaster .",Drosophila melanogaster (fruit fly),7227,2L,dl,7298386,,,,,,MFPNQNNGAAPGQGPAVDGQQSLNYNGLPAQQQQQLAQSTKNVRKKPYVKITEQPAGKALRFRYECEGRSAGSIPGVNSTPENKTYPTIEIVGYKGRAVVVVSCVTKDTPYRPHPHNLVGKEGCKKGVCTLEINSETMRAVFSNLGIQCVKKKDIEAALKAREEIRVDPFKTGFSHRFQPSSIDLNSVRLCFQVFMESEQKGRFTSPLPPVVSEPIFDKKAMSDLVICRLCSCSATVFGNTQIILLCEKVAKEDISVRFFEEKNGQSVWEAFGDFQHTDVHKQTAITFKTPRYHTLDITEPAKVFIQLRRPSDGVTSEALPFEYVPMDSDPAHLRRKRQKTGGDPMHLLLQQQQKQQLQNDHQDGRQTNMNCWNTQNIPPIKTEPRDTSPQPFGLSYRAPPELTPSPQPLSPSSNYNHNSTPSPYNMASAVTPTNGQQQLMSPNHPQQQQQQQQYGATDLGSNYNPFAQQVLAQQQQHQQQQQQHQHQHQQQHQQQQQQQQQQQQQSLQFHANPFGNPGGNSWESKFSAAAVAAAAATATGAAPANGNSNNLSNLNNPFTMHNLLTSGGGPGNANNLQWNLTTNHLHNQHTLHQQQQLQQQQQQQYDNTAPTNNNANLNNNNNNNNTAGNQADNNGPTLSNLLSFDSGQLVHINSEDQQILRLNSEDLQISNLSIST
DORSAL_00006,DORSAL,,999,AAF53612,"dorsal, isoform C -Drosophila melanogaster .",Drosophila melanogaster (fruit fly),7227,2L,dl,7298387,,,,,,MFPNQNNGAAPGQGPAVDGQQSLNYNGLPAQQQQQLAQSTKNVRKKPYVKITEQPAGKALRFRYECEGRSAGSIPGVNSTPENKTYPTIEIVGYKGRAVVVVSCVTKDTPYRPHPHNLVGKEGCKKGVCTLEINSETMRAVFSNLGIQCVKKKDIEAALKAREEIRVDPFKTGFSHRFQPSSIDLNSVRLCFQVFMESEQKGRFTSPLPPVVSEPIFDKKAMSDLVICRLCSCSATVFGNTQIILLCEKVAKEDISVRFFEEKNGQSVWEAFGDFQHTDVHKQTAITFKTPRYHTLDITEPAKVFIQLRRPSDGVTSEALPFEYVPMDSGKHTFWNLHRHLKRKPDEDLFQQILRLDAKREVQPPTIEVIDLDTPKIDVQREIPSEMEFNHEESQQSEPALEQEQSVQQEQYTQEQSLQQEQYTQEQSLQQEQYLQQLEQQQSFQLEEPMQQDQELPAQQSFDQAIDHLPDHTSDHIPEDMEAADAHAEAEAHRLRSEQEKEIDTIIDEKVRELEQLDLGQQLEPRPLTANDKITEWMKSSEIEQQVHEPSPTAEADVLDSALEISKADKTLDELLETVAELDEIYTDFKVQRDTYKNTIQNELAGLQGRAPLQVEDSFDDAATYTSLQIAFKNPVLIPMDDIMPPTPPMSQCAPEDAHQHYDPVEVNSQARKPETPMRPVPPVPPAILTIQYPPEEDKLPPLPPKRIRKQDSNAENRSIEANTVQTKPSTGESPLNKRLPPAPKNPNFNTLPRQKKPGFFSKLFSRRKSKPDLAQGQENSSILDSKANSREPSIGHFNMQDPMRASLRSSKSAAPFISNPAPAKSSPVKAKKPGSKLTKPVGRSVSSVSGKRPAYLNADVVHIPLKGDSVNSLPQQQRTEGYSQSSTISVGAGLDRRTASALQLADIPISEGGMELVAIADRQSLHNLVSSIEGHFNVQLDPNLDLTEAEHFALYTSIPPLAAASEFDETSAYYAPVDAGEILTPDEVAKRLAAANGI
DORSAL_00007,DORSAL,,556,AAG22858,Dorsal -Tribolium castaneum .,Tribolium castaneum (red flour beetle),7070,,,11496169,,,,,,MDENHLEQTLENAGMPDESINISDVIEVIETDPDFHESTMFNGGGEIPQNIIQQQPQQARRRAFVKIIEQPASKALRFRYECEGRSAGSIPGASSTPENKTFPSIQVMGYQGRAVVVVSCVTKDEPFRPHPHNLVGREGCKKGVCTMEINSDTMCVTFSNLGIQCVKKKDIESALRLREEIKVDPFMTGFSHRNQPTSIDLNAVRLCFQVFLEGERRGKFTVPLTPVVSEPIYDKKAMSDLMIVKLSHCNSYVDGGRNEIILLCEKVAKEDIQVRFFEEKNGKVVWEGFGDFQPSQVHKQTAICFKAPRYHTLDITEPVKVFIQLRRPSDGATSEALPFELLPLDSEPGMLKRKRQKYHDPSQLLRHVEESDKQRTHQPFLLNIPSEGIKVEPRDKAPSPYGGQMFEAPIPNVSPHYVTPTPPEAPLFQNVLPPIGGMMNWNMPSTSVVGDMLNMNWNPSAQNDLSGVNLSETPSGISSLLNLDNQQLELKPIDLNSGDLSMLETNNLSETFTQNLSLMDESEGRQEPNMTDSLTRLANSALDNICQASDMYKGAP
DORSAL_00008,DORSAL,,602,AAP23055,dorsal protein -Apis mellifera .,Apis mellifera (honey bee),7460,,,30351106,,,,,,MEQFHDMSDGNIHMSDVIEVIETDTKYNGREDQIPREMNTERLLPYVEIIEQPASKALRFRYECEGRSAGSIPGVNSTSENKTFPTIKIVGYKGRALVVVSCVTKDQPYRPHPHNLVGKEACKQGVCTVEVSSENMTVTFANLGIQCVKKKDIEEALKIREEIRVDPFRTGFEHKRQPTSIDLNAVRLCFQVFLEGSQKRKFNVPLQPVVSDPIFDKKAMSDLVICKLSHSNASVAGGMEMILLCEKVAKEDIQVRFFEEKDGQVLWEGFGDFQPVHVHKQTAIAFRTPTYRMQQVEQPVQVYIQLKRPSDGATSEPFPFLMLPLGADDPDSLRRKRQKINNSQNALVLRHVQAEAEKHAAMLYQYNFNIIISEPTERISPYGYPIGSGGSFPSLYPMATTSPQSQSTIQTLRPQVSPDRTSPMEYRLYNPALIQSQPSPQYPSTSSHILQQPSIRTYTQQQFPYVHDTLQIQPQEQLTLSKVTSNYHEEFQSLNNAVGEMEATNVTNILSMDNTQYNLDLSLPQLDSTELADLDISLSENLSSGLSISDSTKPETSKGINAEPSNIEESNNMTDSFTRIANNTIQELYTLNNMYKPTREVD
DORSAL_00009,DORSAL,,810,AAP23056,dorsal protein splice variant B -Apis mellifera .,Apis mellifera (honey bee),7460,,,30351108,,,,,,MEQFHDMSDGNIHMSDVIEVIETDTKYNGREDQIPREMNTERLLPYVEIIEQPASKALRFRYECEGRSAGSIPGVNSTSENKTFPTIKIVGYKGRALVVVSCVTKDQPYRPHPHNLVGKEACKQGVCTVEVSSENMTVTFANLGIQCVKKKDIEEALKIREEIRVDPFRTGFEHKRQPTSIDLNAVRLCFQVFLEGSQKRKFNVPLQPVVSDPIFDKKAMSDLVICKLSHSNASVAGGMEMILLCEKVAKEDIQVRFFEEKDGQVLWEGFGDFQPVHVHKQTAIAFRTPTYRMQQVEQPVQVYIQLKRPSDGATSEPFPFLMLPLGAGRPAFWSLRKAFARKKTDYSSFGKILATEPTLFSNVTPKFPRNIDEYNNNDLDTKKWNNKISALRALNDLYNVKNTLDSYNGSMEINQNIAQNIDHAKNTIIDYRNNDLSINEEKRTIENEQLNRMYKSYPNYIDKETKDMNLEISTRPKSNTVENACVLKNTEIFKDKSDWFDYSEVSKWVQKGQICLKEKENEIDFKIEVTEDCNKSFNDLLTQVAELDQIYADTHAKLVQAAFEQNTTDQSMDIDVCDNQTYTSLQMAMKNPIEFTDLSNERKYEDVCVLKTDTNQSCPSPPVTTKRDGTQETEERLPPLPPKRIRKMPSMPLLPRPISCHTTPDSFIEAPNKTLPSLPSTLTKNSKQGLFSKLFAKKVKKDKDIILNVPKESTQSLTTTGNVSYLTTNNTSNNSQLQIPRASLVSTTSVKSLRLEGDETPPYGMELTEAEHYALYTAMAPHATASEFDEMSFYYSPVEDGKIYSEKKET
DORSAL_00010,DORSAL,,274,AAQ64916,dorsal -Drosophila simulans .,Drosophila simulans,7240,,,34334859,,,,,,AQQQQQLAQSTKNVRKKPYVKITEQPAGKALRFRYECEGRSAGSIPGVNSTPENKTYPTIEIVGYKGRAVVVVSCVTKDTPYRPHPHNLVGKEGCKKGVCTLEINSETMRAVFSNLGIQCVKKKDIEAALKAREEIRVDPFKTGFSHRFQPSSIDLNSVRLCFQVFMESEQKGRFTSPLPPVVSEPIFDKKAMSDLVICRLCSCSATVFGNTQIILLCEKVAKEDISVRFFEEKNGQSVWEAFGDFQHTDVHKQTAITFKTPRYHTLEITEPAK
DORSAL_00011,DORSAL,,274,AAQ64917,dorsal -Drosophila simulans .,Drosophila simulans,7240,,,34334861,,,,,,AQQQQQLAQSTKNVRKKPYVKITEQPAGKALRFRYECEGRSAGSIPGVNSTPENKTYPTIEIVGYKGRAVVVVSCVTKDTPYRPHPHNLVGKEGCKKGVCTLEINSETMRAVFSNLGIQCVKKKDIEAALKAREEIRVDPFKTGFSHRFQPSSIDLNSVRLCFQVFMESEQKGRFTSPLPPVVSEPIFDKKAMSDLVICRLCSCSATVFGNTQIILLCEKVAKEDISVRFFEEKNGQSVWEAFGDFQHTDVHKQTAITFKTPRYHTLEITEPAK
DORSAL_00012,DORSAL,,274,AAQ64918,dorsal -Drosophila simulans .,Drosophila simulans,7240,,,34334863,,,,,,AQQQQQLAQSTKNVRXKPYVKITEQPAGKALRFRYECXGRSAGSIPGVNSTPENKTYPTIEIVGYKGRAVVVVSCVTKDTPYRPHPHNLXGKEGXKKGVCTLEINSETMRAVFSNLGIQCVKKKDIEAALKAREEIRVDPFKTGFSHRFQPSSIDLNSVRLCFQVFMESEQKGRFTSPLPPVVSEPIFDKKAMSDLVICRLCSCSATVFGNTQIILLCEKVAKEDISVRFFEEKNGQSVWEAFGDFQHTDVHKQTAITFKTPRYHTLDITEPAK
DORSAL_00013,DORSAL,,274,AAQ64919,dorsal -Drosophila simulans .,Drosophila simulans,7240,,,34334865,,,,,,AQQQQQLAQSTKNVRKKPYVKITEQPAGKALRFRYECEGRSAGSIPGVNSTPENKTYPTIEIVGYKGRAVVVVSCVTKDTPYRPHPHNLVGKEGCKKGVCTLEINSETMRAVFSNLGIQCVKKKDIEAALKAREEIRVDPFKTGFSHRFQPSSIDLNSVRLCFQVFMESEQKGRFTSPLPPVVSEPIFDKKAMSDLVICRLCSCSATVFGNTQIILLCEKVAKEDISVRFFEEKNGQSVWEAFGDFQHTDVHKQTAITFKTPRYHTLEITEPAK
DORSAL_00014,DORSAL,,274,AAQ64920,dorsal -Drosophila simulans .,Drosophila simulans,7240,,,34334867,,,,,,AQQQQQLAQSTKNVRKKPYVKITEQPAGKALRFRYECEGRSAGSIPGVNSTPENKTYPTIEIVGYKGRAVVVVSCVTKDTPYRPHPHNLVGKEGCKKGVCTLEINSETMRAVFSNLGIQCVKKKDIEAALKAREEIRVDPFKTGFSHRFQPSSIDLNSVRLCFQVFMESEQKGRFTSPLPPVVSEPIFDKKAMSDLVICRLCSCSATVFGNTQIILLCEKVAKEDISVRFFEEKNGQSVWEAFGDFQHTDVHKQTAITFKTPRYHTLEITEPAK
DORSAL_00015,DORSAL,,274,AAQ64921,dorsal -Drosophila simulans .,Drosophila simulans,7240,,,34334869,,,,,,AQQQQQXAXSTKNVRKKPYVKITEQPAGKALRFRYECEGRSAGSIPGVNSTPENKTYPTIEIVGYKGRAVVVVSCVTKDTPYRPHPHNLVGKEGCKKGVCTLEINSETMRAVFSNLGIQCVKKKDIEAALKAREEIRVDPFKTGFSHRFQPSSIDLNSVRLCFQVFMESEQKGRFTSPLPPVVSEPIFDKKAMSDLVICRLCXCSATVFGNTQIILLCEXVAKEDISVRFFEEKNGQSVXEAFGDFQHTDVHKQTAITFKTPRYHTLDITXPAK
DORSAL_00016,DORSAL,,274,AAQ64922,dorsal -Drosophila simulans .,Drosophila simulans,7240,,,34334871,,,,,,AQQQQQLAQSTKNVRKKPYVKITEQPAGKALRFRYECEGRSAGSIPGVNSTPENKTYPTIEIVGYKGRAVVVVSCVTKDTPYRPHPHNLVGKEGCKKGVCTLEINSETMRAVFSNLGIQCVKKKDIEAALKAREEIRVDPFKTGFSHRFQPSSIDLNSVRLCFQVFMESEQKGRFTSPLPPVVSEPIFDKKAMSDLVICRLCSCSATVFGNTQIILLCEKVAKEDISVRFFEEKNGQSVWEAFGDFQHTDVHKQTAITFKTPRYHTLEITEPAK
DORSAL_00017,DORSAL,,274,AAQ64923,dorsal -Drosophila simulans .,Drosophila simulans,7240,,,34334873,,,,,,AQQQQQLAQSTKNVRKKPYVKITEQPAGKALRFRYECEGRSAGSIPGVNSTPENKTYPTIEIVGYKGRAVVVVSCVTKDTPYRPHPHNLVGKEGCKKGVCTLEINSETMRAVFSNLGIQCVKKKDIEAALKAREEIRVDPFKTGFSHRFQPSSIDLNSVRLCFQVFMESEQKGRFTSPLPPVVSEPIFDKKAMSDLVICRLCSCSATVFGNTQIILLCEKVAKEDISVRFFEEKNGQSVWEAFGDFQHTDVHKQTAITFKTPRYHTLEITEPAK
DORSAL_00018,DORSAL,,274,AAQ64924,dorsal -Drosophila simulans .,Drosophila simulans,7240,,,34334875,,,,,,QQLQNDHQDGRQTNMNCWNTQNIPPIKTEPRDTSPQPFGLSYRAPPELTPSPQPLSPSSNYNHNSTPSPYNMASAVTPTNGQQQLMSPNHPQQQQQQQQYGATDLGSNYNPFAQQVLAQQVLAQQQQHQQQQQQHQHQHQQQHQQQQQQQQSLQFHANPFGHPGGNSWESKFSAAAVAAAAATATGAAPANGNSNNLSNLNNAFNMQNLLTSGGGPGNANNLQWNLTPNHLHNQHTLHQQQQLQQQQQQQQYDNTAPSNNNNPNNGNANLNNNN
DORSAL_00019,DORSAL,,287,AAQ64925,dorsal -Drosophila simulans .,Drosophila simulans,7240,,,34334877,,,,,,DPMHLLLQQQQKQQLQNDHQDGRQTNMNCWNTQNIPPIKTEPRDTSPQPFGLSYRAPPELTPSPQPLSPSSNYNHNSTPSPYNMASAVTPTNGQQQLMSPNHPQQQQQQQQYGATDLGSNYNPFAQQVLAQQVLAQQQHEQQQQQQHEHQHQQQHQQQQQQQQQSLQFHANPFGHPGGNSWESKFSAAAVAAAAATATGAAPANGNSNNLSNLNNAFNMQNLLTSGGGPGNANNLQWNLTPNHLHNQHTLHQQQQLQQQQQQQQYDNTAPSNNNNPNNGNANLNNNN
DORSAL_00020,DORSAL,,280,AAQ64926,dorsal -Drosophila simulans .,Drosophila simulans,7240,,,34334879,,,,,,MHLLLQQQQKQQLQNDHQDGRQTNMNCWNTQNIPPIKTEPRDTSPQPFGLSYRAPPELTPSPQPLSPSSNYNHNSTPSPYNMASAVTPTNGQQQLMSPNHPQQQQQQQQYGATDLGSNYNPFAQQVLAQQVLAQQQHQQQQQQHQHQQHQQQQQQQQQSLQFHANPFGHPGGNSWESKFSAAAVAAAAATATGAAPANGNSNNLSNLNNAFNMQNLLTSGGGPGNANNLQWNLTPNHLHNQHTLHQQQQLQQQQQQQYDNTAPSNNNNPNNGNANLNNNN
DORSAL_00021,DORSAL,,279,AAQ64927,dorsal -Drosophila simulans .,Drosophila simulans,7240,,,34334881,,,,,,MHLLLQQQQKQQLQNDHQDGRQTNMNCWNTQNIPPIKTEPRDTSPQPFGLSYRAPPELTPSPQPLSPSSNYNHNSTPSPYNMASAVTPTNGQQQLMSPNHPQQQQQQQQYGATDLGGNYNPFAQQVLAQQVLAQQQQHEQQHQHQHQQQHQQQQQQQQQQSLQFHANPFGHPGGNSWESKFSAAAVAAAAATATGAAPANGNSNNLSNLNNAFNMQNLLTSGGGPGNANNLQWNLTPNHLHNQHTLHQQQQLQQQQYDNTAPSNNNNPNNGNANLNNNN
DORSAL_00022,DORSAL,,271,AAQ64928,dorsal -Drosophila simulans .,Drosophila simulans,7240,,,34334883,,,,,,KQXLQNDHQDGRQTNMXXXXXXXXXXIKTEPRDTSPXXXXXXXXXXXXXXXXXXXXXXXXXXXXXXXXXXXXXXXXXXXXXXXXXXXXXXXXXXXXXXXXXXXXXXXXXXXXXXXXXXXXXXXXXXXXXXXXXXXXXXXXXXQQQQQQSLQFHANPFGHPGGNSWESKFSAAAVAAAAATATGAAPANGNSNNLSNLNNAFNMQNLLTSGGGPGNANNLQWNLTPNHLHNQHTLHQQQQLQQQQQQQQYDNTAPSNNNNPNNGNANLNNNN
DORSAL_00023,DORSAL,,279,AAQ64929,dorsal -Drosophila simulans .,Drosophila simulans,7240,,,34334885,,,,,,MHLLLQQQQXQQLQNDHQDGRQTNMNCWNTXXXXXIKTEPRDTSPXXXXXXXXXXXXXXXXXXXXXXXXXXXXXXXXXXXXXXXXXXXXXXXXXXXXXXXXXXXXXXXXXXXXXXXXXXXXXXXXXXXXXXXXXXXXXXXXXXXXXXXXXXQQQQQQSLQFHANPFGHPGGNSWESKFSAAAVAAAAATATGAAPANGNSNNLSNLNNAFNMQNLLTSGGGPGNANNLQWNLTPNHLHNQHTLHQQQQLQQQQQQQYDNTAPSNNNNPNNGNANLNNNN
DORSAL_00024,DORSAL,,251,AAQ64930,dorsal -Drosophila simulans .,Drosophila simulans,7240,,,34334887,,,,,,QTNMNCWNTQNIPPIKTEPRDTSPQPFGLSYRAPPELTPSPQPLSPSSNYNHNSTPSPYNMASAVTPTNGQQQLMSPNHPQQQQQQQQYGATDLGSNYNPFAQQVLAQQQQHQQQQQQHQHQHQQQHQQQQQQQQSLQFHANPFGHPGGNSWESKFSAAAVAAAAATATGAAPANGNSNNLSNLNNAFNMQNLLTSGGGPGNANNLQWNLTPNHLHNQHTLHQQQQLQQQQQQQQYDNTAPSXXXNPNNGN
DORSAL_00025,DORSAL,,284,AAQ64931,dorsal -Drosophila simulans .,Drosophila simulans,7240,,,34334889,,,,,,DPMHLLLQQQQKQQLQNDHQDGRQTNMNCWNTQNIPPIKTEPRDTSPQPFGLSYRAPPELTPSPQPLSPSSNYNHNSTPSPYNMASAVTPTNGQQQLMSPNHPQQQQQQQQYGATDLGSNYNPFAQQVLAQQVLAQQQHQQQQQHQHQHQQQHQQQQQQQQQSLQFHANPFGHPGGNSWESKFSAAAVAAAAATATGAAPANGNSNNLSNLNNAFNMQNLLTSGGGPGNANNLQWNLTPNHLHNQHTLHQQQQLQQQQQQQYDNTASSNNNNPNNGNANLNNNN
DORSAL_00026,DORSAL,,273,AAQ65068,dorsal -Drosophila yakuba .,Drosophila yakuba,7245,,,34335141,,,,,,QHVMQLSQSTKNVRKKPYVKITEQPXGKALRFRYECEGRSAGSIPGVNSTPENKTYPTIEIVGYKGRAVVVVSCVTKDTPYRPHPHNLVGKEGCKKGVCTLEINSETMRAVFSNLGIQCVKKKDIEAALKAREEIRVDPFKTGFSHRFQPSSIDLNSVRLCFQVFMESEQKGRFTSPLPPVVSEPIFDKKAMSDLVICRLCSCSATVLGNTQIILLCEKVAKEDIAVRFFEEKNGQSVWEAFGDFQHTDVHKQTAITFKTPRYHTLEITEPAK
DORSAL_00027,DORSAL,,191,ABC71920,Dorsal protein -Glossina morsitans morsitans .,Glossina morsitans morsitans,37546,,,85667910,,,,,,MERNDAVDNVAKPEQDDNLGLSDIIDILKTLDNNSPELNENPAFLEVQAITNATSVSSSGSSSPTFNQKSHKSTNILRHENSYTASEKPYIRIVEQPANKALRFRYECEGRSAGSIPGANSTTENKTFPTIEIAGYKGEVTIVVSCVTKDAPYRPHPHNLVGKEGCEYGICTMRVKGDPPRAVFSNLGVQC
DORSAL_00028,DORSAL,,418,BAD60879,Dorsal -Tubifex tubifex .,Tubifex tubifex (sludge worm),6386,,dl,54111213,,,,,,FRYECEGRSAGSLPGEHSTNEQKSFPTIRINNFNGPAAIVVVSCVTKDKPYCPHPHNLVGQDCRDGVCTVKVRGRNTVSFPNIGIQCCKRHDVEESLKLREKIRVDPFGTGYFRNMNNIDLNSVRLCFQVFLPDANKKFTHIVQPIVSQPIIDKKSIHDLVICRLSRQSGYAGGGDEVFLLCEKINKDDIQVRFFEETEDGISWEAFGDFASHDVRRQYAIVFRTPPYRDPHIQSSVQVFIQLRRPSDDEIGDPKPFQYIPQDPDPYGITNKRKRKEVNVESFYSDRIPLSVWHEVKVDEPEASPTEDVKSRLKKKAVSGLQRKDKTAAAAAATIVESPVQQQHQQPQQSTSCVSVGPSMLGGVLPGGVLGGSLLGTPVATRQPMTPGTPIVLTAEALTNLLASHMLMTQQQQQQQQQ
DORSAL_00029,DORSAL,,579,EAT40588,embryonic polarity dorsal -Aedes aegypti .,Aedes aegypti (Stegomyia aegypti),7159,2,,108876363,,,,,,MGPNDNNVMEDDPSLPDLPNNLIVTDDILDLIIDIIDQEMPPTAQERPHVVITEQPQSKALRFRYECEGRSAGSIPGVHSTPEQKTFPGIEIRGYKGRAVVVVSCVTKDPPYRPHPHNLVGKEGCKKGVCTVEINSSTMSYTFSNLGIQCVKKKDIEEALRLREEIRVDPFKTGYGHARQPATIDLNAIRLCFQVFLEGQQRGRFTEPLQPVVSDVIYDKKAMSDLVICKLSDVTAPVAGGREIILLCEKVAKEDIAVRFYEEQHGNIVWEEYGEFQHTNVHKQVAICFRTPRYRTLEVEHPVMVNIQLKRPSDGATSEPLPFELTPLDSAKRKKRKPNTWGDTPEHMPEAARHPYYATLGNVPGEAIKTEPRDSPTHPFNFIGNYRQPNESPSPIERSPLYGNTTPVGQTSPYNAGRTSVTPTPGGYQPNVMNPDFLLGGTQQFQNQYAFPTLPPTNGQPMYLQQPQQQQQQQQFQPPANMNNQQQFNVSNLIDPQDQLPQPGPSGVQAVPSFQPSGSIGEINISSPWLTMDSSELKSLMVHTLSDMKQEQQRIQQEAETLSDSFDRLSTNLNNLNKP
DORSAL_00030,DORSAL,,515,EAT41423,embryonic polarity dorsal -Aedes aegypti .,Aedes aegypti (Stegomyia aegypti),7159,,,108877198,,,,,,MLSHNLSGKEEQTVQKMAQKPYVVITEQPQSKALRFRYECEGRSAGSIPGVSSTADHKTFPTIEVRGYTGRVVVVVSCVTKDPPYRPHPHNLVGKDGCKKGVCTVEINKSVMSYTFCSLGIQCVKKKDIKDALRLREEIRVDPFKTGYGHGRQPASIDLNAVRLCFQAFLEGPQQGHFTNPLVPVVSDIIYDKKAMSELVICKLSHVAAPMSGGKEVILLCEKVAKEDIAVRFYEEHQGKIVWEDQGEFQHSNVHKQVAISFRTPRYRSLDVDFPVMVHIQLQRPSDGATSEPVPFELIPVDGDNFCKKRKRSQFNSFELTEQNTRKDMQHAASMEPKERMIKIEPMDSHFQQQYTAQNAYRNPTESPDGNMTPMTAASPYEGAIGYQAGNEYYVVNHRYQSNYNNFSVGGPSNGYQQYHYQQTGVHYGMNNLAGASLPVNGQQGFNLQQQQSQMPDNLDCLLDMELAKGFPMNSSEIKTMIGQIEPQRMQQEEENLSNSFTKLTTNTTVNNMNK
DORSAL_00031,DORSAL,,406,EDS30730,embryonic polarity dorsal -Culex quinquefasciatus .,Culex quinquefasciatus (southern house mosquito),7176,,,167867347,,,,,,MFWFIQGHHGVKIIESTAITSKRLPGVKICESTSVTSRISVVFDPRSYLHSFMESGRLFYNSFGDVLGYLRTPSVKICVSTATKIKHVYKSCKFLFTKLLKNGSNCSPHLVITVQPQSRGLRFRYQCENRGSTAGSILGVGSTAQRRIYPTVEIRNHQGPAKIVITCVTSDDPPRLHPHRLVGHKDCSEGLCEMLVEPTPTPVMAHSIKNLGVQCIRRKDVDAELRKKEMRYANPFNGLQEQLPTGNSSTINLNEIRLCFQLHIESYPGQFIPVSYPVLSTIIYDKKSNPDLIICSMSDCTGPASGGKQIILLTEKVNKDDIQVRFFKEFGPDLKPWIAYGALSSGRSSHANHPSIKEGSSVPEMVCFTRALMKRLALIIVITFFGVEYNQVDAPARAEESGYDPR
DORSAL_00032,DORSAL,,676,EDS35745,embryonic polarity dorsal -Culex quinquefasciatus .,Culex quinquefasciatus (southern house mosquito),7176,,,167872362,,,,,,MAYSVKSLGIQCIRRKDIEAELKSRESRYQNPFKGNQLAINLNAIRLCFELHVENYDGQFVPIFPPVLSTTIYDKKASPSLVICSMSATDGPASGGKQIILLTEKVNKDDIQVRFYREHGPERKPWIAYGKFNPATNVHKQFAIVLKTPAYYDPRITEPVTVSRRSRSWNNGYTPPPTSGTRSTGAGHVFLSCFATTMGGQLLLSYSTLFCATCLDAPEYVDGLWDYGGRIHRSAWFPASVGVTAGEAGVLSRDGWSTDRNGDVARAVPTPERCRGRSSCVSDRARRYDVPRGEYRGCRVAYGGRMRLCRPVREAYEHRGVLWAQWGRKLAMAEGGPHLVITVQPQSRGLRFRYQCENRGSTAGSILGVGSTAQRRIYPTVEIRNHQGPAKIVITCVTSDDPPRLHPHRLVGHKDCSEGLCEMLVEPTPTPVMAHSIKNLGVQCIRRKDVDAELRKKEMRYANPFNVPTGNSSTINLNEIRLCFQLHIESYPGQFIPVSYPVLSTIIYDKKSNPDLIICSMSDCTGPASGGKQIILLTEKVNKDDIQVRFFKEFGPDLKPWIAYGAFNPTQDVHKQVAVVFRTPAYYDRLITSPVKQVARGPPTQTLADRQSGLAVRQRTAGGLPSQCGKRSNELSDPLEFEMLPDDAAILPRFDDIFSGTPQNNNYSDPGFYGYQ
DORSAL_00033,DORSAL,,235,EDS35746,embryonic polarity dorsal -Culex quinquefasciatus .,Culex quinquefasciatus (southern house mosquito),7176,,,167872363,,,,,,MPSSYPAGAYYNLLNVPGEQIKIEPIDSPTRPFNVTYQGTYRNPNESPSPLAQSPIAQHGNTTPHGPVSPYAPHSVTPSYQPNDLLYQLPQQYNFATPAPGTDPTLFQQQAGQQQQPQFQMPSNISNSQQFSLGSLLNGVLSAAGPSGMSAQGATGDVNLSSLLDMDLGKDFTMNSSEIKSLMGHLSNSEIRQELLQQQNQQQQQQNQQRMQQEEENLSNSFTRLTTNVLNDLGK
DORSAL_00034,DORSAL,,845,EDS35747,embryonic polarity protein dorsal -Culex quinquefasciatus .,Culex quinquefasciatus (southern house mosquito),7176,,,167872364,,,,,,MPPTAPEKPYVVITEQPQSKALRFRYECEGRSAGSIPGVHSTPEQKTFPSIEVRGYKGRAVVVVSCVTKDPPYRPHPHNLVGKEGCKKGVCTVEINSASMSYTFSNLGIQCVKKKDIEEALRLREEIRVDPFKTGYSHAKQPATIDLNAVRLCFQVFLEGQQRGRFTEPLQPVVSDVIYDKKAMSDLVICKLSDACASVAGGKEIILLCEKVAKEDISVRFYEEQHGHILWEDVGEFQHSNVHKQVAISFRTPRYRTLEIEQSVMVNIQLRRPSDGATSEPLPFELFPLDSGRRRFWSLQKDILKNDSPENEVFKKILLEGSSGAVAPKKVLVPQQQQEDEVIVLLDTPLAEDKPIVAEQMPSEQKTTEWIERNEFDDGDNSVNASVDNQLMDEGGSVEQQVPKEDEDKTLNELLEQVAELDEIYEDHQLRRENMIFENELKNLEKSVPTGLIGNGGDKMDIDDVFDDAATYTSLQRAFKNPVSLALGPPVPPRPHNALELEPGVYDAVEPMLICPPSIEVSSLKRENKEDEKLPPLPPKRAKPNGSQNKENAIGDTGDEVILHSIIRKGSMRSLTPRPQSDQIIIMKSPDSPPNKKLPPTPPASPNKNEYGTLPKNKKPGFFSKLFSRKKSKSDLSASTTTLTQKDTPGASKEPSLANFEATETTRKNSEKHKAGKPVARSVSSVSCKRPSTDANPDVIYIPLKGDGPSTTNLTSRTGNGSGTHLSLPGNDSYERASTASLPPLDRKTVSALQLDVPIQDGNLELVAIADARSIKNLVEGDFGIKLDPSVDLTEAEHFALYTSIAPNAALSEFDETSCYYAPVEPGPLPQQPIRLNSNSYSADV
DORSAL_00035,DORSAL,,452,EDS36297,Dorsal 1-B -Culex quinquefasciatus .,Culex quinquefasciatus (southern house mosquito),7176,,,167872914,,,,,,MRNFQLLNSQIDVSAMLIQQQMNGGEPAVSDMEVSKEYTPLKPPPRLPPPVPQIVITEQPHPKLHRFRYQSEQRGSTAGSILGVRASGDRPTYPTIEIQGYHGPAKIVISCLSTDDPPRLHPYRLIGRPECRHGLCVLRVGPESGMTYSVNNLAVQSVLKKDVAKELEQRQQCYPNPFKVPVGDASTIDLKKVRLCFELYLETAPGQFRVVHPPVLTDTVYDRKYNPDLIISEMSHCRAPASGGKQIMLLTDTVNKEDIRVRFSEDRPDHLGGLWVAYGAVRRVHRHVAVVVETPAYDDPEITSSVMVAKRNLTNCLDVQIQLERTTDAELSKPLSFELHPSHNRIPKQEVQSPTSNIPVTQEPTPGPSYLPQQQDPNLLPVLFSLEDLLYLPPVQQIDPRIPNPQQFGQELNNFTVLETCNAARNAPVTEEQVENLSCEMLEFRIDDMLNF
DORSAL_00036,DORSAL,,602,NP_001011577,dorsal protein -Apis mellifera .,Apis mellifera (honey bee),7460,LG4,Dl,58585244,,,,,,MEQFHDMSDGNIHMSDVIEVIETDTKYNGREDQIPREMNTERLLPYVEIIEQPASKALRFRYECEGRSAGSIPGVNSTSENKTFPTIKIVGYKGRALVVVSCVTKDQPYRPHPHNLVGKEACKQGVCTVEVSSENMTVTFANLGIQCVKKKDIEEALKIREEIRVDPFRTGFEHKRQPTSIDLNAVRLCFQVFLEGSQKRKFNVPLQPVVSDPIFDKKAMSDLVICKLSHSNASVAGGMEMILLCEKVAKEDIQVRFFEEKDGQVLWEGFGDFQPVHVHKQTAIAFRTPTYRMQQVEQPVQVYIQLKRPSDGATSEPFPFLMLPLGADDPDSLRRKRQKINNSQNALVLRHVQAEAEKHAAMLYQYNFNIIISEPTERISPYGYPIGSGGSFPSLYPMATTSPQSQSTIQTLRPQVSPDRTSPMEYRLYNPALIQSQPSPQYPSTSSHILQQPSIRTYTQQQFPYVHDTLQIQPQEQLTLSKVTSNYHEEFQSLNNAVGEMEATNVTNILSMDNTQYNLDLSLPQLDSTELADLDISLSENLSSGLSISDSTKPETSKGINAEPSNIEESNNMTDSFTRIANNTIQELYTLNNMYKPTREVD
DORSAL_00037,DORSAL,,556,NP_001034507,dorsal -Tribolium castaneum .,Tribolium castaneum (red flour beetle),7070,LG4,Dl,86515360,,,,,,MDENHLEQTLENAGMPDESINISDVIEVIETDPDFHESTMFNGGGEIPQNIIQQQPQQARRRAFVKIIEQPASKALRFRYECEGRSAGSIPGASSTPENKTFPSIQVMGYQGRAVVVVSCVTKDEPFRPHPHNLVGREGCKKGVCTMEINSDTMCVTFSNLGIQCVKKKDIESALRLREEIKVDPFMTGFSHRNQPTSIDLNAVRLCFQVFLEGERRGKFTVPLTPVVSEPIYDKKAMSDLMIVKLSHCNSYVDGGRNEIILLCEKVAKEDIQVRFFEEKNGKVVWEGFGDFQPSQVHKQTAICFKAPRYHTLDITEPVKVFIQLRRPSDGATSEALPFELLPLDSEPGMLKRKRQKYHDPSQLLRHVEESDKQRTHQPFLLNIPSEGIKVEPRDKAPSPYGGQMFEAPIPNVSPHYVTPTPPEAPLFQNVLPPIGGMMNWNMPSTSVVGDMLNMNWNPSAQNDLSGVNLSETPSGISSLLNLDNQQLELKPIDLNSGDLSMLETNNLSETFTQNLSLMDESEGRQEPNMTDSLTRLANSALDNICQASDMYKGAP
DORSAL_00038,DORSAL,,677,NP_724052,"dorsal, isoform A -Drosophila melanogaster .",Drosophila melanogaster (fruit fly),7227,2L,dl,24584822,,,,,,MFPNQNNGAAPGQGPAVDGQQSLNYNGLPAQQQQQLAQSTKNVRKKPYVKITEQPAGKALRFRYECEGRSAGSIPGVNSTPENKTYPTIEIVGYKGRAVVVVSCVTKDTPYRPHPHNLVGKEGCKKGVCTLEINSETMRAVFSNLGIQCVKKKDIEAALKAREEIRVDPFKTGFSHRFQPSSIDLNSVRLCFQVFMESEQKGRFTSPLPPVVSEPIFDKKAMSDLVICRLCSCSATVFGNTQIILLCEKVAKEDISVRFFEEKNGQSVWEAFGDFQHTDVHKQTAITFKTPRYHTLDITEPAKVFIQLRRPSDGVTSEALPFEYVPMDSDPAHLRRKRQKTGGDPMHLLLQQQQKQQLQNDHQDGRQTNMNCWNTQNIPPIKTEPRDTSPQPFGLSYRAPPELTPSPQPLSPSSNYNHNSTPSPYNMASAVTPTNGQQQLMSPNHPQQQQQQQQYGATDLGSNYNPFAQQVLAQQQQHQQQQQQHQHQHQQQHQQQQQQQQQQQQQSLQFHANPFGNPGGNSWESKFSAAAVAAAAATATGAAPANGNSNNLSNLNNPFTMHNLLTSGGGPGNANNLQWNLTTNHLHNQHTLHQQQQLQQQQQQQYDNTAPTNNNANLNNNNNNNNTAGNQADNNGPTLSNLLSFDSGQLVHINSEDQQILRLNSEDLQISNLSIST
DORSAL_00039,DORSAL,,677,NP_724053,"dorsal, isoform B -Drosophila melanogaster .",Drosophila melanogaster (fruit fly),7227,2L,dl,24584824,,,,,,MFPNQNNGAAPGQGPAVDGQQSLNYNGLPAQQQQQLAQSTKNVRKKPYVKITEQPAGKALRFRYECEGRSAGSIPGVNSTPENKTYPTIEIVGYKGRAVVVVSCVTKDTPYRPHPHNLVGKEGCKKGVCTLEINSETMRAVFSNLGIQCVKKKDIEAALKAREEIRVDPFKTGFSHRFQPSSIDLNSVRLCFQVFMESEQKGRFTSPLPPVVSEPIFDKKAMSDLVICRLCSCSATVFGNTQIILLCEKVAKEDISVRFFEEKNGQSVWEAFGDFQHTDVHKQTAITFKTPRYHTLDITEPAKVFIQLRRPSDGVTSEALPFEYVPMDSDPAHLRRKRQKTGGDPMHLLLQQQQKQQLQNDHQDGRQTNMNCWNTQNIPPIKTEPRDTSPQPFGLSYRAPPELTPSPQPLSPSSNYNHNSTPSPYNMASAVTPTNGQQQLMSPNHPQQQQQQQQYGATDLGSNYNPFAQQVLAQQQQHQQQQQQHQHQHQQQHQQQQQQQQQQQQQSLQFHANPFGNPGGNSWESKFSAAAVAAAAATATGAAPANGNSNNLSNLNNPFTMHNLLTSGGGPGNANNLQWNLTTNHLHNQHTLHQQQQLQQQQQQQYDNTAPTNNNANLNNNNNNNNTAGNQADNNGPTLSNLLSFDSGQLVHINSEDQQILRLNSEDLQISNLSIST
DORSAL_00040,DORSAL,,999,NP_724054,"dorsal, isoform C -Drosophila melanogaster .",Drosophila melanogaster (fruit fly),7227,2L,dl,24584826,,,,,,MFPNQNNGAAPGQGPAVDGQQSLNYNGLPAQQQQQLAQSTKNVRKKPYVKITEQPAGKALRFRYECEGRSAGSIPGVNSTPENKTYPTIEIVGYKGRAVVVVSCVTKDTPYRPHPHNLVGKEGCKKGVCTLEINSETMRAVFSNLGIQCVKKKDIEAALKAREEIRVDPFKTGFSHRFQPSSIDLNSVRLCFQVFMESEQKGRFTSPLPPVVSEPIFDKKAMSDLVICRLCSCSATVFGNTQIILLCEKVAKEDISVRFFEEKNGQSVWEAFGDFQHTDVHKQTAITFKTPRYHTLDITEPAKVFIQLRRPSDGVTSEALPFEYVPMDSGKHTFWNLHRHLKRKPDEDLFQQILRLDAKREVQPPTIEVIDLDTPKIDVQREIPSEMEFNHEESQQSEPALEQEQSVQQEQYTQEQSLQQEQYTQEQSLQQEQYLQQLEQQQSFQLEEPMQQDQELPAQQSFDQAIDHLPDHTSDHIPEDMEAADAHAEAEAHRLRSEQEKEIDTIIDEKVRELEQLDLGQQLEPRPLTANDKITEWMKSSEIEQQVHEPSPTAEADVLDSALEISKADKTLDELLETVAELDEIYTDFKVQRDTYKNTIQNELAGLQGRAPLQVEDSFDDAATYTSLQIAFKNPVLIPMDDIMPPTPPMSQCAPEDAHQHYDPVEVNSQARKPETPMRPVPPVPPAILTIQYPPEEDKLPPLPPKRIRKQDSNAENRSIEANTVQTKPSTGESPLNKRLPPAPKNPNFNTLPRQKKPGFFSKLFSRRKSKPDLAQGQENSSILDSKANSREPSIGHFNMQDPMRASLRSSKSAAPFISNPAPAKSSPVKAKKPGSKLTKPVGRSVSSVSGKRPAYLNADVVHIPLKGDSVNSLPQQQRTEGYSQSSTISVGAGLDRRTASALQLADIPISEGGMELVAIADRQSLHNLVSSIEGHFNVQLDPNLDLTEAEHFALYTSIPPLAAASEFDETSAYYAPVDAGEILTPDEVAKRLAAANGI
DORSAL_00041,DORSAL,,999,P15330,Embryonic polarity protein dorsal.,Drosophila melanogaster (fruit fly),7227,,dl,14286125,,,"IPR013783,IPR014756,IPR002909,IPR000451,IPR008967,IPR011539",,P15330,MFPNQNNGAAPGQGPAVDGQQSLNYNGLPAQQQQQLAQSTKNVRKKPYVKITEQPAGKALRFRYECEGRSAGSIPGVNSTPENKTYPTIEIVGYKGRAVVVVSCVTKDTPYRPHPHNLVGKEGCKKGVCTLEINSETMRAVFSNLGIQCVKKKDIEAALKAREEIRVDPFKTGFSHRFQPSSIDLNSVRLCFQVFMESEQKGRFTSPLPPVVSEPIFDKKAMSDLVICRLCSCSATVFGNTQIILLCEKVAKEDISVRFFEEKNGQSVWEAFGDFQHTDVHKQTAITFKTPRYHTLDITEPAKVFIQLRRPSDGVTSEALPFEYVPMDSGKHTFWNLHRHLKRKPDEDLFQQILRLDAKREVQPPTIEVIDLDTPKIDVQREIPSEMEFNHEESQQSEPALEQEQSVQQEQYTQEQSLQQEQYTQEQSLQQEQYLQQLEQQQSFQLEEPMQQDQELPAQQSFDQAIDHLPDHTSDHIPEDMEAADAHAEAEAHRLRSEQEKEIDTIIDEKVRELEQLDLGQQLEPRPLTANDKITEWMKSSEIEQQVHEPSPTAEADVLDSALEISKADKTLDELLETVAELDEIYTDFKVQRDTYKNTIQNELAGLQGRAPLQVEDSFDDAATYTSLQIAFKNPVLIPMDDIMPPTPPMSQCAPEDAHQHYDPVEVNSQARKPETPMRPVPPVPPAILTIQYPPEEDKLPPLPPKRIRKQDSNAENRSIEANTVQTKPSTGESPLNKRLPPAPKNPNFNTLPRQKKPGFFSKLFSRRKSKPDLAQGQENSSILDSKANSREPSIGHFNMQDPMRASLRSSKSAAPFISNPAPAKSSPVKAKKPGSKLTKPVGRSVSSVSGKRPAYLNADVVHIPLKGDSVNSLPQQQRTEGYSQSSTISVGAGLDRRTASALQLADIPISEGGMELVAIADRQSLHNLVSSIEGHFNVQLDPNLDLTEAEHFALYTSIPPLAAASEFDETSAYYAPVDAGEILTPDEVAKRLAAANGI
DORSAL_00042,DORSAL/PA,,194,AAQ65069,dorsal isoform PA -Drosophila yakuba .,Drosophila yakuba,7245,,,34335142,,,,,,QTNMNCWNTQNIPPIKTEPRDTSPQPFGLTYRAPPELTPSPQPVSPSSNYNHNSTPSPYNIASAGTPTNGQQQLMSPNHPQQQQQQQQQQQQYGATDLGSNYNPFAQQVLAQQQQHQHQQQHQQQQQQHQQSLQFHANPFGNPGGNSWESKFSATAVAAAAASATGAAPANGNSNNLSNLNNPFTMHNLLTSGG
DORSAL_00043,DORSAL/REL1,,579,AAW67214,Dorsal isoform 1-A -Aedes aegypti .,Aedes aegypti (yellow fever mosquito),7159,,REL1,58202305,,,,,,MGPNDNNVMEDDPSLPDLPNNLIVTDDILDLIIDIIDQEMPPTAQERPHVVITEQPQSKALRFRYECEGRSAGSIPGVHSTPEQKTFPGIEIRGYKGRAVVVVSCVTKDPPYRPHPHNLVGKEGCKKGVCTVEINSSTMSYTFSNLGIQCVKKKDIEEALRLREEIRVDPFKTGYGHARQPATIDLNAIRLCFQVFLEGQQRGRFTEPLQPVVSDVIYDKKAMSDLVICKLSDVTAPVAGGREIILLCEKVAKEDIAVRFYEEQHGNIVWEEYGEFQHTNVHKQVAICFRTPRYRTLEVEHPVMVNIQLKRPSDGATSEPLPFELTPLDSAKRKKRKPNTWGDTPEHMPEAARHPYYATLGNVPGEAIKTEPRDSPTHPFNFIGNYRQPNESPSPIERSPLYGNTTPVGQTSPYNAGRTSVTPTPGGYQPNVMNPDFLLGGTQQFQNQYAFPTLPPTNGQPMYLQQPQQQQQQQQFQPPANMNNQQQFNVSNLIDPQDQLPQPGPSGVQAVPSFQPSGSIGEINISSPWLTMDSSELKSLMVHTLSDMKQEQQRIQQEAETLSDSFDRLSTNLNNLNKP
DORSAL_00044,DORSAL/REL1,,624,ABU96698,dorsal 1A -Rhodnius prolixus .,Rhodnius prolixus,13249,,,156891043,,,,,,MNNLESFDFSLSRMDGQNIDESNSAINISDVIEVIETDCAAGGGLMNQSVRRTSESSGGGVASMPYIKIIEQPASKALRFRYECEGRSAGSIPGVNSTPENKTFPTIQIVGYRGRAVVVVSCVTKDSPYRPHPHNLVGKEGCKKGVCTVEINNETMTAAFANLGIQCVKKKDIEEALRVREEIRVDPFRTGFSHKTQTSGIDLNSVRLCFQAFLEGPQRGKFTNPLSPIVSEPIYDKKAMADLVICKLSHCSGSVAGGNEIILLCEKVAKEDISVRFYEEKDGQVVWEGLGDFTPTQVHKQVAISFRTPRYKTLEIEQPVQVLIQLRRPSDNATSEALPFQITPLDSGRPFFWSLRRSIGQKADYRTFSTILQTNTKLLTNQERIDDDANNNTNNSNNNNEIKDVEVEDNVVSVADIPQPKVVVVSNQEEEIKDEEENCGQSELEQLLVKDLENICNNNSDLGIYTSFQXALKNPCQDLLDHESYEDIAPPRPTAAKPTLLQQPLSPVPHLDDEVLPPLPPKRAKRTGPDTKTLPSPPQKKTGLFQKLFNTNKRKKNKEVQERPLQSRGSIKSLPAEMIISSNEVDVTEAEHYALYTSVAPHATASEFDEMSFYYSSVEQQKVN
DORSAL_00045,DORSAL/REL2,,844,AAW67215,Dorsal isoform 1-B -Aedes aegypti .,Aedes aegypti (yellow fever mosquito),7159,,REL1,58202307,,,,,,MPPTAQERPHVVITEQPQSKALRFRYECEGRSAGSIPGVHSTPEQKTFPGIEIRGYKGRAVVVVSCVTKDPPYRPHPHNLVGKEGCKKGVCTVEINSSTMSYTFSNLGIQCVKKKDIEEALRLREEIRVDPFKTGYGHARQPATIDLNAIRLCFQVFLEGQQRGRFTEPLQPVVSDVIYDKKAMSDLVICKLSDVTAPVAGGREIILLCEKVAKEDIAVRFYEEQHGNIVWEEYGEFQHTNVHKQVAICFRTPRYRTLEVEHPVMVNIQLKRPSDGATSEPLPFELTPLDSGRRRFWSLKRDILKNDSPENEVFKKILLEGSVQTGKKNPPIQESDEVIVLDTPVAENKPIVAEQIPSDQKTTEWIERNEFDDVNNNSPVSSEDNQLLSNDSVEQQVPKEDEDKTLNELLEQVAELDEIYTDHQLRRENMIIENELKILEKTIPTGLDGTGDKMDIDDVFDDAATYTSLQRAFKNPVPLALGPPVPPRPHFQLELEPGVYDAVEPMLICPPSIEIGSLKRENKEDEKLPPLPPKRAKPNSQNKENANIDTGDEALLHSIIRKGSMRSLTPRPQSDQIIIMKSPDSPPNKKLPPTPPASPTKNDYGTLPKNKKSGFFSKLFSRKKSKSDLSASTTTLTQKSTPGASKEPSLANFESNDSTRDSVRSKTSVTEKGGDKRKPGKPVARSVSSVSAKRPTTESNPDVIYIPLKGDGPTTTLTTRTGSGTHLSLPGNDSYERASTASLPPLDRRAVSALQLDVPIQDGNMELVAIADARSIKNLVEGDYGIKLDPSVDLTEAEHFALYTSIAPNAALSEFDETSAYYAPVEPGPLPYFRPNSTAYSADV
DORSAL_00046,DORSAL/REL2,,611,ABU96699,dorsal 1B -Rhodnius prolixus .,Rhodnius prolixus,13249,,,156891045,,,,,,MDGQNIDESNSAINISDVIEVIETDCAAGGGLMNQSVRRTSESSGGGVASMPYIKIIEQPASKALRFRYECEGRSAGSIPGVNSTPENKTFPTIQIVGYRGRAVVVVSCVTKDSPYRPHPHNLVGKEGCKKGVCTVEINNETMTAAFANLGIQCVKKKDIEEALRVREEIRVDPFRTGFSHKTQTSGIDLNSVRLCFQAFLEGPQRGKFTNPLSPIVSEPIYDKKAMADLVICKLSHCSGSVAGGNEIILLCEKVAKEDISVRFYEEKDGQVVWEGLGDFTPTQVHKQVAISFRTPRYKTLEIEQPVQVLIQLRRPSDNATSEALPFQITPLDSGRPFFWSLRRSIGQKADYRTFSTILQTNTKLLTNQERIDDDANNNTNNSNNNNEIKDVEVEDNVVSVADIPQPKVVVVSNQEEEIKDEEENCGQSELEQLLVKDLENICNNNSDLGIYTSFQXALKNPCQDLLDHESYEDIAPPRPTAAKPTLLQQPLSPVPHLDDEVLPPLPPKRAKRTGPDTKTLPSPPQKKTGLFQKLFNTNKRKKNKEVQERPLQSRGSIKSLPAEMIISSNEVDVTEAEHYALYTSVAPHATASEFDEMSFYYSSVEQQKVN
DORSAL_00047,DORSAL/REL3,,429,AAW67216,Dorsal isoform 1-A -Aedes aegypti .,Aedes aegypti (yellow fever mosquito),7159,,REL1,58202309,,,,,,VKKKDIEEALRLREEIRVDPFKTGYGHARQPATIDLNAIRLCFQVFLEGQQRGRFTEPLQPVASDVIYDKKAMSDLVICKLSDVTAPVAGGREIILLCEKVAKEDIAVRFYEEQHGNIVWEEYGEFQHTNVHKQVAICFRTPRYRTXEVEHPVMVNIQLKRPSDGATSEPLPFELTPLDSAKRKKRKPNTWGDTPEHMPEAARHPYYATLGNVPGEAIKTEPRDSPTHPFNFIGNYRQPNESPSPIERSPLYGNTTPVGQTSPYNAGRTSVTPTPGGYQPNVMNPDFLLGGTQQFQNQYAFPTLPPTNGQPMYLQQPQQQQQQQQFQPPANMNNQQQFNVSNLIDPQDQLPQPGPSGVQAVPSFQPSGSIGEINISSPWLTMDSSELKSLMVHTLSDMKQEQQRIQQEAETLSDSFDRLSTNLNNLNKP
DORSAL_00048,DORSAL/REL3,,579,ABU96700,dorsal 1C -Rhodnius prolixus .,Rhodnius prolixus,13249,,,156891047,,,,,,MNQSVRRTSESSGGGVASMPYIKIIEQPASKALRFRYECEGRSAGSIPGVNSTPENKTFPTIQIVGYRGRAVVVVSCVTKDSPYRPHPHNLVGKEGCKKGVCTVEINNETMTAAFANLGIQCVKKKDIEEALRVREEIRVDPFRTGFSHKTQTSGIDLNSVRLCFQAFLEGPQRGKFTNPLSPIVSEPIYDKKAMADLVICKLSHCSGSVAGGNEIILLCEKVAKEDISVRFYEEKDGQVVWEGLGDFTPTQVHKQVAISFRTPRYKTLEIEQPVQVLIQLRRPSDNATSEALPFQITPLDSGRPFFWSLRRSIGQKADYRTFSTILQTNTKLLTNQERIDDDANNNTNNSNNNNEIKDVEVEDNVVSVADIPQPKVVVVSNQEEEIKDEEENCGQSELEQLLVKDLENICNNNSDLGIYTSFQMALKNPCQDLLDHESYEDIAPPRPTAAKPTLLQQPLSPVPHLDDEVLPPLPPKRAKRTGPDTKTLPSPPQKKTGLFQKLFNTNKRKKNKEVQERPLQSRGSIKSLPAEMIISSNEVDVTEAEHYALYTSVAPHATASEFDEMSFYYSSVEQQKVN
DORSAL_00049,DORSAL/REL4,,733,AAW67217,Dorsal isoform 1-B -Aedes aegypti .,Aedes aegypti (yellow fever mosquito),7159,,REL1,58202310,,,,,,VKKKDIEEALRLREEIRVDPFKTGYGHARQPATIDLNAIRLCFQVFLEGQQRGRFTEPLQPVASDVIYDKKAMSDLVICKLSDVTAPVAGGREIILLCEKVAKEDIAVRFYEEQHGNIVWEEYGEFQHTNVHKQVAICFRTPRYRTXEVEHPVMVNIQLKRPSDGATSEPLPFELTPLDSGRRRFWSLKRDILKNDSPENEVFKKILLEGSVQTGKKNPPIQESDEVIVLDTPVAENKPIVAEQIPSDQKTTEWIERNEFDDVNSNSPVSSEDNQLLSNDSVEQQVPKEDEDKTLNELLEQVAELDEIYTDHQLRRENMIIENELKILEKTIPTGLDGTGDKMDIDDVFDDAATYTSLQRAFKNPVPLALGPPVPPRPHFQLELEPGVYDAVEPMLICPPSIEIGSLKRENKEDEKLPPLPPKRAKPNSQNKENANIDTGDEALLHSIIRKGSMRSLTPRPQSDQIVIMKSPDSPPNKKLPPTPPASPTKTDYGTLPKNKKSGFFSKLFSRKKSKSDLSASTTTLTQKSTPGASKEPSLANFDSNDSTRDSVRSKTSVTEKGGDKRKQGKPVARSVSSVSAKRPTTESNPDVIYIPLKGDGPTTTLTTRTGSGTHLSLPGNDSYERASTASLPPLDRRAVSALQLDVPIQDGNMELVAIADARSIKNLVEGDYGIKLDPSVDLTEAEHFALYTSIAPNAALSEFDETSAYYAPVEPGPLPYLRPNSTAYSADV
