NFKB1_00001,NFKB1,,969,AAI53233,NFKB1 protein -Bos taurus,Bos taurus (cattle),9913,,NFKB1,157279382,,,,,,MAEDDPYLGGHEQMFHLDPLNHTMFSPELFQPEMPLPTADGPYLQILEQPKQRGFRFRYVCEGPSHGGLPGASSEKNKKSYPQVKICNYVGPAKVIVQLVTNGKNIHLHAHSLVGKHCEDGVCTVTAGPKDMVVGFANLGILHVTKKKVFETLEARMTDACIRGYNPGLLVHPDLAYLQAEGGGDRQLTDREKEIIRQAALQQTKEMDLSVVRLMFTAFLPDSTGSFTRRLEPVVSDAIYDSKAPNASNLKIVRMDRTAGCVTGGEEIYLLCDKVQKDDIQIRFYEEEENGGIWEGFGDFSPTDVHRQFAIVFKTPKYKDVNITKPASVFVQLRRKSDLETSEPKPFLYYPEIKDKEEVQRKRQKLMPNFSDSFGGGSGAGAGGGGMFGSGGGGGGAGSTGPGYGFPHYGFPTYGGITFHTGTTKSNAGMKHGTIDTPSKNDPESCGKSDDREVVNLSEQVTETTEQDGGSCKRGTAANLTCSVGVKEENRSFQDNLFLEKAMQLAKQHANALFDYAVTGDVKMLLAVQRHLTAVQDENGDSVLHLAIIHLHNQLVRDLLEVTSGLISDEIINMRNDLYQTPLHLAVITRQEAVVEDLLRAGADLSLLDRLGNSVLHLAAKEGHDKILGILLKHKKAAQLIDHPNGEGLNAIHVAMMSNSLPCLLLLMAAGADVNAQERKSGRTALHLAVEHDNVSLAGCLLLEGDAHVDSTTYDGTTPLHIAAGRGSTRLAALLKAAGADPLVENFEPLYDLDDSWDEDGEDEGVVPGTTPLDMASSWQVFDILNGKPYEPEFTSDDLLAQGDMKQLTEDAKLQLYKLLEIPDPDKNWATLAQKLGLGILNNAFRLSPAPSKTLMDNYEVSGGTIKELVEALRQMGYTEAIDVIQAAFCTADTSPAKTTSQAHSLPFAPASTRPQIDELRDDSICDSGVETSFRKLSFTESLTSGTSLLTLNKVPHDYGQEGPIEGKI
NFKB1_00002,NFKB1,,76,ABC86232,NFKB1 -Canis familiaris,Canis lupus familiaris (dog),9615,,,85838802,,,,,,RFRYVCEGPSHGGLPGASSEKNKKSYPQVKICNYVGPAKVIVQLVTNGKNIHLHAHSLVGKHCEDGICTVTAGPKD
NFKB1_00003,NFKB1,,972,BAD27479,NFKB1 -Canis lupus familiaris .,Canis lupus familiaris (dog),9615,,NFKB1,50080138,,,,,,MAEDDTYLGAHEQMFHLDPLTHTIFNPELFQPEMPLPTADGPYLQILEQPKQRGFRFRYVCEGPSHGGLPGASSEKNKKSYPQVKICNYVGPAKVIVQLVTNGKNIHLHAHSLVGKHCEDGICTVTAGPKDMVVGFANLGILHVTKKKVFETLEARMTEACTKGYNPGLLVHPDLAYLQAEGGGDRQLTDREKEIIRQAALQQTKEMDLSVVRLMFTAFLPDSTGSFTRRLEPVVSDAIYDSKAPNASNLKIVRMDRTAGCVTGGEEIYLLCDKVQKDDIQIRFYEEEGNGGIWGGFGDFSPTDVHRQFAIVFKTPKYKDVNITKPTSVFVQLRRKSDLETSEPKPFLYYPEIKDKEEVQRKRQKLMPNFSDSFGGGSGAGAGGGGMFGSGGGGGGAGSTGPGYGFPHYGFPTYGGITFHPGTTKSNAGMKNGTIDTPSKNDSEGCGKNVDREAVNLSGKVTEPTEQDKESSMGVDEVTLTYTVGIKEENSRFQDNLFLEKAMQLAKRHANALFDYAVTGDVKMLLAVQRHLTAVQDGNGDSVLHLAIIHLHAQLVRDLLEVTSGLISDDIINMRNDLYQTPLHLAVITKQEAVVDDLLRAGADLSLLDRLGNSVLHLAAKEGQDKILSILLKHKKAALLMDHPNGEGLNAIHIAVMSNSMPCLLLLVAAGADVNAQERKSGRTALHLAVEHDNISLAGCLLLEGDAHVDSTTYDGTTPLHIAAGRGSTRLAALLKAAGADPLVENFEPLYDLDDSWEKDGEDEGVVPGTTPLDMATNWQVFDILNGKPYEPEFTSDDLLAQGDMKQLTEDAKLQLYKLLETPDPDKNWATLAQKLGQGILNNAFRLSPAPSKTLMDNYEVSGGTIKELVEALRQMGYTEAIEVIQAAFCAPETAAPSPGKGAPQTLSLPLSSASTRSPVDEVRDDSICDSGVETSFRRLSFTESLTSGSSLLTLNKAPHEYGQEGPIEGKI
NFKB1_00004,NFKB1,,972,Q6F3J0,Nuclear factor NF-kappa-B p105 subunit; Contains:,Canis lupus familiaris (dog),9615,,NFKB1,75043496,,,"IPR002110,IPR020683,IPR000488,IPR011029,IPR013783,IPR014756,IPR002909,IPR000451,IPR008967,IPR011539",,Q6F3J0,MAEDDTYLGAHEQMFHLDPLTHTIFNPELFQPEMPLPTADGPYLQILEQPKQRGFRFRYVCEGPSHGGLPGASSEKNKKSYPQVKICNYVGPAKVIVQLVTNGKNIHLHAHSLVGKHCEDGICTVTAGPKDMVVGFANLGILHVTKKKVFETLEARMTEACTKGYNPGLLVHPDLAYLQAEGGGDRQLTDREKEIIRQAALQQTKEMDLSVVRLMFTAFLPDSTGSFTRRLEPVVSDAIYDSKAPNASNLKIVRMDRTAGCVTGGEEIYLLCDKVQKDDIQIRFYEEEGNGGIWGGFGDFSPTDVHRQFAIVFKTPKYKDVNITKPTSVFVQLRRKSDLETSEPKPFLYYPEIKDKEEVQRKRQKLMPNFSDSFGGGSGAGAGGGGMFGSGGGGGGAGSTGPGYGFPHYGFPTYGGITFHPGTTKSNAGMKNGTIDTPSKNDSEGCGKNVDREAVNLSGKVTEPTEQDKESSMGVDEVTLTYTVGIKEENSRFQDNLFLEKAMQLAKRHANALFDYAVTGDVKMLLAVQRHLTAVQDGNGDSVLHLAIIHLHAQLVRDLLEVTSGLISDDIINMRNDLYQTPLHLAVITKQEAVVDDLLRAGADLSLLDRLGNSVLHLAAKEGQDKILSILLKHKKAALLMDHPNGEGLNAIHIAVMSNSMPCLLLLVAAGADVNAQERKSGRTALHLAVEHDNISLAGCLLLEGDAHVDSTTYDGTTPLHIAAGRGSTRLAALLKAAGADPLVENFEPLYDLDDSWEKDGEDEGVVPGTTPLDMATNWQVFDILNGKPYEPEFTSDDLLAQGDMKQLTEDAKLQLYKLLETPDPDKNWATLAQKLGQGILNNAFRLSPAPSKTLMDNYEVSGGTIKELVEALRQMGYTEAIEVIQAAFCAPETAAPSPGKGAPQTLSLPLSSASTRSPVDEVRDDSICDSGVETSFRRLSFTESLTSGSSLLTLNKAPHEYGQEGPIEGKI
NFKB1_00005,NFKB1,,997,EDS36814,nuclear factor NF-kappa-B p105 subunit -Culex quinquefasciatus .,Culex quinquefasciatus (southern house mosquito),7176,,,167873431,,,,,,MEQHLQQPLSSSPTYSVLSMESSASSSSPSAVSTASSNMSPKSTTSETSSFNMQNLNISASFPYYDDGSSSQMQTYHFTTGHGNAADHPQIELSVPHLVILEQPVDKFRFRYQSEMHGTHGSLMGVHTEKSKKTFPSVELRGFQGEAKIRCSLFQVDPSKRAAHSHHLVIKSGEIDLIDPHDIEVNAETGYVAMFQGMGIIHTAKKNIAEELCKKIKRQRAVEMNREISLREEHQLQKEAVEMAKTMNLNQVCLCFQAFQVDPVSGMWQQLCEPVYSNAINNMKSALTGELKICRLSSTAGNIEGGEEVFMFVEKVCKNNIKIRFYELDEFDQEIWQDWGTFSEADVHHQYAIAFKTPPYRNKDITEPAEVLMQLFRPRDKCQSEPVPFKYKPRPGMLASASSSRKRQRVHSGNISSEIPTTVPNDGGLAAMTAVAATAGPSRLPALHQPFPMVTQSTISKEFNKSGIIQEILESNVQGHSGGPTGDITFNSGDFRDFIQCSSEDLHKLINEIGEAHEQSKLETDAVASGSGPAGGSHQEAVRLERALESYLEANRHDKDVEILRKILAIIKLFGRDYERCRELISALWMSSNKHKANCLHMAIERRESVISCKLVELLQEFQLHDLLGLVNDRNETALHLAVFSNQVAVVESLLLAGVRISCCDYKGNSALHCAVVENCAESLDALVGHCKRNGLRWDTANDDGYSPLQLAVMCRNLRVTKLLLDRGASPTERDLKHGNNILHIAVESDSLDLVNYILEQVDKSLSDEPNNAGYTPLQLANARHQVNASNKLIVRELLRFNPGGLLEKEPSNEDGDEDDEEAATQDDLSAPPVEAGSSESVLLSMNLTCNRVEVIQLLENHVPTAAELTPLKTVPYGEGAGAVSELFDEPCLTELCELLNQNNVWKELGSLLDFNAFFSIWEMSPNPAEMLLSYFEMQKMKLDHLIDILQALEQKEAIHCIDEMITTFMGIEAGAKQQWMTYFRKPEGASSEGSMV
NFKB1_00006,NFKB1,,983,BAA02872,NF-kB p50 subunit -Gallus gallus .,Gallus gallus (chicken),9031,,,222839,,,,,,MAGEDPYIMGVSDPQMFAMDQLMGMSTIFNNTGYITSDLPLRTADGPYLQIIEQPKQRGFRFRYVCEGPSHGGLPGASSEKNKKSYPQVKICNYVGPAKVIVQLVTNGKYVHLHAHSLVGKFCEDGVCTVNAGPKDMVVGFANLGILHVTKKKVFETLETRMIDACKKGYNPGLLVHPELGYLQAEGCGDRQLTEREREIIRQAAVQQTKEMDLSVVRLMFTAFLPDSNGGFTRRLDPVISDAIYDSKAPNASNLKIVRMDRTAGCVTGGEEIYLLCDKVQKDDIQIRFYEEDENGGMWEGFGDFSPTDVHRQFAIVFKTPKYRDVNITKPASVFVQLRRKSDLETSEPKPFLYYPEIKDKEEVQRKRQKLMPNFSDGYGGGSGAGGGGMFGGGGGGAGSGFSYPSYGYSAFGGMHFHPGTTKSNAGMKHELSNSTVKKDEESSDKQSDKWDTKHDVKVETVEKNECRTSGHNEEKEDASLCCKDEGNKPKCGCQDGLFLEKAMQLAKRHCNALFDYAVTGDVRMLLAVQRHLTAVQDDNGDNVLHLSIIHLHRELVKNLLEVMPDMNYNNIINMRNDLYQTPLHLAVITKQAEVVEDLLKAGANVNLLDRHGNSVLHLAAAEGDDKILSLLLKHQKASSMIDLSNGEGLSAIHMVVTANSLSCLKLLIAAGVDVNAQEQKSGRTALHLAVEQENIPLAGCLLLEGDVDADSTTYDGTTPLHIAAGRGFTKLAAVLKAAGADPHVENFEPLFDVEEDVKDDDDDEGIVPGTTPLDMAANWEVYDILNGKPYIAAAAVSEDLLSQGPLRELNESSKQQLYKLLETPDPSKNWSTLAEKLGLGILNNAFRLSPSPSKTLLDNYKISGGTVQELIAALTQMDHTEAIEVIQKALSSSQRQIYQEDNTIEAFPSLSPTSFAKEETGELYNHKFQDPESTCDSGVETSFRKLSFTYSDSLNSKSSITLSKMTLGYGQESSVQSSYIPN
NFKB1_00007,NFKB1,,984,Q04861,Nuclear factor NF-kappa-B p105 subunit; Contains:,Gallus gallus (chicken),9031,,NFKB1,547761,,,"IPR000488,IPR011029,IPR013783,IPR014756,IPR002909,IPR000451,IPR008967,IPR011539",,Q04861,MAGEDPYIMGVSDPQMFAMDQLMGMSTIFNNTGYITSDLPLRTADGPYLQIIEQPKQRGFRFRYVCEGPSHGGLPGASSEKNKKSYPQVKICNYVGPAKVIVQLVTNGKYRHLHAHSLVGKFCEDGVCTVNAGPKDMVVGFANLGILHVTKKKVFETLETRMIDACKKGYNPGLLVHPELGYLQAEGCGDRQLTEREREIIRQAAVQQTKEMDLSVVRLMFTAFLPDSNGGFTRRLDPVISDAIYDSKAPNASNLKIVRMDRTAGCVTGGEEIYLLCDKVQKDDIQIRFYEEDENGGMWEGFGDFSPTDVHRQFAIVFKTPKYRDVNITKPASVFVQLRRKSDLETSEPKPFLYYPEIKDKEEVQRKRQKLMPNFSDGYGGGSGAGGGGMFGGGGGGAGSGFSYPSYGYSAFGGMHFHPGTTKSNAGMKHELSNSTVKKDEESSDKQSDKWDTKHDVKVETVEKNECRTSGHNEEKEDASLCCKDEGNKPKCGCQDGLFLEKAMQLAKRHCNRLFDYAVTGDVRMLLAVQRHLTAVQDDNGDNVLHLSIIHLHRELVKNLLEVMPDMNYNNIINMRNDLYQTPLHLAVITKQAEVVEDLLKAGANVNLLDRHGNSVLHLAAAEGDDKILSLLLKHQKASSMIDLSNGEGLSAIHMVVTANSLSCLKLLIAAGVDVNAQEQKSGRTALHLAVEQENVPLAGCLLLEGDADVDSTTYDGTTPLHIAAGRGFTKLAAVLKAAGADPHVENFEPLFDVEEDVKDDDDDEGIVPGTTPLDMAANWEVYDILNGKPYIAAAAVSEDLLSQGPLRELNESSKQQLYKLLETPDPSKNWSTLAEKLGLGILNNAFQLSPSPSKTLLDNYKISGGTGQELIAAFTQMDHTEAIEVIQKALSSSQRQSHQEDKTIEAFPSLSPTSFAKEETGELYNHKFQDPESTCDSGVETSFRKLSFTYSDSLNSKSSITLSKMTLGYGRKAQCKAVIYLTR
NFKB1_00008,NFKB1,1CQH_B,13,1CQG_B,"Chain B, High Resolution Solution Nmr Structure Of Mixed Disulfide (residues 59-71 of the p50 subunit of nfkb)",Homo sapiens (human),9606,,,159162172,,,,1CQG,P27695 ,PATLKICSWNVDG
NFKB1_00009,NFKB1,1CQG_B,13,1CQH_B,"Chain B, High Resolution Solution Nmr Structure Of Mixed Disulfide (Fragment: residues 59 - 71 of the p50 subunit of nfkb)",Homo sapiens (human),9606,,,159162173,,,,1CQH,P27695 ,PATLKICSWNVDG
NFKB1_00010,NFKB1,"1MDJ_B,1MDK_B",13,1MDI_B,"Chain B, High Resolution Solution Nmr Structure Of Mixed Disulfide Intermediate Between Mutant Human Thioredoxin And A 13 Residue Peptide Comprising Its Target Site In Human Nfkb",Homo sapiens (human),9606,,,159162684,,,,1MDI,P19838,FRFRYVCEGPSHG
NFKB1_00011,NFKB1,"1MDI_B, 1MDK_B",13,1MDJ_B,"Chain B, High Resolution Solution Nmr Structure Of Mixed Disulfide",Homo sapiens (human),9606,,,159162685,,,,1MDJ,P19838,FRFRYVCEGPSHG
NFKB1_00012,NFKB1,"1MDI_B, 1MDJ_B",13,1MDK_B,"Chain B, High Resolution Solution Nmr Structure Of Mixed Disulfide (residues 56-68 of the p50 subunit of nfkb)",Homo sapiens (human),9606,,,159162686,,,,1MDK,P19838,FRFRYVCEGPSHG
NFKB1_00013,NFKB1,,325,1NFK_B,"Chain B, Structure Of The Nuclear Factor Kappa-B (Nf-Kb) P50",Homo sapiens (human),9606,,,253722293,,,,1NFK,P19838,GPYLQILEQPKQRGFRFRYVCEGPSHGGLPGASSEKNKKSYPQVKICNYVGPAKVIVQLVTNGKNIHLHAHSLVGKHCEDGVCTVTAGPKDMVVGFANLGILHVTKKKVFETLEARMTEACIRGYNPGLLVHSDLAYLQAEGGGDRQLTDREKEIIRQAAVQQTKEMDLSVVRLMFTAFLPDSTGSFTRRLEPVVSDAIYDSKAPNASNLKIVRMDRTAGCVTGGEEIYLLCDKVQKDDIQIRFYEEEENGGVWEGFGDFSPTDVHRQFAIVFKTPKYKDVNITKPASVFVQLRRKSDLETSEPKPFLYYPEIKDKEEVQRKRQK
NFKB1_00014,NFKB1,1NFI_D,107,1NFI_B,"Chain B, I-kappa-b-alpha/nf-kappa-b complex ",Homo sapiens (human),9606,,,4139960,,,,1NFK,P19838,SNLKIVRMDRTAGCVTGGEEIYLLCDKVQKDDIQIRFYEEEENGGVWEGFGDFSPTDVHRQFAIVFKTPKYKDINITKPASVFVQLRRKSDLETSEPKPFLYYPEIK
NFKB1_00015,NFKB1,1NFI_B,107,1NFI_D,"Chain D, I-kappa-b-alpha/nf-kappa-b complex ",Homo sapiens (human),9606,,,4139962,,,,1NFK,P19838,SNLKIVRMDRTAGCVTGGEEIYLLCDKVQKDDIQIRFYEEEENGGVWEGFGDFSPTDVHRQFAIVFKTPKYKDINITKPASVFVQLRRKSDLETSEPKPFLYYPEIK
NFKB1_00016,NFKB1,,365,1SVC_P,"Chain P, Nfkb P50 Homodimer Bound To Dna.",Homo sapiens (human),9606,,,1633504,,,,1SVC,,AEDDPYLGRPEQMFHLDPSLTHTIFNPEVFQPQMALPTADGPYLQILEQPKQRGFRFRYVAEGPSHGGLPGASSEKNKKSYPQVKICNYVGPAKVIVQLVTNGKNIHLHAHSLVGKHCEDGICTVTAGPKDMVVGFANLGILHVTKKKVFETLEARMTEACIRGYNPGLLVHPDLAYLQAEGGGDRQLGDREKELIRQAALQQTKEMDLSVVRLMFTAFLPDSTGSFTRRLEPVVSDAIYDSKAPNASNLKIVRMDRTAGCVTGGEEIYLLCDKVQKDDIQIRFYEEEENGGVWEGFGDFSPTDVHRQFAIVFKTPKYKDINITKPASVFVQLRRKSDLETSEPKPFLYYPEIKDKEEVQRKRQK
NFKB1_00017,NFKB1,,100,2DBF_A,"Chain A, Solution Structure Of The Death Domain In Human Nuclear factor NF-kappa-B p105 subunit",Homo sapiens (human),9606,,,159164072,,,,2DBF,P19838,GSSGSSGDMKQLAEDVKLQLYKLLEIPDPDKNWATLAQKLGLGILNNAFRLSPAPSKTLMDNYEVSGGTVRELVEALRQMGYTEAIEVIQAASSSGPSSG
NFKB1_00018,NFKB1,,314,2O61_B,"Chain B, Crystal Structure of NFkB, IRF7, IRF3 bound to the interferon-b enhancer",Homo sapiens (human),9606,,,157835482,,,,2O61,P19838,MDGPYLQILEQPKQRGFRFRYVCEGPSHGGLPGASSEKNKKSYPQVKICNYVGPAKVIVQLVTNGKNIHLHAHSLVGKHCEDGICTVTAGPKDMVVGFANLGILHVTKKKVFETLEARMTEACIRGYNPGLLVHPDLAYLQAEGGGDRQLGDREKELIRQAALQQTKEMDLSVVRLMFTAFLPDSTGSFTRRLEPVVSDAIYDSKAPNASNLKIVRMDRTAGCVTGGEEIYLLCDKVQKDDIQIRFYEEEENGGVWEGFGDFSPTDVHRQFAIVFKTPKYKDINITKPASVFVQLRRKSDLETSEPKPFLYYPE
NFKB1_00019,NFKB1,"3GUT_D, 3GUT_F, 3GUT_H",312,3GUT_B,"Chain B, Crystal Structure Of A Higher-Order Complex Of P50:rela",Homo sapiens (human),9606,,,257471875,,,,3GUT,,GPYLQILEQPKQRGFRFRYVCEGPSHGGLPGASSEKNKKSYPQVKICNYVGPAKVIVQLVTNGKNIHLHAHSLVGKHCEDGVCTVTAGPKDMVVGFANLGILHVTKKKVFETLEARMTEACIRGYNPGLLVHSDLAYLQAEGGGDRQLTDREKEIIRQAAVQQTKEMDLSVVRLMFTAFLPDSTGSFTRRLEPVVSDAIYDSKAPNASNLKIVRMDRTAGCVTGGEEIYLLCDKVQKDDIQIRFYEEEENGGVWEGFGDFSPTDVHRQFAIVFKTPKYKDVNITKPASVFVQLRRKSDLETSEPKPFLYYPE
NFKB1_00020,NFKB1,"3GUT_B, 3GUT_F, 3GUT_H",312,3GUT_D,"Chain D, Crystal Structure Of A Higher-Order Complex Of P50:rela",Homo sapiens (human),9606,,,257471877,,,,3GUT,,GPYLQILEQPKQRGFRFRYVCEGPSHGGLPGASSEKNKKSYPQVKICNYVGPAKVIVQLVTNGKNIHLHAHSLVGKHCEDGVCTVTAGPKDMVVGFANLGILHVTKKKVFETLEARMTEACIRGYNPGLLVHSDLAYLQAEGGGDRQLTDREKEIIRQAAVQQTKEMDLSVVRLMFTAFLPDSTGSFTRRLEPVVSDAIYDSKAPNASNLKIVRMDRTAGCVTGGEEIYLLCDKVQKDDIQIRFYEEEENGGVWEGFGDFSPTDVHRQFAIVFKTPKYKDVNITKPASVFVQLRRKSDLETSEPKPFLYYPE
NFKB1_00021,NFKB1,"3GUT_B, 3GUT_D, 3GUT_H",312,3GUT_F,"Chain F, Crystal Structure Of A Higher-Order Complex Of P50:rela",Homo sapiens (human),9606,,,257471879,,,,3GUT,,GPYLQILEQPKQRGFRFRYVCEGPSHGGLPGASSEKNKKSYPQVKICNYVGPAKVIVQLVTNGKNIHLHAHSLVGKHCEDGVCTVTAGPKDMVVGFANLGILHVTKKKVFETLEARMTEACIRGYNPGLLVHSDLAYLQAEGGGDRQLTDREKEIIRQAAVQQTKEMDLSVVRLMFTAFLPDSTGSFTRRLEPVVSDAIYDSKAPNASNLKIVRMDRTAGCVTGGEEIYLLCDKVQKDDIQIRFYEEEENGGVWEGFGDFSPTDVHRQFAIVFKTPKYKDVNITKPASVFVQLRRKSDLETSEPKPFLYYPE
NFKB1_00022,NFKB1,"3GUT_B, 3GUT_D, 3GUT_F",312,3GUT_H,"Chain H, Crystal Structure Of A Higher-Order Complex Of P50:rela",Homo sapiens (human),9606,,,257471881,,,,3GUT,,GPYLQILEQPKQRGFRFRYVCEGPSHGGLPGASSEKNKKSYPQVKICNYVGPAKVIVQLVTNGKNIHLHAHSLVGKHCEDGVCTVTAGPKDMVVGFANLGILHVTKKKVFETLEARMTEACIRGYNPGLLVHSDLAYLQAEGGGDRQLTDREKEIIRQAAVQQTKEMDLSVVRLMFTAFLPDSTGSFTRRLEPVVSDAIYDSKAPNASNLKIVRMDRTAGCVTGGEEIYLLCDKVQKDDIQIRFYEEEENGGVWEGFGDFSPTDVHRQFAIVFKTPKYKDVNITKPASVFVQLRRKSDLETSEPKPFLYYPE
NFKB1_00023,NFKB1,,550,AAH33210,NFKB1 protein -Homo sapiens .,Homo sapiens (human),9606,,NFKB1,21620132,,7794,,,,FHPGTTKSNAGMKHGTMDTESKKDPEGCDKSDDKNTVNLFGKVIETTEQDQEPSEATVGNGEVTLTYATGTKEESAGVQDNLFLEKAMQLAKRHANALFDYAVTGDVKMLLAVQRHLTAVQDENGDSVLHLAIIHLHSQLVRDLLEVTSGLISDDIINMRNDLYQTPLHLAVITKQEDVVEDLLRAGADLSLLDRLGNSVLHLAAKEGHDKVLSILLKHKKAALLLDHPNGDGLNAIHLAMMSNSLPCLLLLVAAGADVNAQEQKSGRTALHLAVEHDNISLAGCLLLEGDAHVDSTTYDGTTPLHIAAGRGSTRLAALLKAAGADPLVENFEPLYDLDDSWENAGEDEGVVPGTTPLDMATSWQVFDILNGKPYEPEFTSDDLLAQGDMKQLAEDVKLQLYKLLEIPDPDKNWATLAQKLGLGILNNAFRLSPAPSKTLMDNYEVSGGTVRELVEALRQMGYTEAIEVIQAASSPVKTTSQAHSLPLSPASTRQQIDELRDSDSVCDSGVETSFRKLSFTESLTSGASLLTLNKMPHDYGQEGPLEGKI
NFKB1_00024,NFKB1,,968,AAO30127,nuclear factor of kappa light polypeptide gene enhancer in B-cells,Homo sapiens (human),9606,,NFKB1,28200581,,,,,,MAEDDPYLGRPEQMFHLDPSLTHTIFNPEVFQPQMALPTDGPYLQILEQPKQRGFRFRYVCEGPSHGGLPGASSEKNKKSYPQVKICNYVGPAKVIVQLVTNGKNIHLHAHSLVGKHCEDGICTVTAGPKDMVVGFANLGILHVTKKKVFETLEARMTEACIRGYNPGLLVHPDLAYLQAEGGGDRQLGDREKELIRQAALQQTKEMDLSVVRLMFTAFLPDSTGSFTRRLEPVVSDAIYDSKAPNASNLKIVRMDRTAGCVTGGEEIYLLCDKVQKDDIQIRFYEEEENGGVWEGFGDFSPTDVHRQFAIVFKTPKYKDINITKPASVFVQLRRKSDLETSEPKPFLYYPEIKDKEEVQRKRQKLMPNFSDSFGGGSGAGAGGGGMFGSGGGGGGTGSTGPGYSFPHYGFPTYGGITFHPGTTKSNAGMKHGTMDTESKKDPEGCDKSDDKNTVNLFGKVIETTEQDQEPSEATVGNGEVTLTYATGTKEESAGVQDNLFLEKAMQLAKRHANALFDYAVTGDVKMLLAVQRHLTAVQDENGDSVLHLAIIHLHSQLVRDLLEVTSGLISDDIINMRNDLYQTPLHLAVITKQEDVVEDLLRAGADLSLLDRLGNSVLHLAAKEGHDKVLSILLKHKKAALLLDHPNGDGLNAIHLAMMSNSLPCLLLLVAAGADVNAQEQKSGRTALHLAVEHDNISLAGCLLLEGDAHVDSTTYDGTTPLHIAAGRGSTRLAALLKAAGADPLVENFEPLYDLDDSWENAGEDEGVVPGTTPLDMATSWQVFDILNGKPYEPEFTSDDLLAQGDMKQLAEDVKLQLYKLLEIPDPDKNWATLAQKLGLGILNNAFRLSPAPSKTLMDNYEVSGGTVRELVEALRQMGYTEAIEVIQAASSPVKTTSQAHSLPLSPASTRQQIDELRDSDSVCDSGVETSFRKLSFTESLTSGASLLTLNKMPHDYGQEGPLEGKI
NFKB1_00025,NFKB1,,969,CAB94757,NFKB1 -Homo sapiens .,Homo sapiens (human),9606,,NFKB1,8574070,,7794,,1MDI,,MAEDDPYLGRPEQMFHLDPSLTHTIFNPEVFQPQMALPTDGPYLQILEQPKQRGFRFRYVCEGPSHGGLPGASSEKNKKSYPQVKICNYVGPAKVIVQLVTNGKNIHLHAHSLVGKHCEDGICTVTAGPKDMVVGFANLGILHVTKKKVFETLEARMTEACIRGYNPGLLVHPDLAYLQAEGGGDRQLGDREKELIRQAALQQTKEMDLSVVRLMFTAFLPDSTGSFTRRLEPVVSDAIYDSSEAPNASNLKIVRMDRTAGCVTGGEEIYLLCDKVQKDDIQIRFYEEEENGGVWEGFGDFSPTDVHRQFAIVFKTPKYKDINITKPASVFVQLRRKSDLETSEPKPFLYYPEIKDKEEVQRKRQKLMPNFSDSFGGGSGAGAGGGGMFGSGGGGGGTGSTGPGYSFPHYGFPTYGGITFHPGTTKSNAGMKHGTMDTESKKDPEGCDKSDDKNTVNLFGKVIETTEQDQEPSEATVGNGEVTLTYATGTKEESAGVQDNLFLEKAMQLAKRHANALFDYAVTGDVKMLLAVQRHLTAVQDENGDSVLHLASSHLHSQLVRDLLEVTSGLISDDIINMRNDLYQTPLHLAVITKQEDVVEDLLRAGADLSLLDRLGNSVLHLAAKEGHDKVLSILLKHKKAALLLDHPNGDGLNAIHLAMMSNSLPCLLLLVAAGADVNAQEQKSGRTALHLAVEHDNISLAGCLLLEGDAHVDSTTYDGTTPLHIVAGRGSTRLAALLKAAGADPLVENFEPLYDLDDSWENAGEDEGVVPGTTPLDMATSWQVFDILNGKPYEPEFTSDDLLAQGDMKQLAEDVKLQLYKLLEIPDPDKNWATLAQKLGLGILNNAFRLSPAPSKTLMDNYEVSGGTIRELVEALRQMGYTEAIEVIQAASSPVKTTSQAHSLPLSPASTRQQIDELRDSDSVCDTGVETSFRKLSFTESLTSGASLLTLNKMPHDYGQEGPLEGKI
NFKB1_00026,NFKB1,,969,EAX06134,nuclear factor of kappa light polypeptide gene enhancer in B-cells,Homo sapiens (human),9606,4,NFKB1,119626539,,,,,,MAEDDPYLGRPEQMFHLDPSLTHTIFNPEVFQPQMALPTADGPYLQILEQPKQRGFRFRYVCEGPSHGGLPGASSEKNKKSYPQVKICNYVGPAKVIVQLVTNGKNIHLHAHSLVGKHCEDGICTVTAGPKDMVVGFANLGILHVTKKKVFETLEARMTEACIRGYNPGLLVHPDLAYLQAEGGGDRQLGDREKELIRQAALQQTKEMDLSVVRLMFTAFLPDSTGSFTRRLEPVVSDAIYDSKAPNASNLKIVRMDRTAGCVTGGEEIYLLCDKVQKDDIQIRFYEEEENGGVWEGFGDFSPTDVHRQFAIVFKTPKYKDINITKPASVFVQLRRKSDLETSEPKPFLYYPEIKDKEEVQRKRQKLMPNFSDSFGGGSGAGAGGGGMFGSGGGGGGTGSTGPGYSFPHYGFPTYGGITFHPGTTKSNAGMKHGTMDTESKKDPEGCDKSDDKNTVNLFGKVIETTEQDQEPSEATVGNGEVTLTYATGTKEESAGVQDNLFLEKAMQLAKRHANALFDYAVTGDVKMLLAVQRHLTAVQDENGDSVLHLAIIHLHSQLVRDLLEVTSGLISDDIINMRNDLYQTPLHLAVITKQEDVVEDLLRAGADLSLLDRLGNSVLHLAAKEGHDKVLSILLKHKKAALLLDHPNGDGLNAIHLAMMSNSLPCLLLLVAAGADVNAQEQKSGRTALHLAVEHDNISLAGCLLLEGDAHVDSTTYDGTTPLHIAAGRGSTRLAALLKAAGADPLVENFEPLYDLDDSWENAGEDEGVVPGTTPLDMATSWQVFDILNGKPYEPEFTSDDLLAQGDMKQLAEDVKLQLYKLLEIPDPDKNWATLAQKLGLGILNNAFRLSPAPSKTLMDNYEVSGGTVRELVEALRQMGYTEAIEVIQAASSPVKTTSQAHSLPLSPASTRQQIDELRDSDSVCDSGVETSFRKLSFTESLTSGASLLTLNKMPHDYGQEGPLEGKI
NFKB1_00027,NFKB1,,968,EAX06135,nuclear factor of kappa light polypeptide gene enhancer in B-cells,Homo sapiens (human),9606,4,NFKB1,119626540,,,,,,MAEDDPYLGRPEQMFHLDPSLTHTIFNPEVFQPQMALPTDGPYLQILEQPKQRGFRFRYVCEGPSHGGLPGASSEKNKKSYPQVKICNYVGPAKVIVQLVTNGKNIHLHAHSLVGKHCEDGICTVTAGPKDMVVGFANLGILHVTKKKVFETLEARMTEACIRGYNPGLLVHPDLAYLQAEGGGDRQLGDREKELIRQAALQQTKEMDLSVVRLMFTAFLPDSTGSFTRRLEPVVSDAIYDSKAPNASNLKIVRMDRTAGCVTGGEEIYLLCDKVQKDDIQIRFYEEEENGGVWEGFGDFSPTDVHRQFAIVFKTPKYKDINITKPASVFVQLRRKSDLETSEPKPFLYYPEIKDKEEVQRKRQKLMPNFSDSFGGGSGAGAGGGGMFGSGGGGGGTGSTGPGYSFPHYGFPTYGGITFHPGTTKSNAGMKHGTMDTESKKDPEGCDKSDDKNTVNLFGKVIETTEQDQEPSEATVGNGEVTLTYATGTKEESAGVQDNLFLEKAMQLAKRHANALFDYAVTGDVKMLLAVQRHLTAVQDENGDSVLHLAIIHLHSQLVRDLLEVTSGLISDDIINMRNDLYQTPLHLAVITKQEDVVEDLLRAGADLSLLDRLGNSVLHLAAKEGHDKVLSILLKHKKAALLLDHPNGDGLNAIHLAMMSNSLPCLLLLVAAGADVNAQEQKSGRTALHLAVEHDNISLAGCLLLEGDAHVDSTTYDGTTPLHIAAGRGSTRLAALLKAAGADPLVENFEPLYDLDDSWENAGEDEGVVPGTTPLDMATSWQVFDILNGKPYEPEFTSDDLLAQGDMKQLAEDVKLQLYKLLEIPDPDKNWATLAQKLGLGILNNAFRLSPAPSKTLMDNYEVSGGTVRELVEALRQMGYTEAIEVIQAASSPVKTTSQAHSLPLSPASTRQQIDELRDSDSVCDSGVETSFRKLSFTESLTSGASLLTLNKMPHDYGQEGPLEGKI
NFKB1_00028,NFKB1,,968,EAX06136,nuclear factor of kappa light polypeptide gene enhancer in B-cells,Homo sapiens (human),9606,4,NFKB1,119626541,,,,,,MAEDDPYLGRPEQMFHLDPSLTHTIFNPEVFQPQMALPTDGPYLQILEQPKQRGFRFRYVCEGPSHGGLPGASSEKNKKSYPQVKICNYVGPAKVIVQLVTNGKNIHLHAHSLVGKHCEDGICTVTAGPKDMVVGFANLGILHVTKKKVFETLEARMTEACIRGYNPGLLVHPDLAYLQAEGGGDRQLGDREKELIRQAALQQTKEMDLSVVRLMFTAFLPDSTGSFTRRLEPVVSDAIYDSKAPNASNLKIVRMDRTAGCVTGGEEIYLLCDKVQKDDIQIRFYEEEENGGVWEGFGDFSPTDVHRQFAIVFKTPKYKDINITKPASVFVQLRRKSDLETSEPKPFLYYPEIKDKEEVQRKRQKLMPNFSDSFGGGSGAGAGGGGMFGSGGGGGGTGSTGPGYSFPHYGFPTYGGITFHPGTTKSNAGMKHGTMDTESKKDPEGCDKSDDKNTVNLFGKVIETTEQDQEPSEATVGNGEVTLTYATGTKEESAGVQDNLFLEKAMQLAKRHANALFDYAVTGDVKMLLAVQRHLTAVQDENGDSVLHLAIIHLHSQLVRDLLEVTSGLISDDIINMRNDLYQTPLHLAVITKQEDVVEDLLRAGADLSLLDRLGNSVLHLAAKEGHDKVLSILLKHKKAALLLDHPNGDGLNAIHLAMMSNSLPCLLLLVAAGADVNAQEQKSGRTALHLAVEHDNISLAGCLLLEGDAHVDSTTYDGTTPLHIAAGRGSTRLAALLKAAGADPLVENFEPLYDLDDSWENAGEDEGVVPGTTPLDMATSWQVFDILNGKPYEPEFTSDDLLAQGDMKQLAEDVKLQLYKLLEIPDPDKNWATLAQKLGLGILNNAFRLSPAPSKTLMDNYEVSGGTVRELVEALRQMGYTEAIEVIQAASSPVKTTSQAHSLPLSPASTRQQIDELRDSDSVCDSGVETSFRKLSFTESLTSGASLLTLNKMPHDYGQEGPLEGKI
NFKB1_00029,NFKB1,,968,P19838,Nuclear factor NF-kappa-B p105 subunit; AltName:,Homo sapiens (human),9606,,NFKB1,21542418,,,"IPR002110,IPR020683,IPR000488,IPR011029,IPR013783,IPR014756,IPR002909,IPR000451,IPR008967,IPR011539","1MDI_B,1MDJ_B,1MDK_B,1NFI_B,1NFI_D,1SVC_P,2DBF_A,2O61_B,3GUT_B,3GUT_D,3GUT_F,3GUT_H",P19838,MAEDDPYLGRPEQMFHLDPSLTHTIFNPEVFQPQMALPTDGPYLQILEQPKQRGFRFRYVCEGPSHGGLPGASSEKNKKSYPQVKICNYVGPAKVIVQLVTNGKNIHLHAHSLVGKHCEDGICTVTAGPKDMVVGFANLGILHVTKKKVFETLEARMTEACIRGYNPGLLVHPDLAYLQAEGGGDRQLGDREKELIRQAALQQTKEMDLSVVRLMFTAFLPDSTGSFTRRLEPVVSDAIYDSKAPNASNLKIVRMDRTAGCVTGGEEIYLLCDKVQKDDIQIRFYEEEENGGVWEGFGDFSPTDVHRQFAIVFKTPKYKDINITKPASVFVQLRRKSDLETSEPKPFLYYPEIKDKEEVQRKRQKLMPNFSDSFGGGSGAGAGGGGMFGSGGGGGGTGSTGPGYSFPHYGFPTYGGITFHPGTTKSNAGMKHGTMDTESKKDPEGCDKSDDKNTVNLFGKVIETTEQDQEPSEATVGNGEVTLTYATGTKEESAGVQDNLFLEKAMQLAKRHANALFDYAVTGDVKMLLAVQRHLTAVQDENGDSVLHLAIIHLHSQLVRDLLEVTSGLISDDIINMRNDLYQTPLHLAVITKQEDVVEDLLRAGADLSLLDRLGNSVLHLAAKEGHDKVLSILLKHKKAALLLDHPNGDGLNAIHLAMMSNSLPCLLLLVAAGADVNAQEQKSGRTALHLAVEHDNISLAGCLLLEGDAHVDSTTYDGTTPLHIAAGRGSTRLAALLKAAGADPLVENFEPLYDLDDSWENAGEDEGVVPGTTPLDMATSWQVFDILNGKPYEPEFTSDDLLAQGDMKQLAEDVKLQLYKLLEIPDPDKNWATLAQKLGLGILNNAFRLSPAPSKTLMDNYEVSGGTVRELVEALRQMGYTEAIEVIQAASSPVKTTSQAHSLPLSPASTRQQIDELRDSDSVCDSGVETSFRKLSFTESLTSGASLLTLNKMPHDYGQEGPLEGKI
NFKB1_00030,NFKB1,,106,1BFS_A,"Chain A, Structure Of Nf-Kb P50 Homodimer Bound To A Kb Site.",Mus musculus (house mouse),10090,,,157830281,,,,1BFS,P25799,ASNLKIVRMDRTAGCVTGGEEIYLLCDKVQKDDIQIRFYEEEENGGVWEGFGDFSPTDVHRQFAIVFKTPKYKDVNITKPASVFVQLRRKSDLETSEPKPFLYYPE
NFKB1_00031,NFKB1,1OOA_B,326,1OOA_A,"Chain A, Crystal Structure Of Nf-Kb(P50)2 Complexed To A High-",Mus musculus (house mouse),10090,,,34811259,,,,1OOA,P25799,GGPYLQILEQPKQRGFRFRYVCEGPSHGGLPGASSEKNKKSYPQVKICNYVGPAKVIVQLVTNGKNIHLHAHSLVGKHCEDGVCTVTAGPKDMVVGFANLGILHVTKKKVFETLEARMTEACIRGYNPGLLVHSDLAYLQAEGGGDRQLTDREKEIIRQAAVQQTKEMDLSVVRLMFTAFLPDSTGSFTRRLEPVVSDAIYDSKAPNASNLKIVRMDRTAGCVTGGEEIYLLCDKVQKDDIQIRFYEEEENGGVWEGFGDFSPTDVHRQFAIVFKTPKYKDVNITKPASVFVQLRRKSDLETSEPKPFLYYPEIKDKEEVQRKRQK
NFKB1_00032,NFKB1,1OOA_A,326,1OOA_B,"Chain B, Crystal Structure Of Nf-Kb(P50)2 Complexed To A High-",Mus musculus (house mouse),10090,,,34811260,,,,1OOA,P25799,GGPYLQILEQPKQRGFRFRYVCEGPSHGGLPGASSEKNKKSYPQVKICNYVGPAKVIVQLVTNGKNIHLHAHSLVGKHCEDGVCTVTAGPKDMVVGFANLGILHVTKKKVFETLEARMTEACIRGYNPGLLVHSDLAYLQAEGGGDRQLTDREKEIIRQAAVQQTKEMDLSVVRLMFTAFLPDSTGSFTRRLEPVVSDAIYDSKAPNASNLKIVRMDRTAGCVTGGEEIYLLCDKVQKDDIQIRFYEEEENGGVWEGFGDFSPTDVHRQFAIVFKTPKYKDVNITKPASVFVQLRRKSDLETSEPKPFLYYPEIKDKEEVQRKRQK
NFKB1_00033,NFKB1,,106,1U36_A,"Chain A, Crystal Stucture Of Wlac Mutant Of Dimerisation Domain Of",Mus musculus (house mouse),10090,,,52695976,,,,1U36,P25799,ASNLKIVRMDRTAGCVTGGEEIWLLCDKVQKDDIQIRFYEEEENGGVWEGFGDFSPTDVHRQFAICFKTPKYKDVNITKPASVFVQLRRKSDLETSEPKPFLYYPE
NFKB1_00034,NFKB1,,106,1U3J_A,"Chain A, Crystal Stucture Of Mlav Mutant Of Dimerisation Domain Of",Mus musculus (house mouse),10090,,,52695983,,,,1U3J,P25799,ASNLKIVRMDRTAGCVTGGEEIMLLCDKVQKDDIQIRFYEEEENGGVWEGFGDFSPTDVHRQFAIVFKTPKYKDVNITKPASVFVQLRRKSDLETSEPKPFLYYPE
NFKB1_00035,NFKB1,,106,1U3Y_A,"Chain A, Crystal Stucture Of Ilac Mutant Of Dimerisation Domain Of",Mus musculus (house mouse),10090,,,52695986,,,,1U3Y,P25799,ASNLKIVRMDRTAGCVTGGEEIILLCDKVQKDDIQIRFYEEEENGGVWEGFGDFSPTDVHRQFAICFKTPKYKDVNITKPASVFVQLRRKSDLETSEPKPFLYYPE
NFKB1_00036,NFKB1,,106,1U3Z_A,"Chain A, Crystal Stucture Of Mlac Mutant Of Dimerisation Domain Of",Mus musculus (house mouse),10090,,,52695987,,,,1U3Z,P25799,ASNLKIVRMDRTAGCVTGGEEIMLLCDKVQKDDIQIRFYEEEENGGVWEGFGDFSPTDVHRQFAICFKTPKYKDVNITKPASVFVQLRRKSDLETSEPKPFLYYPE
NFKB1_00037,NFKB1,,106,1U41_A,"Chain A, Crystal Stucture Of Ylgv Mutant Of Dimerisation Domain Of",Mus musculus (house mouse),10090,,,52695989,,,,1U41,P25799,ASNLKIVRMDRTAGCVTGGEEIYLLCDKVQKDDIQIRFYEEEENGGVWEGFGDFSPTDVHRQFGIVFKTPKYKDVNITKPASVFVQLRRKSDLETSEPKPFLYYPE
NFKB1_00038,NFKB1,,106,1U41_B,"Chain B, Crystal Stucture Of Ylgv Mutant Of Dimerisation Domain Of",Mus musculus (house mouse),10090,,,52695990,,,,1U41,P25799,ASNLKIVRMDRTAGCVTGGEEIYLLCDKVQKDDIQIRFYEEEENGGVWEGFGDFSPTDVHRQFGIVFKTPKYKDVNITKPASVFVQLRRKSDLETSEPKPFLYYPE
NFKB1_00039,NFKB1,,106,1U41_C,"Chain C, Crystal Stucture Of Ylgv Mutant Of Dimerisation Domain Of",Mus musculus (house mouse),10090,,,52695991,,,,1U41,P25799,ASNLKIVRMDRTAGCVTGGEEIYLLCDKVQKDDIQIRFYEEEENGGVWEGFGDFSPTDVHRQFGIVFKTPKYKDVNITKPASVFVQLRRKSDLETSEPKPFLYYPE
NFKB1_00040,NFKB1,,106,1U41_D,"Chain D, Crystal Stucture Of Ylgv Mutant Of Dimerisation Domain Of",Mus musculus (house mouse),10090,,,52695992,,,,1U41,P25799,ASNLKIVRMDRTAGCVTGGEEIYLLCDKVQKDDIQIRFYEEEENGGVWEGFGDFSPTDVHRQFGIVFKTPKYKDVNITKPASVFVQLRRKSDLETSEPKPFLYYPE
NFKB1_00041,NFKB1,,106,1U42_A,"Chain A, Crystal Stucture Of Mlam Mutant Of Dimerisation Domain Of",Mus musculus (house mouse),10090,,,52695993,,,,1U42,P25799,ASNLKIVRMDRTAGCVTGGEEIMLLCDKVQKDDIQIRFYEEEENGGVWEGFGDFSPTDVHRQFAIMFKTPKYKDVNITKPASVFVQLRRKSDLETSEPKPFLYYPE
NFKB1_00042,NFKB1,,312,1VKX_B,"Chain B, Crystal Structure Of The Nfkb P50P65 HETERODIMER COMPLEXED",Mus musculus (house mouse),10090,,,4139751,,,,1VKX,P25799,GPYLQILEQPKQRGFRFRYVCEGPSHGGLPGASSEKNKKSYPQVKICNYVGPAKVIVQLVTNGKNIHLHAHSLVGKHCEDGVCTVTAGPKDMVVGFANLGILHVTKKKVFETLEARMTEACIRGYNPGLLVHSDLAYLQAEGGGDRQLTDREKEIIRQAAVQQTKEMDLSVVRLMFTAFLPDSTGSFTRRLEPVVSDAIYDSKAPNASNLKIVRMDRTAGCVTGGEEIYLLCDKVQKDDIQIRFYEEEENGGVWEGFGDFSPTDVHRQFAIVFKTPKYKDVNITKPASVFVQLRRKSDLETSEPKPFLYYPE
NFKB1_00043,NFKB1,,313,2I9T_B,"Chain B, Structure Of Nf-Kb P65-P50 Heterodimer Bound To Prdii",Mus musculus (house mouse),10090,,,126030719,,,,2I9T,P25799,MGPYLQILEQPKQRGFRFRYVCEGPSHGGLPGASSEKNKKSYPQVKICNYVGPAKVIVQLVTNGKNIHLHAHSLVGKHCEDGVCTVTAGPKDMVVGFANLGILHVTKKKVFETLEARMTEACIRGYNPGLLVHSDLAYLQAEGGGDRQLTDREKEIIRQAAVQQTKEMDLSVVRLMFTAFLPDSTGSFTRRLEPVVSDAIYDSKAPNASNLKIVRMDRTAGCVTGGEEIYLLCDKVQKDDIQIRFYEEEENGGVWEGFGDFSPTDVHRQFAIVFKTPKYKDVNITKPASVFVQLRRKSDLETSEPKPFLYYPE
NFKB1_00044,NFKB1,,326,2V2T_B,"Chain B, X-Ray Structure Of A Nf-Kb P50-Relb-Dna Complex.",Mus musculus (house mouse),10090,,,151568129,,,,2V2T,P25799,DGPYLQILEQPKQRGFRFRYVCEGPSHGGLPGASSEKNKKSYPQVKICNYVGPAKVIVQLVTNGKNIHLHAHSLVGKHCEDGVCTVTAGPKDMVVGFANLGILHVTKKKVFETLEARMTEACIRGYNPGLLVHSDLAYLQAEGGGDRQLTDREKEIIRQAAVQQTKEMDLSVVRLMFTAFLPDSTGSFTRRLEPVVSDAIYDSKAPNASNLKIVRMDRTAGCVTGGEEIYLLCDKVQKDDIQIRFYEEEENGGVWEGFGDFSPTDVHRQFAIVFKTPKYKDVNITKPASVFVQLRRKSDLETSEPKPFLYYPEIKDKEEVQRKRQK
NFKB1_00045,NFKB1,,357,AAH50841,Nfkb1 protein -Mus musculus .,Mus musculus (house mouse),10090,,Nfkb1,30047197,,,,,,MADDDPYGTGQMFHLNTALTHSIFNAELYSPEIPLSTDGPYLQILEQPKQRGFRFRYVCEGPSHGGLPGASSEKNKKSYPQVKICNYVGPAKVIVQLVTNGKNIHLHAHSLVGKHCEDGVCTVTAGPKDMVVGFANLGILHVTKKKVFETLEARMTEACIRGYNPGLLVHSDLAYLQAEGGGDRQLTDREKEIIRQAAVQQTKEMDLSVVRLMFTAFLPDSTGSFTRRLEPVVSDAIYDSKAPNASNLKIVRMDRTAGCVTGGEEIYLLCDKVQKDDIQIRFYEEEENGGVWEGFGDFSPTDVHRQFAIVFKTPKYKDVNITKPASVFVQLRRKSDLETSEPKPFLYYPEIKGTWVV
NFKB1_00046,NFKB1,,971,AAI38536,Nuclear factor of kappa light polypeptide gene enhancer in B-cells,Mus musculus (house mouse),10090,,Nfkb1,187951085,,,,,,MADDDPYGTGQMFHLNTALTHSIFNAELYSPEIPLSTDGPYLQILEQPKQRGFRFRYVCEGPSHGGLPGASSEKNKKSYPQVKICNYVGPAKVIVQLVTNGKNIHLHAHSLVGKHCEDGVCTVTAGPKDMVVGFANLGILHVTKKKVFETLEARMTEACIRGYNPGLLVHSDLAYLQAEGGGDRQLTDREKEIIRQAAVQQTKEMDLSVVRLMFTAFLPDSTGSFTRRLEPVVSDAIYDSKAPNASNLKIVRMDRTAGCVTGGEEIYLLCDKVQKDDIQIRFYEEEENGGVWEGFGDFSPTDVHRQFAIVFKTPKYKDVNITKPASVFVQLRRKSDLETSEPKPFLYYPEIKDKEEVQRKRQKLMPNFSDSFGGGSGAGAGGGGMFGSGGGGGSTGSPGPGYGYSNYGFPPYGGITFHPGVTKSNAGVTHGTINTKFKNGPKDCAKSDDEESLTLPEKETEGEGPSLPMACTKTEPIALASTMEDKEQDMGFQDNLFLEKALQLARRHANALFDYAVTGDVKMLLAVQRHLTAVQDENGDSVLHLAIIHLHAQLVRDLLEVTSGLISDDIINMRNDLYQTPLHLAVITKQEDVVEDLLRVGADLSLLDRWGNSVLHLAAKEGHDRILSILLKSRKAAPLIDHPNGEGLNAIHIAVMSNSLPCLLLLVAAGAEVNAQEQKSGRTALHLAVEYDNISLAGCLLLEGDAHVDSTTYDGTTPLHIAAGRGSTRLAALLKAAGADPLVENFEPLYDLDDSWEKAGEDEGVVPGTTPLDMAANWQVFDILNGKPYEPVFTSDDILPQGDMKQLTEDTRLQLCKLLEIPDPDKNWATLAQKLGLGILNNAFRLSPAPSKTLMDNYEVSGGTIKELMEALQQMGYTEAIEVIQAAFRTPATTASSPVTTAQVHCLPLSSSSTRQHIDELRDSDSVCDSGVETSFRKLSFTESLTGDSPLLSLNKMPHGYGQEGPIEGKI
NFKB1_00047,NFKB1,,971,AAI38537,Nuclear factor of kappa light polypeptide gene enhancer in B-cells,Mus musculus (house mouse),10090,,Nfkb1,187953953,,,,,,MADDDPYGTGQMFHLNTALTHSIFNAELYSPEIPLSTDGPYLQILEQPKQRGFRFRYVCEGPSHGGLPGASSEKNKKSYPQVKICNYVGPAKVIVQLVTNGKNIHLHAHSLVGKHCEDGVCTVTAGPKDMVVGFANLGILHVTKKKVFETLEARMTEACIRGYNPGLLVHSDLAYLQAEGGGDRQLTDREKEIIRQAAVQQTKEMDLSVVRLMFTAFLPDSTGSFTRRLEPVVSDAIYDSKAPNASNLKIVRMDRTAGCVTGGEEIYLLCDKVQKDDIQIRFYEEEENGGVWEGFGDFSPTDVHRQFAIVFKTPKYKDVNITKPASVFVQLRRKSDLETSEPKPFLYYPEIKDKEEVQRKRQKLMPNFSDSFGGGSGAGAGGGGMFGSGGGGGSTGSPGPGYGYSNYGFPPYGGITFHPGVTKSNAGVTHGTINTKFKNGPKDCAKSDDEESLTLPEKETEGEGPSLPMACTKTEPIALASTMEDKEQDMGFQDNLFLEKALQLARRHANALFDYAVTGDVKMLLAVQRHLTAVQDENGDSVLHLAIIHLHAQLVRDLLEVTSGLISDDIINMRNDLYQTPLHLAVITKQEDVVEDLLRVGADLSLLDRWGNSVLHLAAKEGHDRILSILLKSRKAAPLIDHPNGEGLNAIHIAVMSNSLPCLLLLVAAGAEVNAQEQKSGRTALHLAVEYDNISLAGCLLLEGDAHVDSTTYDGTTPLHIAAGRGSTRLAALLKAAGADPLVENFEPLYDLDDSWEKAGEDEGVVPGTTPLDMAANWQVFDILNGKPYEPVFTSDDILPQGDMKQLTEDTRLQLCKLLEIPDPDKNWATLAQKLGLGILNNAFRLSPAPSKTLMDNYEVSGGTIKELMEALQQMGYTEAIEVIQAAFRTPATTASSPVTTAQVHCLPLSSSSTRQHIDELRDSDSVCDSGVETSFRKLSFTESLTGDSPLLSLNKMPHGYGQEGPIEGKI
NFKB1_00048,NFKB1,,971,BAC84979,NF-kappa-B DNA binding subunit p105 -Mus musculus .,Mus musculus (house mouse),10090,3,Nfkb1,34447179,,,,,,MADDDPYGTGQMFHLNTALTHSIFNAELYSPEIPLSTDGPYLQILEQPKQRGFRFRYVCEGPSHGGLPGASSEKNKKSYPQVKICNYVGPAKVIVQLVTNGKNIHLHAHSLVGKHCEDGVCTVTAGPKDMVVGFANLGILHVTKKKVFETLEARMTEACIRGYNPGLLVHSDLAYLQAEGGGDRQLTDREKEIIRQAAVQQTKEMDLSVVRLMFTAFLPDSTGSFTRRLEPVVSDAIYDSKAPNASNLKIVRMDRTAGCVTGGEEIYLLCDKVQKDDIQIRFYEEEENGGVWEGFGDFSPTDVHRQFAIVFKTPKYKDVNITKPASVFVQLRRKSDLETSEPKPFLYYPEIKDKEEVQRKRQKLMPNFSDSFGGGSGAGAGGGGMFGSGGGGGSTGSPGPGYGYSNYGFPPYGGITFHPGVTKSNAGVTHGTINTKFKNGPKDCAKSDDEESLTLPEKETEGEGPSLPMACTKTEPIALASTMEDKEQDMGFQDNLFLEKALQLARRHANALFDYAVTGDVKMLLAVQRHLTAVQDENGDSVLHLAIIHLHAQLVRDLLEVTSGLISDDIINMRNDLYQTPLHLAVITKQEDVVEDLLRVGADLSLLDRWGNSVLHLAAKEGHDRILSILLKSRKAAPLIDHPNGEGLNAIHIAVMSNSLPCLLLLVAAGAEVNAQEQKSGRTALHLAVEYDNISLAGCLLLEGDAHVDSTTYDGTTPLHIAAGRGSTRLAALLKAAGADPLVENFEPLYDLDDSWEKAGEDEGVVPGTTPLDMAANWQVFDILNGKPYEPVFTSDDILPQGDMKQLTEDTRLQLCKLLEIPDPDKNWATLAQKLGLGILNNAFRLSPAPSKTLMDNYEVSGGTIKELMEALQQMGYTEAIEVIQAAFRTPATTASSPVTTAQVHCLPLSSSSTRQHIDELRDSDSVCDSGVETSFRKLSFTESLTGDSPLLSLNKMPHGYGQEGPIEGKI
NFKB1_00049,NFKB1,,920,EDL12139,"nuclear factor of kappa light chain gene enhancer in B-cells 1,",Mus musculus (house mouse),10090,3,Nfkb1,148680192,,,,,,MADDDPYGTGQMFHLNTALTHSIFNAELYSPEIPLSTDGPYLQILEQPKQRGFRFRYVCEGPSHGGLPGASSEKNKKSYPQVKICNYVGPAKVIVQLVTNGKNIHLHAHSLVGKHCEDGVCTVTAGPKDMVVGFANLGILHVTKKKVFETLEARMTEACIRGYNPGLLVHSDLAYLQAEGGGDRQLTAVQQTKEMDLSVVRLMFTAFLPDSTGSFTRRLEPVVSDAIYDSKAPNASNLKIVRMDRTAGCVTGGEEIYLLCDKVQKDDIQIRFYEEEENGGVWEGFGDFSPTDVHRQFAIVFKTPKYKDVNITKPASVFVQLRRKSDLETSEPKPFLYYPEIKDKEEVQRKRQKLMPNFSDSFGGGSGAGAGGGGMFGSGGGGGSTGSPGPGTINTKFKNGPKDCAKSDDEESLTLPEKETEGEGPSLPMACTKTEPIALASTMEDKEQDMGFQGRRHANALFDYAVTGDVKMLLAVQRHLTAVQDENGDSVLHLAIIHLHAQLVRDLLEVTSGLISDDIINMRNDLYQTPLHLAVITKQEDVVEDLLRVGADLSLLDRWGNSVLHLAAKEGHDRILSILLKSRKAAPLIDHPNGEGLNAIHIAVMSNSLPCLLLLVAAGAEVNAQEQKSGRTALHLAVEYDNISLAGCLLLEGDAHVDSTTYDGTTPLHIAAGRGSTRLAALLKAAGADPLVENFEPLYDLDDSWEKAGEDEGVVPGTTPLDMAANWQVFDILNGKPYEPVFTSDDILPQGDMKQLTEDTRLQLCKLLEIPDPDKNWATLAQKLGLGILNNAFRLSPAPSKTLMDNYEVSGGTIKELMEALQQMGYTEAIEVIQAAFRTPATTASSPVTTAQVHCLPLSSSSTRQHIDELRDSDSVCDSGVETSFRKLSFTESLTGDSPLLSLNKMPHGYGQEGPIEGKI
NFKB1_00050,NFKB1,,357,EDL12140,"nuclear factor of kappa light chain gene enhancer in B-cells 1,",Mus musculus (house mouse),10090,3,Nfkb1,148680193,,,,,,MADDDPYGTGQMFHLNTALTHSIFNAELYSPEIPLSTDGPYLQILEQPKQRGFRFRYVCEGPSHGGLPGASSEKNKKSYPQVKICNYVGPAKVIVQLVTNGKNIHLHAHSLVGKHCEDGVCTVTAGPKDMVVGFANLGILHVTKKKVFETLEARMTEACIRGYNPGLLVHSDLAYLQAEGGGDRQLTDREKEIIRQAAVQQTKEMDLSVVRLMFTAFLPDSTGSFTRRLEPVVSDAIYDSKAPNASNLKIVRMDRTAGCVTGGEEIYLLCDKVQKDDIQIRFYEEEENGGVWEGFGDFSPTDVHRQFAIVFKTPKYKDVNITKPASVFVQLRRKSDLETSEPKPFLYYPEIKGTWVV
NFKB1_00051,NFKB1,,737,EDL12141,"nuclear factor of kappa light chain gene enhancer in B-cells 1,",Mus musculus (house mouse),10090,3,Nfkb1,148680194,,,,,,MADDDPYGTGQMFHLNTALTHSIFNAELYSPEIPLSTDGPYLQILEQPKQRGFRFRYVCEGPSHGGLPGASSEKNKKSYPQVKICNYVGPAKVIVQLVTNGKNIHLHAHSLVGKHCEDGVCTVTAGPKDMVVGFANLGILHVTKKKVFETLEARMTEACIRGYNPGLLVHSDLAYLQAEGGGDRQLTDREKEIIRQAAVQQTKEMDLSVVRLMFTAFLPDSTGSFTRRLEPVVSDAIYDSKAPNASNLKIVRMDRTAGCVTGGEEIYLLCDKVQKDDIQIRFYEEEENGGVWEGFGDFSPTDVHRQFAIVFKTPKYKDVNITKPASVFVQLRRKSDLETSEPKPFLYYPEIKDKEEVQRKRQKLMPNFSDSFGGGSGAGAGGGGMFGSGGGGGSTGSPGPGYGYSNYGFPPYGGITFHPGVTKSNAGVTHGTINTKFKNGPKDCAKSDDEESLTLPEKETEGEGPSLPMACTKTEPIALASTMEDKEQDMGFQDNLFLEKALQLARRHANALFDYAVTGDVKMLLAVQRHLTAVQDENGDSVLHLAIIHLHAQLVRDLLEVTSGLISDDIINMRNDLYQTPLHLAVITKQEDVVEDLLRVGADLSLLDRWGNSVLHLAAKEGHDRILSILLKSRKAAPLIDHPNGEGLNAIHIAVMSNSLPCLLLLVAAGAEVNAQVQCLELSLLLLDHICFVLLLLSLRWVPAVIKRCRCPHPVSFLAIYCKLCIQIKIKEKHIFK
NFKB1_00052,NFKB1,,687,EDL12142,"nuclear factor of kappa light chain gene enhancer in B-cells 1,",Mus musculus (house mouse),10090,3,Nfkb1,148680195,,,,,,MADDDPYGTGQMFHLNTALTHSIFNAELYSPEIPLSTDGPYLQILEQPKQRGFRFRYVCEGPSHGGLPGASSEKNKKSYPQVKICNYVGPAKVIVQLVTNGKNIHLHAHSLVGKHCEDGVCTVTAGPKDMVVGFANLGILHVTKKKVFETLEARMTEACIRGYNPGLLVHSDLAYLQAEGGGDRQLTDREKEIIRQAAVQQTKEMDLSVVRLMFTAFLPDSTGSFTRRLEPVVSDAIYDSKAPNASNLKIVRMDRTAGCVTGGEEIYLLCDKVQKDDIQIRFYEEEENGGVWEGFGDFSPTDVHRQFAIVFKTPKYKDVNITKPASVFVQLRRKSDLETSEPKPFLYYPEIKDKEEVQRKRQKLMPNFSDSFGGGSGAGAGGGGMFGSGGGGGSTGSPGPGYGYSNYGFPPYGGITFHPGVTKSNAGVTHGTINTKFKNGPKDCAKSDDEESLTLPEKETEGEGPSLPMACTKTEPIALASTMEDKEQDMAANWQVFDILNGKPYEPVFTSDDILPQGDMKQLTEDTRLQLCKLLEIPDPDKNWATLAQKLGLGILNNAFRLSPAPSKTLMDNYEVSGGTIKELMEALQQMGYTEAIEVIQAAFRTPATTASSPVTTAQVHCLPLSSSSTRQHIDELRDSDSVCDSGVETSFRKLSFTESLTGDSPLLSLNKMPHGYGQEGPIEGKI
NFKB1_00053,NFKB1,,971,EDL12143,"nuclear factor of kappa light chain gene enhancer in B-cells 1,",Mus musculus (house mouse),10090,3,Nfkb1,148680196,,,,,,MADDDPYGTGQMFHLNTALTHSIFNAELYSPEIPLSTDGPYLQILEQPKQRGFRFRYVCEGPSHGGLPGASSEKNKKSYPQVKICNYVGPAKVIVQLVTNGKNIHLHAHSLVGKHCEDGVCTVTAGPKDMVVGFANLGILHVTKKKVFETLEARMTEACIRGYNPGLLVHSDLAYLQAEGGGDRQLTDREKEIIRQAAVQQTKEMDLSVVRLMFTAFLPDSTGSFTRRLEPVVSDAIYDSKAPNASNLKIVRMDRTAGCVTGGEEIYLLCDKVQKDDIQIRFYEEEENGGVWEGFGDFSPTDVHRQFAIVFKTPKYKDVNITKPASVFVQLRRKSDLETSEPKPFLYYPEIKDKEEVQRKRQKLMPNFSDSFGGGSGAGAGGGGMFGSGGGGGSTGSPGPGYGYSNYGFPPYGGITFHPGVTKSNAGVTHGTINTKFKNGPKDCAKSDDEESLTLPEKETEGEGPSLPMACTKTEPIALASTMEDKEQDMGFQDNLFLEKALQLARRHANALFDYAVTGDVKMLLAVQRHLTAVQDENGDSVLHLAIIHLHAQLVRDLLEVTSGLISDDIINMRNDLYQTPLHLAVITKQEDVVEDLLRVGADLSLLDRWGNSVLHLAAKEGHDRILSILLKSRKAAPLIDHPNGEGLNAIHIAVMSNSLPCLLLLVAAGAEVNAQEQKSGRTALHLAVEYDNISLAGCLLLEGDAHVDSTTYDGTTPLHIAAGRGSTRLAALLKAAGADPLVENFEPLYDLDDSWEKAGEDEGVVPGTTPLDMAANWQVFDILNGKPYEPVFTSDDILPQGDMKQLTEDTRLQLCKLLEIPDPDKNWATLAQKLGLGILNNAFRLSPAPSKTLMDNYEVSGGTIKELMEALQQMGYTEAIEVIQAAFRTPATTASSPVTTAQVHCLPLSSSSTRQHIDELRDSDSVCDSGVETSFRKLSFTESLTGDSPLLSLNKMPHGYGQEGPIEGKI
NFKB1_00054,NFKB1,,971,P25799,Nuclear factor NF-kappa-B p105 subunit; AltName:,Mus musculus (house mouse),10090,,Nfkb1,125242,,,"IPR002110,IPR020683,IPR000488,IPR011029,IPR013783,IPR014756,IPR002909,IPR000451,IPR008967,IPR011539","1BFS_A,1IKN_C,1LE5_B,1LE5_F,1LE9_B,1LE9_F,1LEI_B,1NFK_A,1NFK_B,1OOA_A,1OOA_B,1U36_A,1U3J_A,1U3Y_A,1U3Z_A,1U41_A,1U41_B,1U41_C,1U41_D,1U42_A,1VKX_B,2I9T_B,2V2T_B",P25799,MADDDPYGTGQMFHLNTALTHSIFNAELYSPEIPLSTDGPYLQILEQPKQRGFRFRYVCEGPSHGGLPGASSEKNKKSYPQVKICNYVGPAKVIVQLVTNGKNIHLHAHSLVGKHCEDGVCTVTAGPKDMVVGFANLGILHVTKKKVFETLEARMTEACIRGYNPGLLVHSDLAYLQAEGGGDRQLTDREKEIIRQAAVQQTKEMDLSVVRLMFTAFLPDSTGSFTRRLEPVVSDAIYDSKAPNASNLKIVRMDRTAGCVTGGEEIYLLCDKVQKDDIQIRFYEEEENGGVWEGFGDFSPTDVHRQFAIVFKTPKYKDVNITKPASVFVQLRRKSDLETSEPKPFLYYPEIKDKEEVQRKRQKLMPNFSDSFGGGSGAGAGGGGMFGSGGGGGSTGSPGPGYGYSNYGFPPYGGITFHPGVTKSNAGVTHGTINTKFKNGPKDCAKSDDEESLTLPEKETEGEGPSLPMACTKTEPIALASTMEDKEQDMGFQDNLFLEKALQLARRHANALFDYAVTGDVKMLLAVQRHLTAVQDENGDSVLHLAIIHLHAQLVRDLLEVTSGLISDDIINMRNDLYQTPLHLAVITKQEDVVEDLLRVGADLSLLDRWGNSVLHLAAKEGHDRILSILLKSRKAAPLIDHPNGEGLNAIHIAVMSNSLPCLLLLVAAGAEVNAQEQKSGRTPLHLAVEYDNISLAGCLLLEGDAHVDSTTYDGTTPLHIAAGRGSTRLAALLKAAGADPLVENFEPLYDLDDSWEKAGEDEGVVPGTTPLDMAANWQVFDILNGKPYEPVFTSDDILPQGDMKQLTEDTRLQLCKLLEIPDPDKNWATLAQKLGLGILNNAFRLSPAPSKTLMDNYEVSGGTIKELMEALQQMGYTEAIEVIQAAFRTPATTASSPVTTAQVHCLPLSSSSTRQHIDELRDSDSVCDSGVETSFRKLSFTESLTGDSPLLSLNKMPHGYGQEGPIEGKI
NFKB1_00055,NFKB1,1LE5_F,313,1LE5_B,"Chain B, Crystal structure of a nf-kb heterodimer bound to an ifnb-kb ",Mus musculus (house mouse),10090,,,30749402,,,,1LE5,P25799,MGPYLQILEQPKQRGFRFRYVCEGPSHGGLPGASSEKNKKSYPQVKICNYVGPAKVIVQLVTNGKNIHLHAHSLVGKHCEDGVCTVTAGPKDMVVGFANLGILHVTKKKVFETLEARMTEACIRGYNPGLLVHSDLAYLQAEGGGDRQLTDREKEIIRQAAVQQTKEMDLSVVRLMFTAFLPDSTGSFTRRLEPVVSDAIYDSKAPNASNLKIVRMDRTAGCVTGGEEIYLLCDKVQKDDIQIRFYEEEENGGVWEGFGDFSPTDVHRQFAIVFKTPKYKDVNITKPASVFVQLRRKSDLETSEPKPFLYYPE
NFKB1_00056,NFKB1,1LE5_B,313,1LE5_F,"Chain F, Crystal structure of a nf-kb heterodimer bound to an ifnb-kb ",Mus musculus (house mouse),10090,,,30749404,,,,1LE5,P25799,MGPYLQILEQPKQRGFRFRYVCEGPSHGGLPGASSEKNKKSYPQVKICNYVGPAKVIVQLVTNGKNIHLHAHSLVGKHCEDGVCTVTAGPKDMVVGFANLGILHVTKKKVFETLEARMTEACIRGYNPGLLVHSDLAYLQAEGGGDRQLTDREKEIIRQAAVQQTKEMDLSVVRLMFTAFLPDSTGSFTRRLEPVVSDAIYDSKAPNASNLKIVRMDRTAGCVTGGEEIYLLCDKVQKDDIQIRFYEEEENGGVWEGFGDFSPTDVHRQFAIVFKTPKYKDVNITKPASVFVQLRRKSDLETSEPKPFLYYPE
NFKB1_00057,NFKB1,1LE9_F,313,1LE9_B,"Chain B, Crystal structure of a nf-kb heterodimer bound to the ig/HIV-kb siti ",Mus musculus (house mouse),10090,,,30749410,,,,1LE10,P25799,MGPYLQILEQPKQRGFRFRYVCEGPSHGGLPGASSEKNKKSYPQVKICNYVGPAKVIVQLVTNGKNIHLHAHSLVGKHCEDGVCTVTAGPKDMVVGFANLGILHVTKKKVFETLEARMTEACIRGYNPGLLVHSDLAYLQAEGGGDRQLTDREKEIIRQAAVQQTKEMDLSVVRLMFTAFLPDSTGSFTRRLEPVVSDAIYDSKAPNASNLKIVRMDRTAGCVTGGEEIYLLCDKVQKDDIQIRFYEEEENGGVWEGFGDFSPTDVHRQFAIVFKTPKYKDVNITKPASVFVQLRRKSDLETSEPKPFLYYPE
NFKB1_00058,NFKB1,1LE9_B,313,1LE9_F,"Chain F, Crystal structure of a nf-kb heterodimer bound to the ig/HIV-kb siti ",Mus musculus (house mouse),10090,,,30749412,,,,1LE12,P25799,MGPYLQILEQPKQRGFRFRYVCEGPSHGGLPGASSEKNKKSYPQVKICNYVGPAKVIVQLVTNGKNIHLHAHSLVGKHCEDGVCTVTAGPKDMVVGFANLGILHVTKKKVFETLEARMTEACIRGYNPGLLVHSDLAYLQAEGGGDRQLTDREKEIIRQAAVQQTKEMDLSVVRLMFTAFLPDSTGSFTRRLEPVVSDAIYDSKAPNASNLKIVRMDRTAGCVTGGEEIYLLCDKVQKDDIQIRFYEEEENGGVWEGFGDFSPTDVHRQFAIVFKTPKYKDVNITKPASVFVQLRRKSDLETSEPKPFLYYPE
NFKB1_00059,NFKB1,,313,1LEI_B,"Chain B, The kb DNA sequence from the hlv-ltr functions as an allosteric regulator of HIV transcription transcription ",Mus musculus (house mouse),10090,,,30749418,,,,1LEI,P25799,MGPYLQILEQPKQRGFRFRYVCEGPSHGGLPGASSEKNKKSYPQVKICNYVGPAKVIVQLVTNGKNIHLHAHSLVGKHCEDGVCTVTAGPKDMVVGFANLGILHVTKKKVFETLEARMTEACIRGYNPGLLVHSDLAYLQAEGGGDRQLTDREKEIIRQAAVQQTKEMDLSVVRLMFTAFLPDSTGSFTRRLEPVVSDAIYDSKAPNASNLKIVRMDRTAGCVTGGEEIYLLCDKVQKDDIQIRFYEEEENGGVWEGFGDFSPTDVHRQFAIVFKTPKYKDVNITKPASVFVQLRRKSDLETSEPKPFLYYPE
NFKB1_00060,NFKB1,,312,1VKX_B,"Chain B, Crystal structure of the nfkb p50/p65 heterodimer complexed to the immunoglobulin kb DNA ",Mus musculus (house mouse),10090,,,4139751,,,,1VKX,P25799,GPYLQILEQPKQRGFRFRYVCEGPSHGGLPGASSEKNKKSYPQVKICNYVGPAKVIVQLVTNGKNIHLHAHSLVGKHCEDGVCTVTAGPKDMVVGFANLGILHVTKKKVFETLEARMTEACIRGYNPGLLVHSDLAYLQAEGGGDRQLTDREKEIIRQAAVQQTKEMDLSVVRLMFTAFLPDSTGSFTRRLEPVVSDAIYDSKAPNASNLKIVRMDRTAGCVTGGEEIYLLCDKVQKDDIQIRFYEEEENGGVWEGFGDFSPTDVHRQFAIVFKTPKYKDVNITKPASVFVQLRRKSDLETSEPKPFLYYPE
NFKB1_00061,NFKB1,,517,EDL82271,"nuclear factor of kappa light chain gene enhancer in B-cells 1,",Rattus norvegicus (Norway rat),10116,2,Nfkb1,149026028,,,,,,MADDDPFGTGQMFHLNTALTHSIFNAELYSTDIPLSTDGPYLQILEQPKQRGFRFRYVCEGPSHGGLPGASSEKNKKSYPQVKICNYVGPAKVIVQLVTNGKNIHLHAHSLVGKHCEDGICTVTAGPKDMVVGFANLGILHVTKKKVFETLEARMTEACIRGYNPGLLVHSDLAYLQAEGGGDRQLTDREKEIIRQAALQQTKEMDLSVVRLMFTAFLPDSTGSFTRRLEPVVSDAIYDSKAPNASNLKIVRMDRTAGCVTGGEEIYLLCDKVQKDDIQIRFYEEEENGGVWEGFGDFSPTDVHRQFAIVFKTPKYKDVNITKPASVFVQLRRKSDLETSEPKPFLYYPEIKDKEEVQRKRQKLMPNFSDSFGGGSGAGAGGGGMFGSGGGGGGSTGSPGPGYGFPHYGFPAYGGIAFHPGATKSNTGITHGTINTKFKNEPRDCAKSDDREILNPPEKETQGEGPSLFMASTKTEAIAPASTMEDKEEDITSFLRRRCSSPSGMPTPSSTTRLREM
NFKB1_00062,NFKB1,,497,EDL82272,"nuclear factor of kappa light chain gene enhancer in B-cells 1,",Rattus norvegicus (Norway rat),10116,2,Nfkb1,149026029,,,,,,MADDDPFGTGQMFHLNTALTHSIFNAELYSTDIPLSTDGPYLQILEQPKQRGFRFRYVCEGPSHGGLPGASSEKNKKSYPQVKICNYVGPAKVIVQLVTNGKNIHLHAHSLVGKHCEDGICTVTAGPKDMVVGFANLGILHVTKKKVFETLEARMTEACIRGYNPGLLVHSDLAYLQAEGGGDRQLTDREKEIIRQAALQQTKEMDLSVVRLMFTAFLPDSTGSFTRRLEPVVSDAIYDSKAPNASNLKIVRMDRTAGCVTGGEEIYLLCDKVQKDDIQIRFYEEEENGGVWEGFGDFSPTDVHRQFAIVFKTPKYKDVNITKPASVFVQLRRKSDLETSEPKPFLYYPEIKDKEEVQRKRQKLMPNFSDSFGGGSGAGAGGGGMFGSGGGGGGSTGSPGPGYGFPHYGFPAYGGIAFHPGATKSNTGITHGTINTKFKNEPRDCAKSDDREILNPPEKETQGEGPSLFMASTKTEAIAPASTMEDKEEDGCQLAGI
NFKB1_00063,NFKB1,,517,EDL82273,"nuclear factor of kappa light chain gene enhancer in B-cells 1,",Rattus norvegicus (Norway rat),10116,2,Nfkb1,149026030,,,,,,MADDDPFGTGQMFHLNTALTHSIFNAELYSTDIPLSTDGPYLQILEQPKQRGFRFRYVCEGPSHGGLPGASSEKNKKSYPQVKICNYVGPAKVIVQLVTNGKNIHLHAHSLVGKHCEDGICTVTAGPKDMVVGFANLGILHVTKKKVFETLEARMTEACIRGYNPGLLVHSDLAYLQAEGGGDRQLTDREKEIIRQAALQQTKEMDLSVVRLMFTAFLPDSTGSFTRRLEPVVSDAIYDSKAPNASNLKIVRMDRTAGCVTGGEEIYLLCDKVQKDDIQIRFYEEEENGGVWEGFGDFSPTDVHRQFAIVFKTPKYKDVNITKPASVFVQLRRKSDLETSEPKPFLYYPEIKDKEEVQRKRQKLMPNFSDSFGGGSGAGAGGGGMFGSGGGGGGSTGSPGPGYGFPHYGFPAYGGIAFHPGATKSNTGITHGTINTKFKNEPRDCAKSDDREILNPPEKETQGEGPSLFMASTKTEAIAPASTMEDKEEDITSFLRRRCSSPSGMPTPSSTTRLREM
NFKB1_00064,NFKB1,,915,EDL82274,"nuclear factor of kappa light chain gene enhancer in B-cells 1,",Rattus norvegicus (Norway rat),10116,2,Nfkb1,149026031,,,,,,MADDDPFGTGQMFHLNTALTHSIFNAELYSTDIPLSTDGPYLQILEQPKQRGFRFRYVCEGPSHGGLPGASSEKNKKSYPQVKICNYVGPAKVIVQLVTNGKNIHLHAHSLVGKHCEDGICTVTAGPKDMVVGFANLGILHVTKKKVFETLEARMTEACIRGYNPGLLVHSDLAYLQAEGGGDRQLTALQQTKEMDLSVVRLMFTAFLPDSTGSFTRRLEPVVSDAIYDSKAPNASNLKIVRMDRTAGCVTGGEEIYLLCDKVQKDDIQIRFYEEEENGGVWEGFGDFSPTDVHRQFAIVFKTPKYKDVNITKPASVFVQLRRKSDLETSEPKPFLYYPEIKDKEEVQRKRQKLMPNFSDSFGGGSGAGAGGGGMFGSGGGGGGSTGSPGPGTINTKFKNEPRDCAKSDDREILNPPEKETQGEGPSLFMASTKTEAIAPASTMEDKEEDRHANALFDYAVTGDVKMLLAVQRHLTAVQDENGDSVLHLAIIHLHAQLVRDLLEVTSGSISDDIINMRNDLYQTPLHLAVITKQEDVVEDLLRVGADLSLLDRWGNSVLHLAAKEGHDKILGVLLKNSKAALLINHPNGEGLNAIHIAVMSNSLSCLQLLVAAGAEVNAQEQKSGRTALHLAVEYDNISLAGCLLLEGDALVDSTTYDGTTPLHIAAGRGSTRLAALLKAAGADPLVENFEPLYDLDDSWEKAGEDEGVVPGTTPLDMAANWQVFDILNGKPYEPVFTSDDILPQGDIKQLTEDTRLQLCKLLEIPDPDKNWATLAQKLGLGILNNAFRLSPAPSKTLMDNYEVSGGTIKELVEALRQMGYTEAIEVIQAAFRTPETTASSPVTTAQAHLLPLSSSSTRQHIDELRDNDSVCDSGVETSFRKLSFSESLTGDGPLLSLNKMPHNYGQDGPIEGKI
NFKB1_00065,NFKB1,,522,Q63369,Nuclear factor NF-kappa-B p105 subunit; AltName:,Rattus norvegicus (Norway rat),10116,,Nfkb1,2500134,,,"IPR002110,IPR020683,IPR000488,IPR011029",,Q63369,REILNPPEKETQGEGPSLFMASTKTEAIAPASTMEDKEEDVGFQDNLFLEKALQLAKRHANALFDYAVTGDVKMLLAVQRHLTAVQDENGDSVLHLAIIHLHAQLVRDLLEVTSGSISDDIINMRNDLYQTPLHLAVITKQEDVVEDLLRVGADLSLLDRWGNSVLHLAAKEGHDKILGVLLKNSKAALLINHPNGEGLNAIHIAVMSNSLSCLQLLVAAGAEVNAQEQKSGRTALHLAVEYDNISLAGCLLLEGDALVDSTTYDGTTPLHIAAGRGSTRLAALLKAAGADPLVENFEPLYDLDDSWEKAGEDEGVVPGTTPLDMAANWQVFDILNGKPYEPVFTSDDILPQGDIKQLTEDTRLQLCKLLEIPDPDKNWATLAQKLGLGILNNAFRLSPAPSKTLMDNYEVSGGTIKELVEALRQMGYTEAIEVIQAAFRTPETTASSPVTTAQAHLLPLSSSSTRQHIDELRDNDSVCDSGVETSFRKLSFSESLTGDGPLLSLNKMPHNYGQDGPIEGKI
NFKB1_00066,NFKB1,,926,ABN58794,NF-kappa-B 1 p105 subunit -Siniperca chuatsi .,Siniperca chuatsi (Chinese perch),119488,,,125968525,,,,,,MAGEDHYHQIFDNIMLEPSWDFPHFPAMSQTTSLQTVDGPFLQIVEQPKQRGFRFRYGCEGPSHGGLPGASSEKNRKTYPTVKISNYQGPSRVVVQLVTALTPLPQLHAHSLVGKQCDKGICIADLQPKDSNISFPDLGILHVTKKNVAKTLEERMIEAYRMGYNCGVSIHPEIDAVQGEVRVPRDLTEHQRSVISSVAALQAKEMDLSVVRLMFTAFLPDSDGGFSRRLEPVVSEPIYDSKAPNASNLKIVRMDRTAGCVTGGEEVYLLCDKVQKDDIQVRFYEEDDSGLTWEALGDFSPTDVHRQFAIVFKTPKYRDQNLQKPTSVFVQLKRKSDNETSEPKPFTYHPQIIDKEEVQRKRQKTLPNFQDFSGHGGGGGGGGGGLYRGGGGGGGPATGGGPGSAGGGGAYFQGFTTYNYGGGGFSTGYSAGLGGGGIKHASQGDAADDSDPDDDSGSGVVLRASAQPGGLEVGERTEEGGVSVEPEPHGDERLVISRQLEALFQYSVTGDSAYLLALQPPRSTHRTRTETPGSIWRFSTASRALSLTQVASALPGQEVLNMRNHLYQTPLHLAVITQQREAVEALLLAGADPTLTDRHGNTVLHLASQLEGGGMVQFLLQHRELRELLYHTNTAGLCAIHLAVLANQLSSLRELLEGGANVEAQERSCGRTALHLATEADNVSLAGCLLLEGNANVDCCTFNGSTPLHIAAGRGSIRLTALLMAAGADPHKENFEPLFFKEEECCDEEREDEDEDEGYIPGTTPLNMAATTQVLELLNGKQYEPTSPPRASIPPQGDLASLDTEVKQEVCRALESEGCWENLAHSLGLGILKVAFRLSPSPAKTLLDSYEVSGGTVRDLLAGLRSVGECRALSVLEEALRHLDDMDAQTVNETRGESPCAQVQDLKRTFGSTAGCATAGWSSPRR
NFKB1_00067,NFKB1,,969,Q1KNJ0,Nuclear factor of kappa light polypeptide enhancer in B-cells 1.,Bos taurus (cattle),9913,,NFKB1,122145860,,,"IPR002110,IPR000488,IPR011029,IPR013783,IPR002909,IPR000451,IPR008967,IPR011539",,,MAEDDPYLGGREQMFHLDPLNHTMFSPELFQPEMPLPTADGPYLQILEQPKQRGFRFRYVCEGPSHGGLPGASSEKNKKSYPQVKICNYVGPAKVIVQLVTNGKNIHLHAHSLVGKHCEDGVCTVTAGPKDMVVGFANLGILHVTKKKVFETLEARMTDACIRGYNPGLLVHPDLAYLQAEGGGDRQLTDREKEIIRQAALQQTKEMDLSVVRLMFTAFLPDSTGSFTRRLEPVVSDAIYDSKAPNASNLKIVRMDRTAGCVTGGEEIYLLCDKVQKDDIQIRFYEEEENGGIWEGFGDFSPTDVHRQFAIVFKTPKYKDVNITKPASVFVQLRRKSDLETSEPKPFLYYPEIKDKEEVQRKRQKLMPNFSDSFGGGSGAGAGGGGMFGSGGGGGGAGSTGPGYGFPHYGFPTYGGITFHTGTTKSNAGMKHGTIDTPSKNDPESCGKSDDREVVNLSEQVTETTEQDGGSCKRGTAANLTCSVGVKEENRSFQDNLFLEKAMQLAKQHANALFDYAVTGDVKMLLAVQRHLTAVQDENGDSVLHLAIIHLHNQLVRDLLEVTSGLISDEIINMRNDLYQTPLHLAVITRQEAVVEDLLRAGADLSLLDRLGNSVLHLAAKEGHDKILGILLKHKKAAQLIDHPNGEGLNAIHVAMMSNSLPCLLLLMAAGADVNAQERKSGRTALHLAVEHDNVSLAGCLXLEGDAHVDSTTYDGTTPLHIAAGRGSTRLAALLKAAGADPLVENFEPLYDLDDSWDEDGEDEGVVPGTTPLDMASSWQVFDILNGKPYEPEFTSDDLLAQGDMKQLTEDAKLQLYKLLEIPDPDKNWATLAQKLGLGILNNAFRLSPAPSKTLMDNYEVSGGTIKELVEALRQMGYTEAIDVIQAAFCTADTSPAKTTSQAHSLPFAPASTRPQIDELRDDSICDSGVETSFRKLSFTESLTSGTSLLTLNKVPHDYGQEGPIEGKI
NFKB1_00068,NFKB1,,959,Q0PHA8,Nuclear factor kappa-B 1.,Sus scrofa (pig),9823,,NFKB1,122143264,,,"IPR002110,IPR000488,IPR011029,IPR013783,IPR002909,IPR000451,IPR008967,IPR011539",,,MFHLDPLNHTIFNPELFQPEMPLPTADGPYLQILEQPKQRGFRFRYVCEGPSHGGLPGASSEKNKKSYPQVKICNYVGPAKVIVQLVTNGKNIHLHAHSLVGKHGEDGICTVTAGPKDMVVGFANLGILHVTKKKVFETLEARMTEACIRGYNPGLLVHPDLAYLQAEGGGDRQLTDREKEIIRQAALQQTKEMDLSVVRLMFTAFLPDSTGSFTRRLEPVVSDAIYDSKAPNASNLKIVRMDRTAGCVTGGEEIYLLCDKVQKDDIQIRFYEEEENGGIWEGFGDFSPTDVHRQFAIVFKTPKYKDVNITKPASVFVQLRRKSDLETSEPKPFLYYPEIKDKEEVQRKRQKLMPNFSDSFGGGSGAGAGGGGMFGSGGGGGGAGSTGPGYGFPHYGFPTYGGITFHAGTTKSNAGMKHGTVDTPSKNDPEDCDKSDDREAVNLSGKVTETTEQDKESSNGEDEVHLTYSVGVKEENYRFQDNLFLEKAMQLAKQHANALFDYAVTGDVKMLLAVQRHLTAVQDENGDSVLHLAIIHLHAQLVRDLLEVTSGLISDEIINMRNDLYQTPLHLAVITKQEAVVEDLLRAGADLSLLDRLGNSVLHLAAKEGHDKILSILLKHKKAALLINHPNGEGLNAIHVAMMSNSLPCLLLLMAAGADVNAQERKSGRTALHLAVELDNISLAGCLLLEGDAHVDSTTYDGTTPLHIAAGRGSTRLAALLKAAGADPLVENFEPLYDLDDSWDEDGEDEGVVPGTTPLDMATNWQVFDILNGKPYEPEFTSDDLLAQGDMKQLTEDTKLQLYKLLEIPDPDKNWATLAQKLGLGILNNAFRLSAAPSKTLMDNYEVSGGTIKELVEALRQMGYTEAIDVIQAAFCTSGTAATSPVKTTSQAHSLPFSPASTRQQIDELRDDSICDSGVETSFRKLSFTESLTSSSSLLTLNKVPHDFGQEGPLEGKI
NFKB1_00069,NFKB1,,959,Q66IP9,MGC86262 protein,Xenopus laevis (African clawed frog),8355,,MGC86262,82181233,12454917,,"IPR002110,IPR000488,IPR011029,IPR013783,IPR002909,IPR000451,IPR008967,IPR011539",,,MAQNMYDIDDAHLETFLRINPLFQEPMYMPSEPHLRNAEGPYIEITEQPKQRGFRFRYVCEGPSHGGLPGASSEKNRKSYPQIKIHNYVGQVKVVVQLITNSKDIRLHAHSLVGKNCEDGICSLTVGPKDTIVGFPNLGILHVTKKKVIEILEARMTDAFKKGHNAALLVHPELNYTNSEDRPLNEREKEIIRQAATQQSKDIDLSVVRLMFTAFLLDSEGRFTRSLEPVLSVPIFDSKAPNASNLKIVRMDRTAGCVTGGEEVYLLCDKVQKDDIQVRFYEEDENGGYWEGFGDFSPTDVHRQFAIVFKTPKYKDVNITKAASVFVQLRRKSDYETSEPKPFLYYPEIKDKEEVQRKRQKLMPNFSDGYGGSGAGSGGGVGGGLYGGGGGAGGSAGGGYGFSSFSYNNYGGLNFHGGPMNSGPCMKHESKSRCEEANQKHGETTNTQDASNEGSCLCIKTAQEKEERETAPAREEGEFCKLHDCNFLSKAMQLAKRHAASLFDYAVTGDVRMLLIVQRHLASVQDENGDNILHLSIIHLHSALVRIFLDITQGVVCDDIINVRNDLYQAPLHLAVITQQVDTVQDILEAGGDPLLLDRDGNSVLHLACKEGDALTLSLLLKHKKTLEIINLPNNDGLNPIHVAVLANCMSCLRLLISAGADVNAQEQKSGKNALHLAVEQENISLAGCLLLEGDACVDSTTYDGNTPLHIAVGRSSTKLTALLKAAGADSFIESFEPLYSFEDTQDEDDVDEGIVPGTKPLDIANCNEVLEILNGMPYRSEVAPEDSLTQGDMKNLSKEVNQKLYNLLESQDLDKNWATLAQKLGLGMLNNAFRLSPLPSKTLLDNFEVSGGTIRELLDALKRMHYTEAIEAIEQSQGILTLSGATTSSEAPIAAQRRDSSMDDISYLKHQETESTCDSGVETSFQKLSISYSEFLKETEGICTELPQEPDCPLICSK
NFKB1_00070,NFKB1,,946,Q6DF61,MGC88936 protein.,Xenopus (Silurana) tropicalis (western clawed frog),8364,,MGC88936,82182802,1.24549E+15,,"IPR002110,IPR000488,IPR011029,IPR013783,IPR002909,IPR000451,IPR008967,IPR011539",,,MSALKIENFDPYSCNGIEESNGIGYSSSLLDTRVLGQDMANVAFLSIIEQPKQRGFRFRYVCEGPSHGGLPGASSEKGKKTYPTVKIFNYVGMARIEVDLVTHIDPPRVHAHSLVGKHSNETGNCVVTVGPEDMTAQFNNLGIVHVTKKSQTEILKEKMKRQILRHTGRNLLTEAEERRIEQEVKELKKVTDLSIVRLRFTAYLPDSNGAYTLGLPPVISDPIHDSKSPGASNLRISRMDKTAGSVKGGDEVYLLCDKVQKDDIEVRFYEDDENGWQSFGDFAPTDVHKQYAIVFRTPPYHTQKIDRPVTVFLQLKRKKGGDVSDSKQFTYYPLEQDKEEVDRKRRKDLPTFNNHFFGGGSPMGGAGGGSSFGQGGGGSNINYPYPGMQTAFYMSSPAGGGYHSSGHMMKHCSAANSSEKNQAPSINIKKEGEEASACSQQARSTSAQKETQCQMIMHQANLCNMRMLSLTQRTSRALLDYAITADPRMLLAVQRHLIATQDENGDTPLHLAVIHGQPSVIEQLVQVIISIPNQQILNMSNHLQQTPLHLGVITKQYSVVAFLLKAGADPTILDRYGNSVLHLAVQAEDDKMLSVLLKYPSVGQKDLLNMPDYHGLCPVHWSVKMKNEKCLELLVKAGANVNSPERKSGKSPLHIAVEMDNLNMAIFLVKKSHADINAKTYGGNTPLHLAASRGSPMLTKMLVNEGANVLSENDEPVNKLPSCNSDTSESDSDVQMDTDSDHHGGSDTDSSTAVDSDCEHSAEEMHSKEQRGIRPHCAVKRRYPGHTALDLTKSQKVRDILSKHTPGSASWKRREPEPVNVLALETNTVQRLEKLLNEGQTGADWTELASRLRLQSLVETYRNTSSPTESLLRSYELAGGSLTELINTLQSMGLNKGVELLCKSETYAKHQSPAEGKNDSAYESQSMEVDQSSAELSPTTEPAIGQ
