RELA_00001,RELA,,242,ABM21554,"v-rel reticuloendotheliosis viral oncogene homolog A, nuclear",Bos taurus (cattle),9913,,RELA,120419470,,,,,,MATPASAPDTRALVADFVGYKLRQKGYVCGAGPGEGPAADPLHQAMRAAGDEFETRFRRTFSDLAAQLHVTPGSAQQRFTQTQVLAPAPAPAPGMASTLAQALAPGLAQAVTPPAPRTNQTGEGTLTEALLQLQFDTDEDLGALLGNNTDPAVFTDLASVDNSEFQQLLNQGVPMGPHTAEPMLMEYPEAITRLVTGSQRPPDPAPTPLGPPGLTNGLLSGDEDFSSIADVDFSALLSQISS
RELA_00002,RELA,AAI33595       ,551,NP_001073711,v-rel reticuloendotheliosis viral oncogene homolog A -Bos taurus .,Bos taurus (cattle),9913,29,RELA,122692509,,,,,,MDDLFPLIFPAEPAQASGPYVEIIEQPKQRGMRFRYKCEGRSAGSIPGERSTDTTKTHPTIKINGYTGPGTVRISLVTKDPPHRPHPHELVGKDCRDGFYEAELCPDRCIHSFQNLGIQCVKKRDLEQAISQRIQTNNNPFQVPIEEQRGDYDLNAVRLCFQVTVRDPAGRPLRLAPVLSHPIFDNRAPNTAELKICRVNRNSGSCLGGDEIFLLCDKVQKEDIEVYFTGPGWEARGSFSQADVHRQVAIVFRTPPYADPGLQAPVRVSMQLRRPSDRELSEPMEFQYLPDTDDRHRIEEKRKRTYETFKSIMKKSPFNGPTDPRPPTRRIAVPNRGSASIPKPAPQPYSFTPSLSTINFEEFSPMVFPSGQIPSQTSALAPAPTPVLTQTQVLAPAPAPAPGMASTLAQALAPGLAQAVTPPAPRTNQTGEGTLTEALLQLQFDTDEDLGALLGNNTDPAVFTDLASVDNSEFQQLLNQGVPMGPHTAEPMLMEYPEAITRLVTGSQRPPDPAPTPLGPPGLTNGLLSGDEDFSSIADVDFSALLSQISS
RELA_00003,RELA,,455,AAI62910,V-rel reticuloendotheliosis viral oncogene homolog A -Danio rerio .,Danio rerio (zebrafish),7955,,rela,190338173,,,,,,MDGMFHQWGTSQVPQGPPHVEIIEQPKSRGMRFRYKCEGRSAGSIPGEKSNDTTKTHPAIRVHNYSGPVRVRISLVTKNQPYKPHPHELVGKDCKHGYYEADLQERRIHSFQNLGIQCVKKKDVGEAVSCRLQTQNNPFKIPDAKIWEEEFDLNAVRLCFQVSITLSSGDLFPLEPVVSQPIYDNRAPNTAELKICRVNRNSGSCRGGDEIFLLCDKVQKEDIEVRFFLDSWESKGSFSQADVHRQVAIVFRTPPYCDTNLTEPLRVKMQLRRPSDREVSEPMDFQYLPSDPDEHRLMEKRKRTEGMLHNLKLSSIITGSSMSAERRPFPTAKRTLPVSKQPVAASAPASVPAVSAAPPLKPPPTSFFSPPPGQLFTQQKMEPSPLPASSSDIWKYLQAMSVDSQPKAVPVLPFPSGTVSTGRDARLITAARGENTVLHPYTLHYTHLTHVLLLV
RELA_00004,RELA,,455,AAI62911,V-rel reticuloendotheliosis viral oncogene homolog A -Danio rerio .,Danio rerio (zebrafish),7955,,rela,190340223,,,,,,MDGMFHQWGTSQVPQGPPHVEIIEQPKSRGMRFRYKCEGRSAGSIPGEKSNDTTKTHPAIRVHNYSGPVRVRISLVTKNQPYKPHPHELVGKDCKHGYYEADLQERRIHSFQNLGIQCVKKKDVGEAVSCRLQTQNNPFKIPDAKIWEEEFDLNAVRLCFQVSITLSSGDLFPLEPVVSQPIYDNRAPNTAELKICRVNRNSGSCRGGDEIFLLCDKVQKEDIEVRFFLDSWESKGSFSQADVHRQVAIVFRTPPYCDTNLTEPLRVKMQLRRPSDREVSEPMDFQYLPSDPDEHRLMEKRKRTEGMLHNLKLSSIITGSSMSAERRPFPTAKRTLPVSKQPVAASAPASVPAVSAAPPLKPPPTSFFSPPPGQLFTQQKMEPSPLPASSSDIWKYLQAMSVDSQPKAVPVLPFPSGTVSTGRDARLITAARGENTVLHPYTLHYTHLTHVLLLV
RELA_00005,RELA,,455,NP_001001839,v-rel reticuloendotheliosis viral oncogene homolog A -Danio rerio .,Danio rerio (zebrafish),7955,13,rela,49227602,,,,,,MDGMFHQWGTSQVPQGPPHVEIIEQPKSRGMRFRYKCEGRSAGSIPGEKSNDTTKTHPAIRVHNYSGPVRVRISLVTKNQPYKPHPHELVGKDCKHGYYEADLQERRIHSFQNLGIQCVKKKDVGEAVSCRLQTQNNPFKIPDAKIWEEEFDLNAVRLCFRVSITLSSGDLFPLEPVVSQPIYDNRAPNTAELKICRVNRNSGSCRGGDEIFLLCDKVQKEDIEVRFFLDSWESKGSFSQADVHRQVAIVFRTPPYCDTNLTEPLRVKMQLRRPSDREVSEPMDFQYLPSDPDEHRLMEKRKRTEGMLHNLKLSSIITGSSMSAERRPFPTAKRTLPVSKQPVAASAPASVPAVSAAPPLKPPPTSFFSPPPGQLFTQQKMEPSPLPASSSDIWKYLQAMSVDSQPKAVPVLPFPSGTVSTGRDARLITAARGENTVLHPYTLHYTHLTHVLLLV
RELA_00006,RELA,,111,ABM46622,RELA -Gorilla gorilla .,Gorilla gorilla (Western Gorilla),9593,,RELA,120974041,,,,,,LSELFPLIFPAEPAQASGPYVEIIEQPKQRGMRFRYKCEGRSAGSIPGERSTDTTKTHPTIKINGYTGPGTVRISLVTKDPPHRPHPHELVGKDCRDGFYEAELCPDRCIH
RELA_00007,RELA,,364,ABM46623,RELA -Gorilla gorilla .,Gorilla gorilla (Western Gorilla),9593,,RELA,120974042,,,,,,APNTAELKICRVNRNSGSCLGGDEIFLLCDKVQKEDIEVYFTGPGWEARGSFSQADVHRQVAIVFRTPPYADPSLQAPVRVSMQLRRPSDRELSEPMEFQYLPDTDDRHRIEEKRKRTYETFKSIMKKSPFSGPTDPRPPPRRIAVPSRSSASVPKPAPQPYPFTSSLSTINYDEFPTMVFPSGQISQASALAPAPPQVLPQAPAPAPAPAMVSALAQAPAPVPVLAPGPPQAVAPPAPKPTQAGEGTLSEALLQLQFDDEDLGALLGNSTDPAVFTDLASVDNSEFQQLLNQGIPVAPHTTEPMLMEYPEAITRLVTGAQRPPDPAPAPLGAPGLPNGLLSGDEDFSSIADMDFSALLSQISS
RELA_00008,RELA,1NFI_C,301,1NFI_A,"Chain A, I-kappa-b-alpha/nf-kappa-b complex ",Homo sapiens (human),9606,,,4558610,9865693,,,1NFI,Q04206,YVEIIEQPKQRGMRFRYKCEGRSAGSIPGERSTDTTKTHPTIKINGYTGPGTVRISLVTKDPPHRPHPHELVGKDCRDGFYEAELCPDRCIHSFQNLGIQCVKKRDLEQAISQRIQTNNNPFQVPIEEQRGDYDLNAVRLCFQVTVRDPSGRPLRLPPVLPHPIFDNRAPNTAELKICRVNRNSGSCLGGDEIFLLCDKVQKEDIEVYFTGPGWEARGSFSQADVHRQVAIVFRTPPYADPSLQAPVRVSMQLRRPSDRELSEPMEFQYLPDTDDRHRIEEKRKRTYETFKSIMKKSPFSG
RELA_00009,RELA,1NFI_A,301,1NFI_C,"Chain C, I-kappa-b-alpha/nf-kappa-b complex ",Homo sapiens (human),9606,,,4558610,9865693,,,1NFI,Q04206,YVEIIEQPKQRGMRFRYKCEGRSAGSIPGERSTDTTKTHPTIKINGYTGPGTVRISLVTKDPPHRPHPHELVGKDCRDGFYEAELCPDRCIHSFQNLGIQCVKKRDLEQAISQRIQTNNNPFQVPIEEQRGDYDLNAVRLCFQVTVRDPSGRPLRLPPVLPHPIFDNRAPNTAELKICRVNRNSGSCLGGDEIFLLCDKVQKEDIEVYFTGPGWEARGSFSQADVHRQVAIVFRTPPYADPSLQAPVRVSMQLRRPSDRELSEPMEFQYLPDTDDRHRIEEKRKRTYETFKSIMKKSPFSG
RELA_00010,RELA,1NFK_C,325,1NFK_A,"Chain A, Structure Of The Nuclear Factor Kappa-B (Nf-Kb) P50",Homo sapiens (human),9606,,,253722292,,,,1NFK,Q04206,GPYLQILEQPKQRGFRFRYVCEGPSHGGLPGASSEKNKKSYPQVKICNYVGPAKVIVQLVTNGKNIHLHAHSLVGKHCEDGVCTVTAGPKDMVVGFANLGILHVTKKKVFETLEARMTEACIRGYNPGLLVHSDLAYLQAEGGGDRQLTDREKEIIRQAAVQQTKEMDLSVVRLMFTAFLPDSTGSFTRRLEPVVSDAIYDSKAPNASNLKIVRMDRTAGCVTGGEEIYLLCDKVQKDDIQIRFYEEEENGGVWEGFGDFSPTDVHRQFAIVFKTPKYKDVNITKPASVFVQLRRKSDLETSEPKPFLYYPEIKDKEEVQRKRQK
RELA_00011,RELA,1NFK_A,301,1NFK_C,"Chain C, I-kappa-b-alpha/nf-kappa-b complex ",Homo sapiens (human),9606,,,4558611,9865693,,,1NFK,Q04206,GPYLQILEQPKQRGFRFRYVCEGPSHGGLPGASSEKNKKSYPQVKICNYVGPAKVIVQLVTNGKNIHLHAHSLVGKHCEDGVCTVTAGPKDMVVGFANLGILHVTKKKVFETLEARMTEACIRGYNPGLLVHSDLAYLQAEGGGDRQLTDREKEIIRQAAVQQTKEMDLSVVRLMFTAFLPDSTGSFTRRLEPVVSDAIYDSKAPNASNLKIVRMDRTAGCVTGGEEIYLLCDKVQKDDIQIRFYEEEENGGVWEGFGDFSPTDVHRQFAIVFKTPKYKDVNITKPASVFVQLRRKSDLETSEPKPFLYYPEIKDKEEVQRKRQK
RELA_00012,RELA,,540,2O61_A,"Chain A, Crystal Structure of NFkB, IRF7, IRF3 bound to the interferon-b enhancer",Homo sapiens (human),9606,,,157835481,17574024,,,2O61,Q04206,MGYVEIIEQPKQRGMRFRYKCEGRSAGSIPGERSTDTTKTHPTIKINGYTGPGTVRISLVTKDPPHRPHPHELVGKDCRDGFYEAELCPDRCIHSFQNLGIQCVKKRDLEQAISQRIQTNNNPFQVPIEEQRGDYDLNAVRLCFQVTVRDPSGRPLRLPPVLSHPIFDNRAPNTAELKICRVNRNSGSCLGGDEIFLLCDKVQKEDIEVYFTGPGWEARGSFSQADVHRQVAIVFRTPPYADPSLQAPVRVSMQLRRPSDRELSEPMEFQYLPDGSLSSGSSLSSPSAGAAPRVLFGEWLLGEISSGCYEGLQWLDEARTCFRVPWKHFARKDLSEADARIFKAWAVARGRWPPSSRGGGPPPEAETAERAGWKTNFRCALRSTRRFVMLRDNSGDPADQHKVYALSGSLSSDSSLSSPSALSPKPRILPWLVSQLDLGQLEGVAWVNKSRTRFRIPWKHGLRQDAQQEDFGIFQAWAEATGAYVPGRDKPDLPTWKRNFRSALNRKEGLRLAEDRSKDPHDPHKIYEFVNGLEHHHHHH
RELA_00013,RELA,"3GUT_C,3GUT_E,3GUT_G",273,3GUT_A,"Chain A, Crystal Structure Of A Higher-Order Complex Of P50:rela",Homo sapiens (human),9606,,,257471874,,,,3GUT,,AYVEIIEQPKQRGMRFRYKCEGRSAGSIPGERSTDTTKTHPTIKINGYTGPGTVRISLVTKDPPHRPHPHELVGKDCRDGYYEADLCPDRSIHSFQNLGIQCVKKRDLEQAISQRIQTNNNPFHVPIEEQRGDYDLNAVRLCFQVTVRDPAGRPLLLTPVLSHPIFDNRAPNTAELKICRVNRNSGSCLGGDEIFLLCDKVQKEDIEVYFTGPGWEARGSFSQADVHRQVAIVFRTPPYADPSLQAPVRVSMQLRRPSDRELSEPMEFQYLPD
RELA_00014,RELA,"3GUT_A,3GUT_E,3GUT_G",273,3GUT_C,"Chain C, Crystal Structure Of A Higher-Order Complex Of P50:rela",Homo sapiens (human),9606,,,257471876,,,,3GUT,,AYVEIIEQPKQRGMRFRYKCEGRSAGSIPGERSTDTTKTHPTIKINGYTGPGTVRISLVTKDPPHRPHPHELVGKDCRDGYYEADLCPDRSIHSFQNLGIQCVKKRDLEQAISQRIQTNNNPFHVPIEEQRGDYDLNAVRLCFQVTVRDPAGRPLLLTPVLSHPIFDNRAPNTAELKICRVNRNSGSCLGGDEIFLLCDKVQKEDIEVYFTGPGWEARGSFSQADVHRQVAIVFRTPPYADPSLQAPVRVSMQLRRPSDRELSEPMEFQYLPD
RELA_00015,RELA,"3GUT_A,3GUT_C,3GUT_G",273,3GUT_E,"Chain E, Crystal Structure Of A Higher-Order Complex Of P50:rela",Homo sapiens (human),9606,,,257471878,,,,3GUT,,AYVEIIEQPKQRGMRFRYKCEGRSAGSIPGERSTDTTKTHPTIKINGYTGPGTVRISLVTKDPPHRPHPHELVGKDCRDGYYEADLCPDRSIHSFQNLGIQCVKKRDLEQAISQRIQTNNNPFHVPIEEQRGDYDLNAVRLCFQVTVRDPAGRPLLLTPVLSHPIFDNRAPNTAELKICRVNRNSGSCLGGDEIFLLCDKVQKEDIEVYFTGPGWEARGSFSQADVHRQVAIVFRTPPYADPSLQAPVRVSMQLRRPSDRELSEPMEFQYLPD
RELA_00016,RELA,"3GUT_A,3GUT_C,3GUT_E",273,3GUT_G,"Chain G, Crystal Structure Of A Higher-Order Complex Of P50:rela",Homo sapiens (human),9606,,,257471880,,,,3GUT,,AYVEIIEQPKQRGMRFRYKCEGRSAGSIPGERSTDTTKTHPTIKINGYTGPGTVRISLVTKDPPHRPHPHELVGKDCRDGYYEADLCPDRSIHSFQNLGIQCVKKRDLEQAISQRIQTNNNPFHVPIEEQRGDYDLNAVRLCFQVTVRDPAGRPLLLTPVLSHPIFDNRAPNTAELKICRVNRNSGSCLGGDEIFLLCDKVQKEDIEVYFTGPGWEARGSFSQADVHRQVAIVFRTPPYADPSLQAPVRVSMQLRRPSDRELSEPMEFQYLPD
RELA_00017,RELA,,220,AAH11603,RELA protein -Homo sapiens .,Homo sapiens (human),9606,,RELA,15079553,,9955,,,,MDELFPLIFPAEPAQASGPYVEIIEQPKQRGMRFRYKCEGRSAGSIPGERSTDTTKTHPTIKINGYTGPGTVRISLVTKDPPHRPHPHELVGKDCRDGFYEAELCPDRCIHSFQNLGIQCVKKRDLEQAISQRIQTNNNPFQVPIEEQRGDYDLNAVRLCFQVTVRDPSGRPLRLPPVLSHPIFDNRAPNTAELKICRVNRNSGSCLGGDEIFLLCDKVQ
RELA_00018,RELA,,246,AAH14095,RELA protein -Homo sapiens .,Homo sapiens (human),9606,,RELA,15559457,,9955,,,,MDELFPLIFPAEPAQASGPYVEIIEQPKQRGMRFRYKCEGRSAGSIPGERSTDTTKTHPTIKINGYTGPGTVRISLVTKDPPHRPHPHELVGKDCRDGFYEAELCPDRCIHSFQNLGIQCVKKRDLEQAISQRIQTNNNPFQVPIEEQRGDYDLNAVRLCFQVTVRDPSGRPLRLPPVLSHPIFDNRAPNTAELKICRVNRNSGSCLGGDEIFLLCDKVQKEDIEVCPQASTPALSLYVIPEHHQL
RELA_00019,RELA,,548,AAH33522,RELA protein -Homo sapiens .,Homo sapiens (human),9606,,RELA,48775023,,9955,,,,MDELFPLIFPAEPAQASGPYVEIIEQPKQRGMRFRYKCEGRSAGSIPGERSTDTTKTHPTIKINGYTGPGTVRISLVTKDPPHRPHPHELVGKDCRDGFYEAELCPDRCIHSFQNLGIQCVKKRDLEQAISQRIQTNNNPFQEEQRGDYDLNAVRLCFQVTVRDPSGRPLRLPPVLSHPIFDNRAPNTAELKICRVNRNSGSCLGGDEIFLLCDKVQKEDIEVYFTGPGWEARGSFSQADVHRQVAIVFRTPPYADPSLQAPVRVSMQLRRPSDRELSEPMEFQYLPDTDDRHRIEEKRKRTYETFKSIMKKSPFSGPTDPRPPPRRIAVPSRSSASVPKPAPQPYPFTSSLSTINYDEFPTMVFPSGQISQASALAPAPPQVLPQAPAPAPAPAMVSALAQAPAPVPVLAPGPPQAVAPPAPKPTQAGEGTLSEALLQLQFDDEDLGALLGNSTDPAVFTDLASVDNSEFQQLLNQGIPVAPHTTEPMLMEYPEAITRLVTGAQRPPDPAPAPLGAPGLPNGLLSGDEDFSSIADMDFSALLSQISS
RELA_00020,RELA,,377,AAI10831,RELA protein -Homo sapiens .,Homo sapiens (human),9606,,RELA,83405168,,9955,,,,MDELFPLIFPAEPAQASGPYVEIIEQPKQRGMRFRYKCEGRSAGSIPGERSTDTTKTHPTIKINGYTGPGTVRISLVTKDPPHRPHPHELVGKDCRDGFYEAELCPDRCIHSFQNLGIQCVKKRDLEQAISQRIQTNNNPFQVPIEEQRGDYDLNAVRLCFQVTVRDPSGRPLRLPPVLSHPIFDNRAPNTAELKICRVNRNSGSCLGGDEIFLLCDKVQKEDIEVYFTGPGWEARGSFSQADVHRQVAIVFRTPPYADPSLQAPVRVSMQLRRPSDRELSEPMEFQYLPDTDDRHRIEEKRKRTYETFKSIMKKSPFSGPTDPRPPPRRIAVPSRSSASVPKPGKDFLLSHWNDRFSSVQLRSSGDEDSWAPLQTY
RELA_00021,RELA,,534,AAR13863,"v-rel reticuloendotheliosis viral oncogene homolog A, nuclear",Homo sapiens (human),9606,,RELA,38202469,,,,,,LFPLIFPAEPKQRGMRFRYKCEGRSAGSIPGERSTDTTKTHPTIKINGYTGPGTVRISLVTKDPPHRPHPHELVGKDCRDGFYEAELCPDRCIHSFQNLGIQCVKKRDLEQAISQRIQTNNNPFQVPIEEQRGDYDLNAVRLCFQVTVRDPSGRPLRLPPVLSHPIFDNRAPNTAELKICRVNRNSGSCLGGDEIFLLCDKVQKEDIEVYFTGPGWEARGSFSQADVHRQVAIVFRTPPYADPSLQAPVRVSMQLRRPSDRELSEPMEFQYLPDTDDRHRIEEKRKRTYETFKSIMKKSPFSGPTDPRPPPRRIAVPSRSSASVPKPAPQPYPFTSSLSTINYDEFPTMVFPSGQISQASALAPAPPQVLPQAPAPAPAPAMVSALAQAPAPVPVLAPGPPQAVAPPAPKPTQAGEGTLSEALLQLQFDDEDLGALLGNSTDPAVFTDLASVDNSEFQQLLNQGIPVAPHTTEPMLMEYPEAITRLVTGAQRPPDPAPAPLGAPGLPNGLLSGDEDFSSIADMDFSALLSQISS
RELA_00022,RELA,,551,EAW74424,"v-rel reticuloendotheliosis viral oncogene homolog A, nuclear",Homo sapiens (human),9606,11,RELA,119594830,,,,,,MDELFPLIFPAEPAQASGPYVEIIEQPKQRGMRFRYKCEGRSAGSIPGERSTDTTKTHPTIKINGYTGPGTVRISLVTKDPPHRPHPHELVGKDCRDGFYEAELCPDRCIHSFQNLGIQCVKKRDLEQAISQRIQTNNNPFQVPIEEQRGDYDLNAVRLCFQVTVRDPSGRPLRLPPVLSHPIFDNRAPNTAELKICRVNRNSGSCLGGDEIFLLCDKVQKEDIEVYFTGPGWEARGSFSQADVHRQVAIVFRTPPYADPSLQAPVRVSMQLRRPSDRELSEPMEFQYLPDTDDRHRIEEKRKRTYETFKSIMKKSPFSGPTDPRPPPRRIAVPSRSSASVPKPAPQPYPFTSSLSTINYDEFPTMVFPSGQISQASALAPAPPQVLPQAPAPAPAPAMVSALAQAPAPVPVLAPGPPQAVAPPAPKPTQAGEGTLSEALLQLQFDDEDLGALLGNSTDPAVFTDLASVDNSEFQQLLNQGIPVAPHTTEPMLMEYPEAITRLVTGAQRPPDPAPAPLGAPGLPNGLLSGDEDFSSIADMDFSALLSQISS
RELA_00023,RELA,,353,EAW74425,"v-rel reticuloendotheliosis viral oncogene homolog A, nuclear",Homo sapiens (human),9606,11,RELA,119594831,,,,,,MASMRLSSARTAASTVPIEEQRGDYDLNAVRLCFQVTVRDPSGRPLRLPPVLSHPIFDNRAPNTAELKICRVNRNSGSCLGGDEIFLLCDKVQKDDRHRIEEKRKRTYETFKSIMKKSPFSGPTDPRPPPRRIAVPSRSSASVPKPAPQPYPFTSSLSTINYDEFPTMVFPSGQISQASALAPAPPQVLPQAPAPAPAPAMVSALAQAPAPVPVLAPGPPQAVAPPAPKPTQAGEGTLSEALLQLQFDDEDLGALLGNSTDPAVFTDLASVDNSEFQQLLNQGIPVAPHTTEPMLMEYPEAITRLVTGAQRPPDPAPAPLGAPGLPNGLLSGDEDFSSIADMDFSALLSQISS
RELA_00024,RELA,,344,EAW74426,"v-rel reticuloendotheliosis viral oncogene homolog A, nuclear",Homo sapiens (human),9606,11,RELA,119594832,,,,,,MDELFPLIFPAEPAQASGPYVEIIEQPKQRGMRFRYKCEGRSAGSIPGERSTDTTKTHPTIKINGYTGPGTVRISLVTKDPPHRPHPHELVGKDCRDGFYEAELCPDRCIHSFQNLGIQCVKKRDLEQAISQRIQTNNNPFQVPIEEQRGDYDLNAVRLCFQVTVRDPSGRPLRLPPVLSHPIFDNHDRHRIEEKRKRTYETFKSIMKKSPFSGPTDPRPPPRRIAVPSRSSASVPKPAPQPYPFTSSLSTINYDEFPTMVFPSGQISQASALAPAPPQVLPQAPAPAPAPAMVSALAQAPAPVPVLAPGPPQAVAPPAPKPTQAGEGTLSEALLQLQFSFSSC
RELA_00025,RELA,,548,NP_001138610,v-rel reticuloendotheliosis viral oncogene homolog A isoform 2,Homo sapiens (human),9606,11,RELA,223468681,,9955,,,,MDELFPLIFPAEPAQASGPYVEIIEQPKQRGMRFRYKCEGRSAGSIPGERSTDTTKTHPTIKINGYTGPGTVRISLVTKDPPHRPHPHELVGKDCRDGFYEAELCPDRCIHSFQNLGIQCVKKRDLEQAISQRIQTNNNPFQEEQRGDYDLNAVRLCFQVTVRDPSGRPLRLPPVLSHPIFDNRAPNTAELKICRVNRNSGSCLGGDEIFLLCDKVQKEDIEVYFTGPGWEARGSFSQADVHRQVAIVFRTPPYADPSLQAPVRVSMQLRRPSDRELSEPMEFQYLPDTDDRHRIEEKRKRTYETFKSIMKKSPFSGPTDPRPPPRRIAVPSRSSASVPKPAPQPYPFTSSLSTINYDEFPTMVFPSGQISQASALAPAPPQVLPQAPAPAPAPAMVSALAQAPAPVPVLAPGPPQAVAPPAPKPTQAGEGTLSEALLQLQFDDEDLGALLGNSTDPAVFTDLASVDNSEFQQLLNQGIPVAPHTTEPMLMEYPEAITRLVTGAQRPPDPAPAPLGAPGLPNGLLSGDEDFSSIADMDFSALLSQISS
RELA_00026,RELA,,551,NP_068810,v-rel reticuloendotheliosis viral oncogene homolog A isoform 1,Homo sapiens (human),9606,11,RELA,223468676,,9955,,,,MDELFPLIFPAEPAQASGPYVEIIEQPKQRGMRFRYKCEGRSAGSIPGERSTDTTKTHPTIKINGYTGPGTVRISLVTKDPPHRPHPHELVGKDCRDGFYEAELCPDRCIHSFQNLGIQCVKKRDLEQAISQRIQTNNNPFQVPIEEQRGDYDLNAVRLCFQVTVRDPSGRPLRLPPVLSHPIFDNRAPNTAELKICRVNRNSGSCLGGDEIFLLCDKVQKEDIEVYFTGPGWEARGSFSQADVHRQVAIVFRTPPYADPSLQAPVRVSMQLRRPSDRELSEPMEFQYLPDTDDRHRIEEKRKRTYETFKSIMKKSPFSGPTDPRPPPRRIAVPSRSSASVPKPAPQPYPFTSSLSTINYDEFPTMVFPSGQISQASALAPAPPQVLPQAPAPAPAPAMVSALAQAPAPVPVLAPGPPQAVAPPAPKPTQAGEGTLSEALLQLQFDDEDLGALLGNSTDPAVFTDLASVDNSEFQQLLNQGIPVAPHTTEPMLMEYPEAITRLVTGAQRPPDPAPAPLGAPGLPNGLLSGDEDFSSIADMDFSALLSQISS
RELA_00027,RELA,,551,Q04206,Transcription factor p65; AltName:Nuclear factor NF-kappa-B p65 subunit,Homo sapiens (human),9606,,RELA,62906901,"2006423,8281153,7907305,15489334,1732726,1740106,1493333,8152812,9056676,9315679,9751059,10521409,10498867,10928981,10660609,10938077,11533489,12398897,12456660,11931769,12628924,12419806,12871932,14690596,14769797,15073167,15226358,15125834,15029197,15775976,16046471,15516339,16135789,15629770,16452207,16214042,16407239,16497732,16477006,17620405,18405956,19608861,9865693",9955,"IPR013783,IPR014756,IPR002909,IPR000451,IPR008967,IPR011539","1NFI_A,1NFI_C,2O61_A,3GUT_A,3GUT_C,3GUT_E,3GUT_G",Q04206,MDELFPLIFPAEPAQASGPYVEIIEQPKQRGMRFRYKCEGRSAGSIPGERSTDTTKTHPTIKINGYTGPGTVRISLVTKDPPHRPHPHELVGKDCRDGFYEAELCPDRCIHSFQNLGIQCVKKRDLEQAISQRIQTNNNPFQVPIEEQRGDYDLNAVRLCFQVTVRDPSGRPLRLPPVLSHPIFDNRAPNTAELKICRVNRNSGSCLGGDEIFLLCDKVQKEDIEVYFTGPGWEARGSFSQADVHRQVAIVFRTPPYADPSLQAPVRVSMQLRRPSDRELSEPMEFQYLPDTDDRHRIEEKRKRTYETFKSIMKKSPFSGPTDPRPPPRRIAVPSRSSASVPKPAPQPYPFTSSLSTINYDEFPTMVFPSGQISQASALAPAPPQVLPQAPAPAPAPAMVSALAQAPAPVPVLAPGPPQAVAPPAPKPTQAGEGTLSEALLQLQFDDEDLGALLGNSTDPAVFTDLASVDNSEFQQLLNQGIPVAPHTTEPMLMEYPEAITRLVTGAQRPPDPAPAPLGAPGLPNGLLSGDEDFSSIADMDFSALLSQISS
RELA_00028,RELA,,157,ABM68160,RELA -Lagothrix lagotricha .,Lagothrix lagotricha (common woolly monkey),9519,,RELA,122934844,,,,,,APNTAELKICRVNRNSGSCLGGDEIFLLCDKVQKEDIEVYFTGPGWEARGSFSQADVHRQVAIVFRTPPYADPSLQAPVRVSMQLRRPSDRELSEPMEFQYLPDTDDRHRIEEKRKRTYETFKSIMKKSPFSGPTDPRPPPRRIAVPSRSSASIPKP
RELA_00029,RELA,,151,ABM68161,RELA -Lagothrix lagotricha .,Lagothrix lagotricha (common woolly monkey),9519,,RELA,122934845,,,,,,LPQAPAPAPAPPMVSALAQAPAPVPVLAPGPPQAMAPPAPKPTQXGEGTLSEALLQLQFDDEDLGALLGNSTDPAVFTDLASVDNSEFQQLMNQSLPMAPHTTEPMLMEYPEAITRLVAGAQRPPDPAPAPLGAPGLPNGLLSGDEDFSSI
RELA_00030,RELA,,34,ABM68938,RELA -Lemur catta .,Lemur catta (Ring-tailed lemur),9447,,RELA,122938168,,,,,,APNTAELKICRVNRNSGSCLGGDEIFLLCDKVQK
RELA_00031,RELA,,70,ABM55115,RELA -Macaca mulatta .,Macaca mulatta (rhesus monkey),9544,,RELA,121503138,,,,,,DIEVYFTGPGWEARGSFSQADVHRQVAIVFRTPPYADPSLQAPVRVSMQLRRPSDRELSEPMEFQYLPDT
RELA_00032,RELA,,177,ABM55116,RELA -Macaca mulatta .,Macaca mulatta (rhesus monkey),9544,,RELA,121503139,,,,,,PQPYPFTSSLSTINYDEFPTMVFPSGQISQASALAPPQVLPQAPAPAPAPAMVSPLAQAPVLAPGPPQAVAPPAPKPTQAGEGTLSEALLQLQFDDEDLGALLGNSTDPTVFTDLASVDNSEFQQLLNQGVPVAPHTTEPMLMEYPEAITRLVTGAQRPPDPAPAPLGAPGLPNGLL
RELA_00033,RELA,,73,ABM87995,RELA -Macaca nemestrina .,Macaca nemestrina (pig-tailed macaque),9545,,RELA,124013504,,,,,,EGRSAGSIPGERSTDTTKTHPTIKINGYTGPGTVRISLVTKDPPHRPHPHELVGKDCRDGFYEAELCPDRCIH
RELA_00034,RELA,,105,ABM87996,RELA -Macaca nemestrina .,Macaca nemestrina (pig-tailed macaque),9545,,RELA,124013505,,,,,,APNTAELKICRVNRNSGSCLGGDEIFLLCDKVQKEDIEVYFTGPGWEARGSFSQADVHRQVAIVFRTPPYADPSLQAPVRVSMQLRRPSDRELSEPMEFQYLPDT
RELA_00035,RELA,,204,ABM87997,RELA -Macaca nemestrina .,Macaca nemestrina (pig-tailed macaque),9545,,RELA,124013506,,,,,,PQPYPFTSSLSTINYDEFPTMVFPSGQISQASALAPPQVLPQAPAPAPAPAMVSPLAQAPVPVPVLAPGPPQAVAPPAPKPTQAGEGTLSEALLQLQFDDEDLGALLGNSTDPTVFTDLASVDNSEFQQLLNQGVPVAPHTTEPMLMEYPEAITRLVTGAQRPPDPAPAPLGAPGLPNGLLSGDEDFSSIADMDFSALLSQISS
RELA_00036,RELA,1BFT_B,101,1BFT_A,"Chain A, Structure Of Nf-Kb P50 Homodimer Bound To A Kb Site.",Mus musculus (house mouse),10090,,,2914319,,,,1BFT,Q04207,TAELKICRVNRNSGSCLGGDEIFLLCDKVQKEDIEVYFTGPGWEARGSFSQADVHRQVAIVFRTPPYADPSLQAPVRVSMQLRRPSDRELSEPMEFQYLPD
RELA_00037,RELA,1BFT_A,101,1BFT_B,"Chain B, Structure Of Nf-Kb P50 Homodimer Bound To A Kb Site.",Mus musculus (house mouse),10090,,,2914320,,,,1BFT,Q04207,TAELKICRVNRNSGSCLGGDEIFLLCDKVQKEDIEVYFTGPGWEARGSFSQADVHRQVAIVFRTPPYADPSLQAPVRVSMQLRRPSDRELSEPMEFQYLPD
RELA_00038,RELA,,286,1IKN_A,"Chain A, IKAPPABALPHA/NF-KAPPAB COMPLEX ",Mus musculus (house mouse),10090,,,4930046,9865694,,,1IKN,Q04207,PYVEIIEQPKQRGMRFRYKCEGRSAGSIPGERSTDTTKTHPTIKINGYTGPGTVRISLVTKDPPHRPHPHELVGKDCRDGYYEADLCPDRSIHSFQNLGIQCVKKRDLEQAISQRIQTNNNPFHVPIEEQRGDYDLNAVRLCFQVTVRDPAGRPLLLTPVLSHPIFDNRAPNTAELKICRVNRNSGSCLGGDEIFLLCDKVQKEDIEVYFTGPGWEARGSFSQADVHRQVAIVFRTPPYADPSLQAPVRVSMQLRRPSDRELSEPMEFQYLPDTDDRHRIEEKRKR
RELA_00039,RELA,1K3Z_B,136,1K3Z_A,"Chain A, X-Ray Crystal Structure Of The IkbbNF-Kb P65 Homodimer",Mus musculus (house mouse),10090,,,24987431,12686541,,,1K3Z,Q04207,TAELKICRVNRNSGSCLGGDEIFLLCDKVQKEDIEVYFTGPGWEARGSFSQADVHRQVAIVFRTPPYADPSLQAPVRVSMQLRRPSDRELSEPMEFQYLPDTDDRHRIEEKRKRTYETFKSIMKKSPFNGPTEPRP
RELA_00040,RELA,1K3Z_A,136,1K3Z_B,"Chain B, X-Ray Crystal Structure Of The IkbbNF-Kb P65 Homodimer",Mus musculus (house mouse),10090,,,24987432,12686541,,,1K3Z,Q04207,TAELKICRVNRNSGSCLGGDEIFLLCDKVQKEDIEVYFTGPGWEARGSFSQADVHRQVAIVFRTPPYADPSLQAPVRVSMQLRRPSDRELSEPMEFQYLPDTDDRHRIEEKRKRTYETFKSIMKKSPFNGPTEPRP
RELA_00041,RELA,1LE5_E,274,1LE5_A,"Chain A, Crystal structure of a nf-kb heterodimer bound to an ifnb-kb ",Mus musculus (house mouse),10090,,,30749401,11970948,,,1LE5,Q04207,MAYVEIIEQPKQRGMRFRYKCEGRSAGSIPGERSTDTTKTHPTIKINGYTGPGTVRISLVTKDPPHRPHPHELVGKDCRDGYYEADLCPDRSIHSFQNLGIQCVKKRDLEQAISQRIQTNNNPFHVPIEEQRGDYDLNAVRLCFQVTVRDPAGRPLLLTPVLSHPIFDNRAPNTAELKICRVNRNSGSCLGGDEIFLLCDKVQKEDIEVYFTGPGWEARGSFSQADVHRQVAIVFRTPPYADPSLQAPVRVSMQLRRPSDRELSEPMEFQYLPD
RELA_00042,RELA,,274,1LE5_E,"Chain E, Crystal structure of a nf-kb heterodimer bound to an ifnb-kb ",Mus musculus (house mouse),10090,,,30749403,11970948,,,1LE5,Q04207,MAYVEIIEQPKQRGMRFRYKCEGRSAGSIPGERSTDTTKTHPTIKINGYTGPGTVRISLVTKDPPHRPHPHELVGKDCRDGYYEADLCPDRSIHSFQNLGIQCVKKRDLEQAISQRIQTNNNPFHVPIEEQRGDYDLNAVRLCFQVTVRDPAGRPLLLTPVLSHPIFDNRAPNTAELKICRVNRNSGSCLGGDEIFLLCDKVQKEDIEVYFTGPGWEARGSFSQADVHRQVAIVFRTPPYADPSLQAPVRVSMQLRRPSDRELSEPMEFQYLPD
RELA_00043,RELA,1LE9_E,274,1LE9_A,"Chain A, Crystal structure of a nf-kb heterodimer bound to the ig/HIV-kb siti ",Mus musculus (house mouse),10090,,,30749409,11970948,,,1LE9,Q04207,MAYVEIIEQPKQRGMRFRYKCEGRSAGSIPGERSTDTTKTHPTIKINGYTGPGTVRISLVTKDPPHRPHPHELVGKDCRDGYYEADLCPDRSIHSFQNLGIQCVKKRDLEQAISQRIQTNNNPFHVPIEEQRGDYDLNAVRLCFQVTVRDPAGRPLLLTPVLSHPIFDNRAPNTAELKICRVNRNSGSCLGGDEIFLLCDKVQKEDIEVYFTGPGWEARGSFSQADVHRQVAIVFRTPPYADPSLQAPVRVSMQLRRPSDRELSEPMEFQYLPD
RELA_00044,RELA,1LE9_A,274,1LE9_E,"Chain E, Crystal structure of a nf-kb heterodimer bound to the ig/HIV-kb siti ",Mus musculus (house mouse),10090,,,30749411,11970948,,,1LE9,Q04207,MAYVEIIEQPKQRGMRFRYKCEGRSAGSIPGERSTDTTKTHPTIKINGYTGPGTVRISLVTKDPPHRPHPHELVGKDCRDGYYEADLCPDRSIHSFQNLGIQCVKKRDLEQAISQRIQTNNNPFHVPIEEQRGDYDLNAVRLCFQVTVRDPAGRPLLLTPVLSHPIFDNRAPNTAELKICRVNRNSGSCLGGDEIFLLCDKVQKEDIEVYFTGPGWEARGSFSQADVHRQVAIVFRTPPYADPSLQAPVRVSMQLRRPSDRELSEPMEFQYLPD
RELA_00045,RELA,,274,1LEI_A,"Chain A, The kb DNA sequence from the hlv-ltr functions as an allosteric regulator of HIV transcription transcription ",Mus musculus (house mouse),10090,,,30749417,11970949,,,1LEI,Q04207,MAYVEIIEQPKQRGMRFRYKCEGRSAGSIPGERSTDTTKTHPTIKINGYTGPGTVRISLVTKDPPHRPHPHELVGKDCRDGYYEADLCPDRSIHSFQNLGIQCVKKRDLEQAISQRIQTNNNPFHVPIEEQRGDYDLNAVRLCFQVTVRDPAGRPLLLTPVLSHPIFDNRAPNTAELKICRVNRNSGSCLGGDEIFLLCDKVQKEDIEVYFTGPGWEARGSFSQADVHRQVAIVFRTPPYADPSLQAPVRVSMQLRRPSDRELSEPMEFQYLPD
RELA_00046,RELA,1MY5_B,107,1MY5_A,"Chain A, Nf-kappab p65 subunit dimerization domain homodimer ",Mus musculus (house mouse),10090,,,27065803,12460563,,,1MY5,Q04207,TAELKICRVNRNSGSCLGGDEIFLLCDKVQKEDIEVYFTGPGWEARGSFSQADVHRQVAIVFRTPPYADPSLQAPVRVSMQLRRPSDRELSEPMEFQYLPDTDDRHR
RELA_00047,RELA,1MY5_A,101,1MY5_B,"Chain B, Nf-kappab p65 subunit dimerization domain homodimer ",Mus musculus (house mouse),10090,,,27065804,12460563,,,1MY5,Q04207,TAELKICRVNRNSGSCLGGDEIFLLCDKVQKEDIEVYFTGPGWEARGSFSQADVHRQVAIVFRTPPYADPSLQAPVRVSMQLRRPSDRELSEPMEFQYLPDTDDRHR
RELA_00048,RELA,1MY7_B,107,1MY7_A,"Chain A, Nf-kappab p65 subunit dimerization domain homodimer n202r mutation",Mus musculus (house mouse),10090,,,27065807,12460563,,,1MY7,Q04207,TAELKICRVNRNSGSCLGGDEIFLLCDKVQKEDIEVYFTGPGWEARGSFSQADVHRQVAIVFRTPPYADPSLQAPVRVSMQLRRPSDRELSEPMEFQYLPDTDDRHRIEEKRKR
RELA_00049,RELA,1MY7_A,107,1MY7_B,"Chain B, Nf-kappab p65 subunit dimerization domain homodimer n202r mutation",Mus musculus (house mouse),10090,,,27065808,12460563,,,1MY7,Q04207,TAELKICRVNRNSGSCLGGDEIFLLCDKVQKEDIEVYFTGPGWEARGSFSQADVHRQVAIVFRTPPYADPSLQAPVRVSMQLRRPSDRELSEPMEFQYLPDTDDRHRIEEKRKR
RELA_00050,RELA,1OY3_C,136,1OY3_B,"Chain B, Crystal Structure Of An IkbbetaNF-Kb P65 Homodimer",Mus musculus (house mouse),10090,,,31615947,12686541,,,1OY3,Q04207,TAELKICRVNRNSGSCLGGDEIFLLCDKVQKEDIEVYFTGPGWEARGSFSQADVHRQVAIVFRTPPYADPSLQAPVRVSMQLRRPSDRELSEPMEFQYLPDTDDRHRIEEKRKRTYETFKSIMKKSPFNGPTEPRP
RELA_00051,RELA,1OY3_B,136,1OY3_C,"Chain C, Crystal Structure Of An IkbbetaNF-Kb P65 Homodimer",Mus musculus (house mouse),10090,,,31615946,12686541,,,1OY3,Q04207,TAELKICRVNRNSGSCLGGDEIFLLCDKVQKEDIEVYFTGPGWEARGSFSQADVHRQVAIVFRTPPYADPSLQAPVRVSMQLRRPSDRELSEPMEFQYLPDTDDRHRIEEKRKRTYETFKSIMKKSPFNGPTEPRP
RELA_00052,RELA,1RAM_B,273,1RAM_A,"Chain A, A novel DNA recognition mode by nf-kb p65 homodimer ",Mus musculus (house mouse),10090,,,3212595,9437432,,,1RAM,Q04207,PYVEIIEQPKQRGMRFRYKCEGRSAGSIPGERSTDTTKTHPTIKINGYTGPGTVRISLVTKDPPHRPHPHELVGKDCRDGYYEADLCPDRSIHSFQNLGIQCVKKRDLEQAISQRIQTNNNPFHVPIEEQRGDYDLNAVRLCFQVTVRDPAGRPLLLTPVLSHPIFDNRAPNTAELKICRVNRNSGSCLGGDEIFLLCDKVQKEDIEVYFTGPGWEARGSFSQADVHRQVAIVFRTPPYADPSLQAPVRVSMQLRRPSDRELSEPMEFQYLPD
RELA_00053,RELA,1RAM_A,273,1RAM_B,"Chain B, A novel DNA recognition mode by nf-kb p65 homodimer ",Mus musculus (house mouse),10090,,,3212596,9437432,,,1RAM,Q04207,PYVEIIEQPKQRGMRFRYKCEGRSAGSIPGERSTDTTKTHPTIKINGYTGPGTVRISLVTKDPPHRPHPHELVGKDCRDGYYEADLCPDRSIHSFQNLGIQCVKKRDLEQAISQRIQTNNNPFHVPIEEQRGDYDLNAVRLCFQVTVRDPAGRPLLLTPVLSHPIFDNRAPNTAELKICRVNRNSGSCLGGDEIFLLCDKVQKEDIEVYFTGPGWEARGSFSQADVHRQVAIVFRTPPYADPSLQAPVRVSMQLRRPSDRELSEPMEFQYLPD
RELA_00054,RELA,,273,1VKX_A,"Chain A, Crystal structure of the nfkb p50/p65 heterodimer complexed to the immunoglobulin kb DNA ",Mus musculus (house mouse),10090,,,4139750,9450761,,,1VKX,Q04207,AYVEIIEQPKQRGMRFRYKCEGRSAGSIPGERSTDTTKTHPTIKINGYTGPGTVRISLVTKDPPHRPHPHELVGKDCRDGYYEADLCPDRSIHSFQNLGIQCVKKRDLEQAISQRIQTNNNPFHVPIEEQRGDYDLNAVRLCFQVTVRDPAGRPLLLTPVLSHPIFDNRAPNTAELKICRVNRNSGSCLGGDEIFLLCDKVQKEDIEVYFTGPGWEARGSFSQADVHRQVAIVFRTPPYADPSLQAPVRVSMQLRRPSDRELSEPMEFQYLPD
RELA_00055,RELA,,279,2I9T_A,"Chain A, Structure Of Nf-Kb P65-P50 Heterodimer Bound To Prdii",Mus musculus (house mouse),10090,,,126030718,12005436,,,2I9T,Q04207,GSHMHAPYVEIIEQPKQRGMRFRYKCEGRSAGSIPGERSTDTTKTHPTIKINGYTGPGTVRISLVTKDPPHRPHPHELVGKDCRDGYYEADLCPDRSIHSFQNLGIQCVKKRDLEQAISQRIQTNNNPFHVPIEEQRGDYDLNAVRLCFQVTVRDPAGRPLLLTPVLSHPIFDNRAPNTAELKICRVNRNSGSCLGGDEIFLLCDKVQKEDIEVYFTGPGWEARGSFSQADVHRQVAIVFRTPPYADPSLQAPVRVSMQLRRPSDRELSEPMEFQYLPD
RELA_00056,RELA,2RAM_B,273,2RAM_A,"Chain A, A novel DNA recognition mode by nf-kb p65 homodimer ",Mus musculus (house mouse),10090,,,3212722,9437432,,,2RAM,Q04207,PYVEIIEQPKQRGMRFRYKCEGRSAGSIPGERSTDTTKTHPTIKINGYTGPGTVRISLVTKDPPHRPHPHELVGKDCRDGYYEADLCPDRSIHSFQNLGIQCVKKRDLEQAISQRIQTNNNPFHVPIEEQRGDYDLNAVRLCFQVTVRDPAGRPLLLTPVLSHPIFDNRAPNTAELKICRVNRNSGSCLGGDEIFLLCDKVQKEDIEVYFTGPGWEARGSFSQADVHRQVAIVFRTPPYADPSLQAPVRVSMQLRRPSDRELSEPMEFQYLPD
RELA_00057,RELA,2RAM_A,273,2RAM_B,"Chain B, A novel DNA recognition mode by nf-kb p65 homodimer ",Mus musculus (house mouse),10090,,,3212723,9437432,,,2RAM,Q04207,PYVEIIEQPKQRGMRFRYKCEGRSAGSIPGERSTDTTKTHPTIKINGYTGPGTVRISLVTKDPPHRPHPHELVGKDCRDGYYEADLCPDRSIHSFQNLGIQCVKKRDLEQAISQRIQTNNNPFHVPIEEQRGDYDLNAVRLCFQVTVRDPAGRPLLLTPVLSHPIFDNRAPNTAELKICRVNRNSGSCLGGDEIFLLCDKVQKEDIEVYFTGPGWEARGSFSQADVHRQVAIVFRTPPYADPSLQAPVRVSMQLRRPSDRELSEPMEFQYLPD
RELA_00058,RELA,,549,AAF82405,nuclear transcription factor RelA -Mus musculus .,Mus musculus (house mouse),10090,19,Rela,9049520,,,,,,MDDLFPLIFPSEPAQASGPYVEIIEQPKQRGMRFRYKCEGRSAGSIPGERSTDTTKTHPTIKINGYTGPGTVRISLVTKDPPHRPHPHELVGKDCRDGYYEADLCPDRSIHSFQNLGIQCVKKRDLEQAISQRIQTNNNPFHVPIEEQRGDYDLNAVRLCFQVTVRDPAGRPLLLTPVLSHPIFDNRAPNTAELKICRVNRNSGSCLGGDEIFLLCDKVQKEDIEVYFTGPGWEARGSFSQADVHRQVAIVFRTPPYADPSLQAPVRVSMQLRRPSDRELSEPMEFQYLPDTDDRHRIEEKRKRTYETFKSIMKKSPFNGPTEPRPPTRRIAVPTRNSTSVPKPAPQPYTFPASLSTINFDEFSPMLLPSGQISNQALALAPSSAPVLAQTMVPSSAMVPLAQPPAPAPVLTPGPPQSLSAPVPKSTQAGEGTLSEALLHLQFDADEDLGALLGNSTDPGVFTDLASVDNSEFQQLLNQGVSMSHSTAEPMLMEYPEAITRLVTGSQRPPDPAPTPLGTSGLPNGLSGDEDFSSIADMDFSALLSQISS
RELA_00059,RELA,,549,AAH03818,V-rel reticuloendotheliosis viral oncogene homolog A (avian) -Mus,Mus musculus (house mouse),10090,,Rela,13277888,,,,,,MDDLFPLIFPSEPAQASGPYVEIIEQPKQRGMRFRYKCEGRSAGSIPGERSTDTTKTHPTIKINGYTGPGTVRISLVTKDPPHRPHPHELVGKDCRDGYYEADLCPDRSIHSFQNLGIQCVKKRDLEQAISQRIQTNNNPFHVPIEEQRGDYDLNAVRLCFQVTVRDPAGRPLLLTPVLSHPIFDNRAPNTAELKICRVNRNSGSCLGGDEIFLLCDKVQKEDIEVYFTGPGWEARGSFSQADVHRQVAIVFRTPPYADPSLQAPVRVSMQLRRPSDRELSEPMEFQYLPDTDDRHRIEEKRKRTYETFKSIMKKSPFNGPTEPRPPTRRIAVPTRNSTSVPKPAPQPYTFPASLSTINFDEFSPMLLPSGQISNQALALAPSSAPVLAQTMVPSSAMVPLAQPPAPAPVLTPGPPQSLSAPVPKSTQAGEGTLSEALLHLQFDADEDLGALLGNSTDPGVFTDLASVDNSEFQQLLNQGVSMSHSTAEPMLMEYPEAITRLVTGSQRPPDPAPTPLGTSGLPNGLSGDEDFSSIADMDFSALLSQISS
RELA_00060,RELA,,549,AAH94053,V-rel reticuloendotheliosis viral oncogene homolog A (avian) -Mus,Mus musculus (house mouse),10090,,Rela,62740229,,,,,,MDDLFPLIFPSEPAQASGPYVEIIEQPKQRGMRFRYKCEGRSAGSIPGERSTDTTKTHPTIKINGYTGPGTVRISLVTKDPPHRPHPHELVGKDCRDGYYEADLCPDRSIHSFQNLGIQCVKKRDLEQAISQRIQTNNNPFHVPIEEQRGDYDLNAVRLCFQVTVRDPAGRPLLLTPVLSHPIFDNRAPNTAELKICRVNRNSGSCLGGDEIFLLCDKVQKEDIEVYFTGPGWEARGSFSQADVHRQVAIVFRTPPYADPSLQAPVRVSMQLRRPSDRELSEPMEFQYLPDTDDRHRIEEKRKRTYETFKSIMKKSPFNGPTEPRPPTRRIAVPTRNSTSVPKPAPQPYTFPASLSTINFDEFSPMLLPSGQISNQALALAPSSAPVLAQTMVPSSAMVPLAQPPAPAPVLTPGPPQSLSAPVPKSTQAGEGTLSEALLHLQFDADEDLGALLGNSTDPGVFTDLASVDNSEFQQLLNQGVSMSHSTAEPMLMEYPEAITRLVTGSQRPPDPAPTPLGTSGLPNGLSGDEDFSSIADMDFSALLSQISS
RELA_00061,RELA,,121,AAY44745,NF-kB RelA splice variant 1 -Mus musculus .,Mus musculus (house mouse),10090,,,66352024,,,,,,MDDLFPLIFPSEPAQASGPYVEIIEQPKQRGMRFRYKCEGRSAGSIPGERSTDTTKTHPTIKINGYTGPGTVRISLVTKDPPHRPHPHELVGKDCRDGYYEADLCPDRSIHSSYRGAARGL
RELA_00062,RELA,,81,ABO60920,RELA protein -Mus musculus .,Mus musculus (house mouse),10090,19,Rela,134103992,,,,,,PHPHELVGKDCRDGYYEADLCPDRSIHSFQNLGIQCVKKRDLEQAISQRIQTNNNPFHVPIEEQRGDYDLNAVRLCFQVTV
RELA_00063,RELA,,549,EDL33157,v-rel reticuloendotheliosis viral oncogene homolog A (avian) -Mus,Mus musculus (house mouse),10090,19,Rela,148701210,,,,,,MDDLFPLIFPSEPAQASGPYVEIIEQPKQRGMRFRYKCEGRSAGSIPGERSTDTTKTHPTIKINGYTGPGTVRISLVTKDPPHRPHPHELVGKDCRDGYYEADLCPDRSIHSFQNLGIQCVKKRDLEQAISQRIQTNNNPFHVPIEEQRGDYDLNAVRLCFQVTVRDPAGRPLLLTPVLSHPIFDNRAPNTAELKICRVNRNSGSCLGGDEIFLLCDKVQKEDIEVYFTGPGWEARGSFSQADVHRQVAIVFRTPPYADPSLQAPVRVSMQLRRPSDRELSEPMEFQYLPDTDDRHRIEEKRKRTYETFKSIMKKSPFNGPTEPRPPTRRIAVPTRNSTSVPKPAPQPYTFPASLSTINFDEFSPMLLPSGQISNQALALAPSSAPVLAQTMVPSSAMVPLAQPPAPAPVLTPGPPQSLSAPVPKSTQAGEGTLSEALLHLQFDADEDLGALLGNSTDPGVFTDLASVDNSEFQQLLNQGVSMSHSTAEPMLMEYPEAITRLVTGSQRPPDPAPTPLGTSGLPNGLSGDEDFSSIADMDFSALLSQISS
RELA_00064,RELA,,549,NP_033071,v-rel reticuloendotheliosis viral oncogene homolog A -Mus,Mus musculus (house mouse),10090,19,Rela,6677709,,,,,,MDDLFPLIFPSEPAQASGPYVEIIEQPKQRGMRFRYKCEGRSAGSIPGERSTDTTKTHPTIKINGYTGPGTVRISLVTKDPPHRPHPHELVGKDCRDGYYEADLCPDRSIHSFQNLGIQCVKKRDLEQAISQRIQTNNNPFHVPIEEQRGDYDLNAVRLCFQVTVRDPAGRPLLLTPVLSHPIFDNRAPNTAELKICRVNRNSGSCLGGDEIFLLCDKVQKEDIEVYFTGPGWEARGSFSQADVHRQVAIVFRTPPYADPSLQAPVRVSMQLRRPSDRELSEPMEFQYLPDTDDRHRIEEKRKRTYETFKSIMKKSPFNGPTEPRPPTRRIAVPTRNSTSVPKPAPQPYTFPASLSTINFDEFSPMLLPSGQISNQALALAPSSAPVLAQTMVPSSAMVPLAQPPAPAPVLTPGPPQSLSAPVPKSTQAGEGTLSEALLHLQFDADEDLGALLGNSTDPGVFTDLASVDNSEFQQLLNQGVSMSHSTAEPMLMEYPEAITRLVTGSQRPPDPAPTPLGTSGLPNGLSGDEDFSSIADMDFSALLSQISS
RELA_00065,RELA,,549,Q04207,Transcription factor p65; AltName:Nuclear factor NF-kappa-B p65 subunit,Mus musculus (house mouse),10090,,Rela,417926,"2001591,15489334,8918242,8281153,8816457,11931770,12881425,12874295,15051764,15485901,15616592,9865694,9437432,9450761",,"IPR014756,IPR002909,IPR000451,IPR008967,IPR011539","1BFT_A,1BFT_B,1IKN_A,1K3Z_A,1K3Z_B,1LE5_A,1LE5_E,1LE9_A,1LE9_E,1LEI_A,1MY5_A,1MY5_B,1MY7_A,1MY7_B,1OY3_B,1OY3_C,1RAM_A,1RAM_B,1VKX_A,2I9T_A,2RAM_A,2RAM_B",Q04207,MDDLFPLIFPSEPAQASGPYVEIIEQPKQRGMRFRYKCEGRSAGSIPGERSTDTTKTHPTIKINGYTGPGTVRISLVTKDPPHRPHPHELVGKDCRDGYYEADLCPDRSIHSFQNLGIQCVKKRDLEQAISQRIQTNNNPFHVPIEEQRGDYDLNAVRLCFQVTVRDPAGRPLLLTPVLSHPIFDNRAPNTAELKICRVNRNSGSCLGGDEIFLLCDKVQKEDIEVYFTGPGWEARGSFSQADVHRQVAIVFRTPPYADPSLQAPVRVSMQLRRPSDRELSEPMEFQYLPDTDDRHRIEEKRKRTYETFKSIMKKSPFNGPTEPRPPTRRIAVPTRNSTSVPKPAPQPYTFPASLSTINFDEFSPMLLPSGQISNQALALAPSSAPVLAQTMVPSSAMVPLAQPPAPAPVLTPGPPQSLSAPVPKSTQAGEGTLSEALLHLQFDADEDLGALLGNSTDPGVFTDLASVDNSEFQQLLNQGVSMSHSTAEPMLMEYPEAITRLVTGSQRPPDPAPTPLGTSGLPNGLSGDEDFSSIADMDFSALLSQISS
RELA_00066,RELA,,111,ABM54192,RELA -Pan paniscus .,Pan paniscus (pygmy chimpanzee),9597,,RELA,121483801,,,,,,LSELFPLIFPAEPAQASGPYVEIIEQPKQRGMRFRYKCEGRSAGSIPGERSTDTTKTHPTIKINGYTGPGTVRISLVTKDPPHRPHPHELVGKDCRDGFYEAELCPDRCIH
RELA_00067,RELA,,132,ABM54193,RELA -Pan paniscus .,Pan paniscus (pygmy chimpanzee),9597,,RELA,121483802,,,,,,APNTAELKICRVNRNSGSCLGGDEIFLLCDKVQKEDIEVYFTGPGWEARGSFSQADVHRQVAIVFRTPPYADPSLQAPVRVSMQLRRPSDRELSEPMEFQYLPDTDDRHRIEEKRKRTYETFKSIMKKSPFS
RELA_00068,RELA,,206,ABM54194,RELA -Pan paniscus .,Pan paniscus (pygmy chimpanzee),9597,,RELA,121483803,,,,,,PQPYPFTSSLSTINYDEFPTMVFPSGQISQASALAPAPPQVLPQAPAPAPAPAMVSALAQAPAPVPVLAPGPPQAVAPPAPKPTQAGEGTLSEALLQLQFDDEDLGALLGNSTDPAVFTDLASVDNSEFQQLLNQGIPVAPHTTEPMLMEYPEAITRLVTGAQRPPDPAPAPLGAPGLPNGLLSGDEDFSSIADMDFSALLSQISS
RELA_00069,RELA,,111,ABM91918,RELA -Pan troglodytes .,Pan troglodytes (chimpanzee),9598,,RELA,124111088,,,,,,LSELFPLIFPAEPAQASGPYVEIIEQPKQRGMRFRYKCEGRSAGSIPGERSTDTTKTHPTIKINGYTGPGTVRISLVTKDPPHRPHPHELVGKDCRDGFYEAELCPDRCIH
RELA_00070,RELA,,364,ABM91919,RELA -Pan troglodytes .,Pan troglodytes (chimpanzee),9598,,RELA,124111089,,,,,,APNTAELKICRVNRNSGSCLGGDEIFLLCDKVQKEDIEVYFTGPGWEARGSFSQADVHRQVAIVFRTPPYADPSLQAPVRVSMQLRRPSDRELSEPMEFQYLPDTDDRHRIEEKRKRTYETFKSIMKKSPFSGPTDPRPPPRRIAVPSRSSASVPKPAPQPYPFTSSLSTINYDEFPTMVFPSGQISQASALAPAPPQVLPQAPAPAPAPAMVSALAQAPAPVPVLAPGPPQAVAPPAPKPTQAGEGTLSEALLQLQFDDEDLGALLGNSTDPAVFTDLASVDNSEFQQLLNQGIPVAPHTTEPMLMEYPEAITRLVTGAQRPPDPAPAPLGAPGLPNGLLSGDEDFSSIADMDFSALLSQISS
RELA_00071,RELA,,73,ABM89236,RELA -Pongo pygmaeus .,Pongo pygmaeus (Bornean orangutan),9600,,RELA,124054104,,,,,,EGRSAGSIPGERSTDTTKTHPTIKINGYTGPGTVRISLVTKDPPHRPHPHELVGKDCRDGFYEAELCPDRCIH
RELA_00072,RELA,,364,ABM89237,RELA -Pongo pygmaeus .,Pongo pygmaeus (Bornean orangutan),9600,,RELA,124054105,,,,,,APNTAELKICRVNRNSGSCLGGDEIFLLCDKVQKEDIEVYFTGPGWEARGSFSQADVHRQVAIVFRTPPYXXPSLQAPVRVSMQLRRPSDRELSEPMEFQYLPDTDDRHRIEEKRKRTYETFKSIMKKSPFSGPTDPRPPPRRIAVPSRSSASVPKPAPQPYPFTSSLSTINYDEFPTMVFPSGQISQASALAPAPPQVLPQASAPAPAPAMVSALAQAPAPVPVLPPGPPQAVAPPAPKPTQAGEGTLSEALLQLQFDDEDLGALLGNSTDPAVFTDLASVDNSEFQQLLNQGIPVAPHTTEPMLMEYPEAITRLVTGAQRPPDPAPAPLGAPGLPNGLLSGDEDFSSIADMDFSALLSQISS
RELA_00073,RELA,,550,AAH79457,V-rel reticuloendotheliosis viral oncogene homolog A (avian),Rattus norvegicus (Norway rat),10116,,Rela,50927807,,,,,,MDDLFPLIFPSEPAQASGPYVEIIEQPKQRGMRFRYKCEGRSAGSIPGERSTDTTKTHPTIKINGYTGPGTVRISLVTKDPPHRPHPHELVGKDCRDGFYEAELCPDRCIHSFQNLGIQCVKKRDLEQAISQRIQTNNNPFQVPIEEQRGDYDLNAVRLCFQVTVRDPSGRPLRLTPVLSHPIFDNRAPNTAELKICRVNRNSGSCLGGDEIFLLCDKVQKEDIEVYFTGPGWEARGSFSQADVHRQVAIVFRTPPYADPSLQAPVRVSMQLRRPSDRELSEPMEFQYLPDTDDRHRIEEKRKRTYETFKSIMKKSPFNGPTEPRPPPRRIAVPSRGPTSVPKPAPQPYAFSTSLSTINFDEFSPMVLPPGQISNQALALAPSSAPVLAQTMVPSSAMVPSLAQPPAPVPVLAPGPPQSLSAPVPKSTQAGEGTLSEALLHLQFDADEDLGALLGNNTDPGVFTDLASVDNSEFQQLLNQGVAMSHSTAEPMLMEYPEAITRLVTGSQRPPDPAPATLGTSGLPNGLSGDEDFSSIADMDFSALLSQISS
RELA_00074,RELA,,550,AAP72180,RELA -Rattus norvegicus .,Rattus norvegicus (Norway rat),10116,1,RelA,32187085,,,,,,MDDLFPLIFPSEPAQASGPYVEIIEQPKQRGMRFRYKCEGRSAGSIPGERSTDTTKTHPTIKINGYTGPGTVRISLVTKDPPHRPHPHELVGKDCRDGFYEAELCPDRCIHSFQNLGIQCVKKRDLEQAISQRIQTNNNPFQVPIEEQRGDYDLNAVRLCFQVTVRDPSGRPLRLTPVLSHPIFDNRAPNTAELKICRVNRNSGSCLGGDEIFLLCDKVQKEDIEVYFTGPGWEARGSFSQADVHRQVAIVFRTPPYADPSLQAPVRVSMQLRRPSDRELSEPMEFQYLPDTDDRHRIEEKRKRTYETFKSIMKKSPFNGPTEPRPPPRRIAVPSRGPTSVPKPAPQPYAFSTSLSTINFDEFSPMVLPPGQISNQALALAPSSAPVLAQTMVPSSAMVPSLAQPPAPVPVLAPGPPQSLSAPVPKSTQAGEGTLSEALLHLQFDADEDLGALLGNNTDPGVFTDLASVDNSEFQQLLNQGVAMSHSTAEPMLMEYPEAITRLVTGSQRPPDPAPATLGTSGLPNGLSGDEDFSSIADMDFSALLSQISS
RELA_00075,RELA,,550,EDM12513,v-rel reticuloendotheliosis viral oncogene homolog A (avian),Rattus norvegicus (Norway rat),10116,1,Rela,149062090,,,,,,MDDLFPLIFPSEPAQASGPYVEIIEQPKQRGMRFRYKCEGRSAGSIPGERSTDTTKTHPTIKINGYTGPGTVRISLVTKDPPHRPHPHELVGKDCRDGFYEAELCPDRCIHSFQNLGIQCVKKRDLEQAISQRIQTNNNPFQVPIEEQRGDYDLNAVRLCFQVTVRDPSGRPLRLTPVLSHPIFDNRAPNTAELKICRVNRNSGSCLGGDEIFLLCDKVQKEDIEVYFTGPGWEARGSFSQADVHRQVAIVFRTPPYADPSLQAPVRVSMQLRRPSDRELSEPMEFQYLPDTDDRHRIEEKRKRTYETFKSIMKKSPFNGPTEPRPPPRRIAVPSRGPTSVPKPAPQPYAFSTSLSTINFDEFSPMVLPPGQISNQALALAPSSAPVLAQTMVPSSAMVPSLAQPPAPVPVLAPGPPQSLSAPVPKSTQAGEGTLSEALLHLQFDADEDLGALLGNNTDPGVFTDLASVDNSEFQQLLNQGVAMSHSTAEPMLMEYPEAITRLVTGSQRPPDPAPATLGTSGLPNGLSGDEDFSSIADMDFSALLSQISS
RELA_00076,RELA,,550,NP_954888,v-rel reticuloendotheliosis viral oncogene homolog A -Rattus,Rattus norvegicus (Norway rat),10116,1,Rela,40538870,,,,,,MDDLFPLIFPSEPAQASGPYVEIIEQPKQRGMRFRYKCEGRSAGSIPGERSTDTTKTHPTIKINGYTGPGTVRISLVTKDPPHRPHPHELVGKDCRDGFYEAELCPDRCIHSFQNLGIQCVKKRDLEQAISQRIQTNNNPFQVPIEEQRGDYDLNAVRLCFQVTVRDPSGRPLRLTPVLSHPIFDNRAPNTAELKICRVNRNSGSCLGGDEIFLLCDKVQKEDIEVYFTGPGWEARGSFSQADVHRQVAIVFRTPPYADPSLQAPVRVSMQLRRPSDRELSEPMEFQYLPDTDDRHRIEEKRKRTYETFKSIMKKSPFNGPTEPRPPPRRIAVPSRGPTSVPKPAPQPYAFSTSLSTINFDEFSPMVLPPGQISNQALALAPSSAPVLAQTMVPSSAMVPSLAQPPAPVPVLAPGPPQSLSAPVPKSTQAGEGTLSEALLHLQFDADEDLGALLGNNTDPGVFTDLASVDNSEFQQLLNQGVAMSHSTAEPMLMEYPEAITRLVTGSQRPPDPAPATLGTSGLPNGLSGDEDFSSIADMDFSALLSQISS
RELA_00077,RELA,,33,ABM47589,RELA -Saguinus labiatus .,Saguinus labiatus (red-chested mustached tamarin),78454,,RELA,121221870,,,,,,APNTAELKICRVNRNSGSCLGGDEIFLLCDKVQ
RELA_00078,RELA,,70,ABM47590,RELA -Saguinus labiatus .,Saguinus labiatus (red-chested mustached tamarin),78454,,RELA,121221871,,,,,,DIEVYFTGPGWEARGSFSQADVHRQVAIVFRTPPYADPSLQAPVRVSMQLRRPSDRELSEPMEFQYLPDT
RELA_00079,RELA,,186,ABM47591,RELA -Saguinus labiatus .,Saguinus labiatus (red-chested mustached tamarin),78454,,RELA,121221872,,,,,,FPSEQISQASALAPAPPQVLPQAPAPAPAPVPPMVSALAQAPAPVPVLAPGPPHAMAPPAPKPTQAGEGTLSEALLQLQFDDEDLGALLGNSTDPAVFTDLASVDNSEFQQLMNQSLPVAPHTTEPMLMEYPEAITRLVTGAQRPPDPAPAPLGAPGLPNGLLSGDEDFSSIADMDFSALLSQISS
RELA_00080,RELA,,741,AAT37571,RelA -Sinorhizobium meliloti .,Sinorhizobium meliloti (Rhizobium meliloti),382,,relA,47716787,,,,,,MMRQYELVERVQKYKPDVNEALLNKAYVYAMQKHGQQKRASGDPYISHPLEVAAILTEMHLDESTIAVALLHDTIEDTTATRQEIDDLFGEDIGALVEGLTKIKKLDLVTKKAKQAENLRKLLLAISDDVRVLLVKLADRLHNMRTLDHMSAEKRARISEETMDIYAPLAGRMGMQDMREELENLSFRHINPEAYETVTRRLQELSERNEGLIKKIEEELSELLQAEGLTDAQVRGRQKKPYSVFRKMQSKSLSFEQLSDVWGFRIIVNDIPSCYRALGIVHTRWRVVPGRFKDYVSTPKQNDYQSIHTTIIGPSRQRIELQIRTKRMHEIAEYGIAAHALYKDRDTVSGDLTRTPTSNAYSWLRRTIESLAEGDNPEEFLEHTKLELFQDQVFCFTPKGQLIALPRGATPIDFAYAVHTNIGDTCVGAKINGRIMPLVTRLNNGDEVEIIRSGIQVPPPAWEEIVVTGKARAAIRRATRAAIRKQYAGLGYRILERTFERAGKTFSREALKPVLHRLGQKDVEDAIAAVGRGELSSLDVLRAVFPDHQDERVTVKPSADDGWFNMRSAAGMIFKLPERSKEMAAAEQAEGPEALPIRGLSGNAEVHFSPAGAVPGDRIVGIMDKDKGITIYPIQSPILQKFDEEPERWIDVRWDLDEANNSRFMARIAVSALNEPGTLAEVAQAIATTDVNIRSLSMGRVAADFSELQFDLEVWDLRQLNHLMAQLKELPSISMVKRLFE
RELA_00081,RELA,,741,AAU03121,RelA -Sinorhizobium meliloti .,Sinorhizobium meliloti (Rhizobium meliloti),382,,,51451369,,,,,,MMRQYELVERVQKYKPDVNEALLNKAYVYAMQKHGQQKRASGDPYISHPLEVAAILTEMHLDESTIAVALLHDTIEDTTATRQEIDDLFGEDIGALVEGLTKIKKLDLVTKKAKQAENLRKLLLAISDDVRVLLVKLADRLHNMRTLDHMSAEKRARISEETMDIYAPLAGRMGMQDMREELENLSFRHINPEAYETVTRRLQELSERNEGLIKKIEEELSELLQAEGLTDAQVRGRQKKPYSVFRKMQSKSLSFEQLSDVWGFRIIVNDIPSCYRALGIVHTRWRVVPGRFKDYVSTPKQNDYQSIHTTIIGPSRQRIELQIRTKRMHEIAEYGIAAHALYKDRDTVSGDLTRTPTSNAYSWLRRTIESLAEGDNPEEFLEHTKLELFQDQVFCFTPKGQLIALPRGATPIDFAYAVHTNIGDTCVGAKINGRIMPLVTRLNNGDEVEIIRSGIQVPPPAWEEIVVTGKARAAIRRATRAAIRKQYAGLGYRILERTFERAGKTFSREALKPVLHRLGQKDVEDAIAAVGRGELSSLDVLRAVFPDHQDERVTVKPSADDGWFNMRSAAGMIFKLPERSKEMAAAEQAEGPEALPIRGLSGNAEVHFSPAGAVPGDRIVGIMDKDKGITIYPIQSPILQKFDEEPERWIDVRWDLDEANNSRFMARIAVSALNEPGTLAEVAQAIATTDVNIRSLSMGRVAADFSELQFDLEVWDLRQLNHLMAQLKELPSISMVKRLFE
RELA_00082,RELA,,553,NP_001107753,v-rel reticuloendotheliosis viral oncogene homolog A -Sus scrofa .,Sus scrofa (pig),9823,,RELA,166796055,,,,,,MDDLFPLIFPSEPAPASGPYVEIIEQPKQRGMRFRYKCEGRSAGSIPGERSTDTTKTHPTIKINGYTGPGTVRISLVTKDPPHRPHPHELVGKDCRDGFYEAELCPDRCIHSFQNLGIQCVKKRDLEQAINQRIQTNNNPFQVPIEEQRGDYDLNAVRLCFQVTVRDPAGRPLRLPPVLSHPIFDNRAPNTAELKICRVNRNSGSCLGGDEIFLLCDKVQKEDIEVYFTGPGWEARGSFSQADVHRQVAIVFRTPPYADPSLQAPVRVSMQLRRPSDRELSEPMEFQYLPDTDDRHRIEEKRKRTYETFKSIMKKSPFNGPTDPRPATRRIAVPSRSSASVPKPAPQPYPFTPSLSTINFDEFTPMAFASGQIPGQTSALAPAPAPVLVQAPAPAPAPAMASALAQAPAPVPVLAPGLAQAVAPPAPKTNQAGEGTLTEALLQLQFDTDEDLGALLGNNTDPTVFTDLASVDNSEFQQLLNQGVSMPPHTAEPMLMEYPEAITRLVTGSQRPPDPAPTPLGASGLTNGLLSGDEDFSSIADMDFSALLSQISS
RELA_00083,RELA,,388,AAS12226,"Treponema denticola ATCC 35405, complete genome.",Treponema denticola ATCC 35405,243275,,,41817641,,,,,,MPHLNILIVRIEEFLRSIVKITSAPTYKTRVKSFNSYYLKLLKFPPKKDTSDLPVLTDILGVRIICPFLQDINEVERILLKNFKIIEVERKGSERTFREFGYESVHFLLDIPEEFKVGLVLPKNLIFEIQLRTILQDAWAEVEHELVYKSEFSPFDQPLKRKLASINASLSLADIIFQEIRDYQNKLNAELEKRRFEFYSMADEYTAQVLPETNIVQHDNVEHGEELKLAETIDDLILSAIEAHNQNLFDKAEKIYTKIIEQNPNDIVLSVVYKHRGMAYFAQANYEGAYADFLQSCKYNSANFRSFYYVGIALTLLNRDDEAIEYFTKSLEINKFQAHVYFRRALSYFKLALYPEAARDLDSASDLGLAEEDAKKLRIAIAKKIDMV
RELA_00084,RELA,,533,AAH67968,V-rel reticuloendotheliosis viral oncogene homolog A -Xenopus,Xenopus (Silurana) tropicalis (western clawed frog),8364,,rela,45709796,,,,,Q6NVN7,MEGFLPSLWTDMVSSTVMPSSHPHVEIIEQPKQRGMRFRYKCEGRSAGSIPGERSTDTTKTHPTIKINHYQGSARIRISLVTKDSPHKPHPHELVGKDCKDGYYEAELSPDRSIHSFQNLGIQCVKKREVEDAIAHRIRTNNNPFNVPPEELKSDYDLNTVCLCFQVFIPDRAAGQVVPLPFVVSQPIYDNRAPNTAELKICRVNRNSGSCMGGDEIFLLCDKVQKDIEVLFVLGNWEARGIFSQADVHRQVAIVFRTPAFHDTKIRQSVKVQMQLRRPSDKEVSEPMEFQYLPDEVDPHHIDEKRKRTLDSFKHYVKNPFAGGETRTPRRIAVPNRIVPTKSEPITASIRPSPSVPNPMVPSLSFSMPVLKVDSVTSASTRLSTVNISDFSNLGFSSQPPPQSDPDRIESFLNYPSFSGDANLDLVEMLPNDTESRCTSLSSIDNSDFSQLLSESQTSGTLSAGLQEPGTSQGTLMSYPDSIARLMSNRPIEDDGEERIDSVLMNGVFDMQQGVESITSLLDLDLSSFMNIK
RELA_00085,RELA,,533,NP_001001211,v-rel reticuloendotheliosis viral oncogene homolog A -Xenopus,Xenopus (Silurana) tropicalis (western clawed frog),8364,,rela,47575734,,,,,,MEGFLPSLWTDMVSSTVMPSSHPHVEIIEQPKQRGMRFRYKCEGRSAGSIPGERSTDTTKTHPTIKINHYQGSARIRISLVTKDSPHKPHPHELVGKDCKDGYYEAELSPDRSIHSFQNLGIQCVKKREVEDAIAHRIRTNNNPFNVPPEELKSDYDLNTVCLCFQVFIPDRAAGQVVPLPFVVSQPIYDNRAPNTAELKICRVNRNSGSCMGGDEIFLLCDKVQKDIEVLFVLGNWEARGIFSQADVHRQVAIVFRTPAFHDTKIRQSVKVQMQLRRPSDKEVSEPMEFQYLPDEVDPHHIDEKRKRTLDSFKHYVKNPFAGGETRTPRRIAVPNRIVPTKSEPITASIRPSPSVPNPMVPSLSFSMPVLKVDSVTSASTRLSTVNISDFSNLGFSSQPPPQSDPDRIESFLNYPSFSGDANLDLVEMLPNDTESRCTSLSSIDNSDFSQLLSESQTSGTLSAGLQEPGTSQGTLMSYPDSIARLMSNRPIEDDGEERIDSVLMNGVFDMQQGVESITSLLDLDLSSFMNIK
RELA_00086,RELA,,583,AAI69362,V-rel reticuloendotheliosis viral oncogene homolog (avian) -Xenopus,Xenopus laevis (African clawed frog),8355,,rel-A,213626390,,,,,,MAGNAQHSHHGRLQTSFGLNDPHIEIFEQPRQRGMRYRYKCEGRCAGSIHGEHSTENNRTYPSIKIMNYTGKGIVRITLVTKNEPHKPHPHDLVGKDCRDGYYELEFGSDRTVLCFQNLGIQCVRRKEVREAIHARILRKMNPFGVREEQLLTIEDYDLNVVRLCFQVFLPDEHGSYTRALGPVVSNPIYDNRAPNTAELRICRVNKNCGNVNGGDEIFLLCDKVQKDDIEVRFFTDNWEAKGTFGQADVHRQVAIVFKTPPFHRSITDVVTVKMQLRRPSDQEVSEPMDFRYLPDPEDPHGNKFKKQRTSEVMQKFKFEMQERRELSPAKFNVNPIKREHFTNSSGCGQRSHAMQPPTRPPNVTYNDTTSVQTRMPNNSSSIQPNLSQLSVLNPAMQANMHSTYTSSINNFMETLRAVPSQLNTHKLPFAEPSHTRPDVAPSNTTNMFRQHIFNFNVPNTSGQVSSCPSVPRDINLYTAHSNHMDISELGQMTTSTVNDSSISSLSFNGVLPNPIFSTPFSYHPSIPEQRLPDTSIAAPHSTSMGHEIFPGIVQSDDNYISVESELDSILQNFGSTSEMLHD
RELA_00087,RELA,,583,NP_001079306,v-rel reticuloendotheliosis viral oncogene homolog -Xenopus,Xenopus laevis (African clawed frog),8355,,rel-A,147901667,,,,,,MAGNAQHSHHGRLQTSFGLNDPHIEIFEQPRQRGMRYRYKCEGRCAGSIHGEHSTENNRTYPSIKIMNYTGKGIVRITLVTKNEPHKPHPHDLVGKDCRDGYYELEFGSDRTVLCFQNLGIQCVRRKEVREAIHARILRKMNPFGVREEQLLTIEDYDLNVVRLCFQVFLPDEHGSYTRALGPVVSNPIYDNRAPNTAELRICRVNKNCGNVNGGDEIFLLCDKVQKDDIEVRFFTDNWEAKGTFGQADVHRQVAIVFKTPPFHRSITDVVTVKMQLRRPSDQEVSEPMDFRYLPDPEDPHGNKFKKQRTSEVMQKFKFEMQERRELSPAKFNVNPIKREHFTNSSGCGQRSHAMQPPTRPPNVTYNDTTSVQTRMPNNSSSIQPNLSQLSVLNPAMQANMHSTYTSSINNFMETLRAVPSQLNTHKLPFAEPSHTRPDVAPSNTTNMFRQHIFNFNVPNTSGQVSSCPSVPRDINLYTAHSNHMDISELGQMTTSTVNDSSISSLSFNGVLPNPIFSTPFSYHPSIPEQRLPDTSIAAPHSTSMGHEIFPGIVQSDDNYISVESELDSILQNFGSTSEMLHD
RELA_00088,RELA,,527,NP_001081048,v-rel reticuloendotheliosis viral oncogene homolog A -Xenopus,Xenopus laevis (African clawed frog),8355,,rela-a,148224387,,,,,,MDGFHWTDIVSSMPPSIPPVEIIEQPKQRGMRFRYKCEGRSAGSIPGERSTDTSKTHPTIKINNYQGPARIRISLVTKDSPHKPHPHELVGKDCKDGYYEAELSPDRSIHSFQNLGIQCVKKREVEDAVAHRIRTNNNPFNVSPEELKADYDLNTVCLCFQVFIPDQAAGRMLPLPFVVSQPIYDNRAPNTAELKICRVNKNSGSCLGGDEIFLLCDKVQKEDIEVIFGLGNWEARGIFSQADVHRQVAIVFRTPAFQDTKIRQSVKVQMQLRRPSDKEVSEPMEFQYLPDEGDPHHIDEKRKRTLDNFKHYVKNNPFAGGETRPQRRIAVANRNVPTKSEPIRPSIPVPNPVVSCLPFSMPVLKAENVTSPSTLLSTVNISDFSNLGFSSQPPSQSDHDRLESMLNYPSFPGDANLDLVEMLPHENESRCTSLSSIDNSDFSQLLSESQSSGTLSAALQEPGTSQGTFMAYPESIARLMTNRPNEDEGGERIDSGLINGMFDISREEIHLTSLFELDFSSLLSNMK
RELA_00089,RELA,,533,Q6NVN7,"V-rel reticuloendotheliosis viral oncogene homolog A, nuclear factor of kappa light polypeptide gene enhancer in B-cells 3, p65 (Avian)",Xenopus (Silurana) tropicalis (western clawed frog),8364,,rela,82202187,,,"IPR013783,IPR002909,IPR000451,IPR008967,IPR011539",,,MEGFLPSLWTDMVSSTVMPSSHPHVEIIEQPKQRGMRFRYKCEGRSAGSIPGERSTDTTKTHPTIKINHYQGSARIRISLVTKDSPHKPHPHELVGKDCKDGYYEAELSPDRSIHSFQNLGIQCVKKREVEDAIAHRIRTNNNPFNVPPEELKSDYDLNTVCLCFQVFIPDRAAGQVVPLPFVVSQPIYDNRAPNTAELKICRVNRNSGSCMGGDEIFLLCDKVQKDIEVLFVLGNWEARGIFSQADVHRQVAIVFRTPAFHDTKIRQSVKVQMQLRRPSDKEVSEPMEFQYLPDEVDPHHIDEKRKRTLDSFKHYVKNPFAGGETRTPRRIAVPNRIVPTKSEPITASIRPSPSVPNPMVPSLSFSMPVLKVDSVTSASTRLSTVNISDFSNLGFSSQPPPQSDPDRIESFLNYPSFSGDANLDLVEMLPNDTESRCTSLSSIDNSDFSQLLSESQTSGTLSAGLQEPGTSQGTLMSYPDSIARLMSNRPIEDDGEERIDSVLMNGVFDMQQGVESITSLLDLDLSSFMNIK
RELA_00090,RELA,,637,A8WC57,p65 transcription factor,Siniperca chuatsi (Chinese perch),119488,,relA,158939183,19340946,,"IPR013783,IPR014756,IPR002909,IPR000451,IPR008967,IPR011539",,,MDGVYGWGLTPLNPVQTASPFIEIIEQPKQRGMRFRYKCEGRSAGSIPGEKSNDTTKTHPAIKVHNYSGPLRVRISLVTKNAPHEPHPHELVGKDCKHGYYEADLQERRIHSFQNLGIQCVKKKDVNEAITCRLQTNNNPFNIPEAKVWEEEFDLNSVRLCFQASINLPTGELFPLEPVVSQPIYDNRAPNTAELKICRVNRNSGSCKGGDEIFLLCDKVQKEDIEVRFFQDAWEGKGTFSQADVHRQVAIVFRTPPYRDTNLSEPIRVKMQLRRPSDREVSEPMDFQYLPADPDEYRLSEKRKRTGDMFQSLKLGPMLSSVSIPQDRRHISPARRTVTAKPPSMNAQAAAVVPPVSGAKSQPSYSYSQPGHLFSVQPKVEASPSISAATTSQTWRIMESLNLGPQPKATPVPNFTMSQAPASSSTTTSTVNQDYSTVNLSDLHEFFPNISSAIAQEPAASQGSTASSQTSSSFTLQGSQFRVDVPLVDDDIPEFPSFSEAQAPGTLDNLNMDDFEDLLNPPLMSESGNGTSVLAHASCQQAAPPSSSTAPQNSAASQNTSDPTSNSGSTWMNYPNSIVNLLQNEGMMDIASNNNHRPAVLDEFDGLMSADEDRLISILTVEAKLGLCQDIRLSSTM
RELA_00091,RELA,,,B0LXP3,NF-kappaB transcription factor p65 subunit [Sus scrofa],Sus scrofa (pig),9823,,,166079187,,,,,,MDDLFPLIFPSEPAPASGPYVEIIEQPKQRGMRFRYKCEGRSAGSIPGERSTDTTKTHPTIKINGYTGPGTVRISLVTKDPPHRPHPHELVGKDCRDGFYEAELCPDRCIHSFQNLGIQCVKKRDLEQAINQRIQTNNNPFQVPIEEQRGDYDLNAVRLCFQVTVRDPAGRPLRLPPVLSHPIFDNRAPNTAELKICRVNRNSGSCLGGDEIFLLCDKVQKEDIEVYFTGPGWEARGSFSQADVHRQVAIVFRTPPYADPSLQAPVRVSMQLRRPSDRELSEPMEFQYLPDTDDRHRIEEKRKRTYETFKSIMKKSPFNGPTDPRPATRRIAVPSRSSASVPKPAPQPYPFTPSLSTINFDEFTPMAFASGQIPGQTSALAPAPAPVLVQAPAPAPAPAMASALAQAPAPVPVLAPGLAQAVAPPAPKTNQAGEGTLTEALLQLQFDTDEDLGALLGNNTDPTVFTDLASVDNSEFQQLLNQGVSMPPHTAEPMLMEYPEAITRLVTGSQRPPDPAPTPLGASGLTNGLLSGDEDFSSIADMDFSALLSQISS
RELA_00092,RELA,,,A1XG22,V-rel reticuloendotheliosis viral oncogene homolog A (Avian),Bos taurus (Bovine),9913,,,126010737,17306370,,"IPR013783,IPR014756,IPR002909,IPR000451,IPR008967,IPR011539",,,MDDLFPLIFPAEPAQASGPYVEIIEQPKQRGMRFRYKCEGRSAGSIPGERSTDTTKTHPTIKINGYTGPGTVRISLVTKDPPHRPHPHELVGKDCRDGFYEAELCPDRCIHSFQNLGIQCVKKRDLEQAISQRIQTNNNPFQVPIEEQRGDYDLNAVRLCFQVTVRDPAGRPLRLAPVLSHPIFDNRAPNTAELKICRVNRNSGSCLGGDEIFLLCDKVQKEDIEVYFTGPGWEARGSFSQADVHRQVAIVFRTPPYADPGLQAPVRVSMQLRRPSDRELSEPMEFQYLPDTDDRHRIEEKRKRTYETFKSIMKKSPFNGPTDPRPPTRRIAVPNRGSASIPKPAPQPYSFTPSLSTINFEEFSPMVFPSGQIPSQTSALAPAPTPVLTQTQVLAPAPAPAPGMASTLAQALAPGLAQAVTPPAPRTNQTGEGTLTEALLQLQFDTDEDLGALLGNNTDPAVFTDLASVDNSEFQQLLNQGVPMGPHTAEPMLMEYPEAITRLVTGSQRPPDPAPTPLGPPGLTNGLLSGDEDFSSIADVDFSALLSQISS
RELA_00093,RELA,,455,Q6K197,P65 transcription factor,Danio rerio (zebrafish),7955,,relA,82201958,15169890,,"IPR013783,IPR002909,IPR000451,IPR008967,IPR011539",,,MDGMFHQWGTSQVPQGPPHVEIIEQPKSRGMRFRYKCEGRSAGSIPGEKSNDTTKTHPAIRVHNYSGPVRVRISLVTKNQPYKPHPHELVGKDCKHGYYEADLQERRIHSFQNLGIQCVKKKDVGEAVSCRLQTQNNPFKIPDAKIWEEEFDLNAVRLCFRVSITLSSGDLFPLEPVVSQPIYDNRAPNTAELKICRVNRNSGSCRGGDEIFLLCDKVQKEDIEVRFFLDSWESKGSFSQADVHRQVAIVFRTPPYCDTNLTEPLRVKMQLRRPSDREVSEPMDFQYLPSDPDEHRLMEKRKRTEGMLHNLKLSSIITGSSMSAERRPFPTAKRTLPVSKQPVAASAPASVPAVSAAPPLKPPPTSFFSPPPGQLFTQQKMEPSPLPASSSDIWKYLQAMSVDSQPKAVPVLPFPSGTVSTGRDARLITAARGENTVLHPYTLHYTHLTHVLLLV
RELA_00094,RELA,,527,Q04865,Putative transcription factor p65 homolog,Xenopus laevis (African clawed frog,8355,,rela,548721,2011580,,"IPR013783,IPR014756,IPR002909,IPR000451,IPR008967,IPR011539",,,MDGFHWTDIVSSMPPSIPPVEIIEQPKQRGMRFRYKCEGRSAGSIPGERSTDTSKTHPTIKINNYQGPARIRISLVTKDSPHKPHPHELVGKDCKDGYYEAELSPDRSIHSFQNLGIQCVKKREVEDAVAHRIRTNNNPFNVSPEELKADYDLNTVCLCFQVFIPDQAAGRMLPLPFVVSQPIYDNRAPNTAELKICRVNKNSGSCLGGDEIFLLCDKVQKEDIEVIFGLGNWEARGIFSQADVHRQVAIVFRTPAFQDTKIRQSVKVQMQLRRPSDKEVSEPMEFQYLPDEGDPHHIDEKRKRTLDNFKHYVKNNPFAGGETRPQRRIAVANRNVPTKSEPIRPSIPVPNPVVSCLPFSMPVLKAENVTSPSTLLSTVNISDFSNLGFSSQPPSQSDHDRLESMLNYPSFPGDANLDLVEMLPHENESRCTSLSSIDNSDFSQLLSESQSSGTLSAALQEPGTSQGTFMAYPESIARLMTNRPNEDEGGERIDSGLINGMFDISREEIHLTSLFELDFSSLLSNMK
RELA_00095,RELA,,551,A1XG22,V-rel reticuloendotheliosis viral oncogene homolog A (Avian),Bos taurus (cattle),9913,,RELA,126010737,17306370,,"IPR013783,IPR014756,IPR002909,IPR000451,IPR008967,IPR011539",,,MDDLFPLIFPAEPAQASGPYVEIIEQPKQRGMRFRYKCEGRSAGSIPGERSTDTTKTHPTIKINGYTGPGTVRISLVTKDPPHRPHPHELVGKDCRDGFYEAELCPDRCIHSFQNLGIQCVKKRDLEQAISQRIQTNNNPFQVPIEEQRGDYDLNAVRLCFQVTVRDPAGRPLRLAPVLSHPIFDNRAPNTAELKICRVNRNSGSCLGGDEIFLLCDKVQKEDIEVYFTGPGWEARGSFSQADVHRQVAIVFRTPPYADPGLQAPVRVSMQLRRPSDRELSEPMEFQYLPDTDDRHRIEEKRKRTYETFKSIMKKSPFNGPTDPRPPTRRIAVPNRGSASIPKPAPQPYSFTPSLSTINFEEFSPMVFPSGQIPSQTSALAPAPTPVLTQTQVLAPAPAPAPGMASTLAQALAPGLAQAVTPPAPRTNQTGEGTLTEALLQLQFDTDEDLGALLGNNTDPAVFTDLASVDNSEFQQLLNQGVPMGPHTAEPMLMEYPEAITRLVTGSQRPPDPAPTPLGPPGLTNGLLSGDEDFSSIADVDFSALLSQISS
