RELB_000001,RELB,,520,BAE16276,BmRelB -Bombyx mori .,Bombyx mori (domestic silkworm),7091,,bmrelb,71067048,,,,,,MASQSAPPRAPSVVIVEQPASKALRFRYKCEGRSAGSLPGVSSTPENKTYPTIKICSYKGPATIVVSCVNKDPPFKPHPHNLVGRERCDRGVCSVRTDVTEDNNEYQFRNLGIQCVKRKDIVAELRLREELRVDPFRTGFDHRSHTQSIDLNAVRLAFQVFVPDGAGRMRRPLPTVVSDIIYDKKAMSDLLIMRSSHCSGTIRGGTQVILLCEKVSKEDTAVIFYQEVNEQIVWEETVTPSYVHKQVAVVFNTPPYRDPQRDEHVTVHFQLKRLTDDARSNSFAFEYIPDFRDSNYILGKKRKTKMPLMAAYEQERTFQEQMPIKAEPREKSPHHATSPYGAYPPYSDPNWMVPPEQMRTIPDLAVPAATNMDTFADMAWSNVPYGQGLQPLQPGANVMHSPHSLSPMHRGQSVSPMQDSQCGSPMHGGPCVSPMHGGACVSPMVGPMMQVGSTSPNMQHNTYSHLPQGAEADGAGTTFSAQFLDREPILNSSEFRSLLGGDGNMLSADLNKLSTSDLLL
RELB_000002,RELB,,53,2K29_A,"Chain A, Structure Of The Dbd Domain Of E. Coli Antitoxin Relb.",Escherichia coli,562,,,185177527,,,,2K29,P0C079,GSHMGSINLRIDDELKARSYAALEKMGVTPSEALRLMLEYIADNERLPFKQTL
RELB_000003,RELB,,274,BAA02947,relB -Gallus gallus .,Gallus gallus (chicken),9031,,relB,1160315,,,,,,MRFRYECEGRSAGSILGESSTEASKTLPAIELLNCQAIPEVQVTACLVWKDWPHRVHPHGLVGKDCSNGLCQVRLQPHANPRHSFSNLGIQCVKKKEIEAAIEKKLQLGIDPFKAGSLKNHQEVDMNVVRICFQASYRDGSGRTRQLSPVLSEPIFDKKSTNTSELRICRMNKESGPCTGGEELYLLCDKVQKEDIAVVFRKEPWEARADFSQGDVHRQEAIVLRTPPYRCVQLSEPVQVEVFLQRLTDRARSRGCPYTYLPRERDAYGVKVKR
RELB_000004,RELB,,293,3DO7_B,"Chain B, X-Ray Structure Of A Nf-Kb P52RELBDNA COMPLEX.",Homo sapiens (human),9606,,,254574803,,,,,,GPYLVIVEQPKQRGFRFRYGCEGPSHGGLPGASSEKGRKTYPTVKICNYEGPAKIEVDLVTHSDPPRAHAHSLVGKQCSELGICAVSVGPKDMTAQFNNLGVLHVTKKNMMGTMIQKLQRQRLRSRPQGLTEAEQRELEQEAKELKKVMDLSIVRLRFSAFLRDSDGSFSLPLKPVISQPIHDSKSPGASNLKISRMDKTAGSVRGGDEVYLLCDKVQKDDIEVRFYEDDENGWQAFGDFSPTDVHKQYAIVFRTPPYHKMKIERPVTVFLQLKRKRGGDVSDSKQFTYYPLV
RELB_000005,RELB,,79,ABQ02945,relB -Klebsiella pneumoniae .,Klebsiella pneumoniae,573,,,146151179,,,,,,MGSINLRIDDELKARSYAALEKMGVTPSEALRLMLEYIADNERLPFKQTLLSDEDAELVEIVKERLRNPKPVRVTLDEL
RELB_000006,RELB,,79,YP_001965888,relB -Klebsiella pneumoniae .,Klebsiella pneumoniae,573,,,190410385,,,,,,MGSINLRIDDELKARSYAALEKMGVTPSEALRLMLEYIADNERLPFKQTLLSDEDAELVEIVKERLRNPKPVRVTLDEL
RELB_000007,RELB,3BPQ_C,52,3BPQ_A,"Chain A, Crystal Structure Of Relb-Rele Antitoxin-Toxin Complex",Methanocaldococcus jannaschii,2190,,,218766613,,,,3BPQ,,MRLKKRFKKFFISRKEYEKIEEILDIGLAKAMEETKDDELLTYDEIKELLGD
RELB_000008,RELB,3BPQ_A,52,3BPQ_C,"Chain C, Crystal Structure Of Relb-Rele Antitoxin-Toxin Complex",Methanocaldococcus jannaschii,2190,,,218766615,,,,3BPQ,,MRLKKRFKKFFISRKEYEKIEEILDIGLAKAMEETKDDELLTYDEIKELLGD
RELB_000009,RELB,,110,1ZKA_A,"Chain A, Nf-Kb Relb Forms An Intertwined Homodimer, Y300s Mutant.",Mus musculus (house mouse),10090,,,67464608,,,,1ZKA,Q04863,LVPRGSHMNTSELRICRINKESGPCTGGEELSLLCDKVQKEDISVVFSTASWEGRADFSQADVHRQIAIVFKTPPYEDLEISEPVTVNVFLQRLTDGVCSEPLPFTYLPR
RELB_000010,RELB,,110,1ZK9_A,"Chain A, Nf-Kb Relb Forms An Intertwined Homodimer.",Mus musculus (house mouse),10090,,,67464607,,,,1ZK9,Q04863,LVPRGSHMNTSELRICRINKESGPCTGGEELYLLCDKVQKEDISVVFSTASWEGRADFSQADVHRQIAIVFKTPPYEDLEISEPVTVNVFLQRLTDGVCSEPLPFTYLPR
RELB_000011,RELB,,288,2V2T_A,"Chain A, X-Ray Structure Of A Nf-Kb P50-Relb-Dna Complex.",Mus musculus (house mouse),10090,,,151568128,,,,2V2T,Q04863,LGRLVSPGPCPRPYLVITEQPKQRGMRFRYECEGRSAGSILGESSTEASKTQPAIELRDCGGLREVEVTACLVWKDWPHRVHPHSLVGKDCTDGVCRVRLRPHVSPRHSFNNLGIQCVRKKEIEAAIERKIQLGIDPYNAGSLKNHQEVDMNVVRICFQASYRDQQGHLHRMDPILSEPVYDKKSTNTSELRICRINKESGPCTGGEELYLLCDKVQKEDISVVFSTASWEGRADFSQADVHRQIAIVFKTPPYEDLEISEPVTVNVFLQRLTDGVCSEPLPFTYLPR
RELB_000012,RELB,,296,3DO7_A,"Chain A, X-Ray Structure Of A Nf-Kb P52RELBDNA COMPLEX.",Mus musculus (house mouse),10090,,,254574802,,,,3DO7,Q04863,SCTLGRLVSPGPCPRPYLVITEQPKQRGMRFRYECEGRSAGSILGESSTEASKTQPAIELRDCGGLREVEVTACLVWKDWPHRVHPHSLVGKDCTDGVCRVRLRPHVSPRHSFNNLGIQCVRKKEIEAAIERKIQLGIDPYNAGSLKNHQEVDMNVVRICFQASYRDQQGHLHRMDPILSEPVYDKKSTNTSELRICRINKESGPCTGGEELYLLCDKVQKEDISVVFSTASWEGRADFSQADVHRQIAIVFKTPPYEDLEISEPVTVNVFLQRLTDGVCSEPLPFTYLPRDHDSY
RELB_000013,RELB,,147,AAY44746,NF-kB RelB splice variant 1 -Mus musculus .,Mus musculus (house mouse),10090,7,,66352026,16480837,,,,,MPSRRAARESAPELGALGSSDLSSLSLTVSRTTDELDIIDEYIKENGFGLDGTQLSEMPRLVPRGPASLSSVTLGPAAPPPPATPSWSCTLGRLVSPGPCPRPYLVITEQPKQRGMRFRYECEGRSAGSILGESSTEASKTLPAIEL
RELB_000014,RELB,,237,AAY44747,NF-kB RelB splice variant 2 -Mus musculus .,Mus musculus (house mouse),10090,7,,66352028,,,,,,MPSRRAARESAPELGALGSSDLSSLSLTVSRATEIIDEYIKENGFGLDGTQLSEMPRLVPRGPASLSSVTLGPAAPPPPATPSWSCTLGRLVSPGPCPRPYLVITEQPKQRGMRFRYECEGRSAGSTLGESSTEASKTLPAIELRDCGGLREVEVTACLVWKDWPHRVHPHSLVGKDCTDGVCRVRLRPHVSPRHRRGDRGSSELPVDSRPSLTEMPISEDNLWDSVFSFRCVASQG
RELB_000015,RELB,,66,AAY44748,NF-kB RelB splice variant 3 -Mus musculus .,Mus musculus (house mouse),10090,7,,66352030,,,,,,MPSRRAARESAPELGALGSSDLSSLSLTVSRTTDELGAMGVFYAKEKRKSSTNTLRRTALAWTGHS
RELB_000016,RELB,,236,AAY44749,NF-kB RelB splice variant 4 -Mus musculus .,Mus musculus (house mouse),10090,7,,66352032,,,,,,MPSRRAARESAPELGALGSSDLSSLSLTVSRTTDELEIIDEYIKENGFGLDGTQLSEMPRLVPRGPASLSSVTLGPAAPPPPATPSWSCTLGRLVSPGPCPRPYLVITEQPKQRGMRFRYECEGRSAGSILGESSTEASKTLPAIELRDCGGLREVEVTACLVWKDWPHRVHPHSLVGKDCTDGVCRVRLRPHVSPRHRYQTPTFDPSFSPLLMEIPQTRRQRVIRAACGLQTQLN
RELB_000017,RELB,,555,AAH34523,Relb protein -Mus musculus .,Mus musculus (house mouse),10090,,Relb,21961256,,,,,,MPSRRAARESAPELGALGSSDLSSLSLTVSRTTEIIDEYIKENGFGLDGTQLSEMPRLVPRGPASLSSVTLGPAAPPPPATPSWSCTLGRLVSPGPCPRPYLVITEQPKQRGMRFRYECEGRSAGSILGESSTEASKTLPAIELRDCGGLREVEVTACLVWKDWPHRVHPHSLVGKDCTDGVCRVRLRPHVSPRHSFNNLGIQCVRKKEIEAAIERKIQLGIDPYNAGSLKNHQEVDMNVVRICFQASYRDQQGHLHRMDPILSEPVYDKKSTNTSELRICRINKESGPCTGGEELYLLCDKVQKEDISVVFSTASWEGRADFSQADVHRQIAIVFKTPPYEDLEISEPVTVNVFLQRLTDGVCSEPLPFTYLPRDHDSYGVDKKRKRGLPDVLGELSSSDPHGIESKRRKKKPVFLDHFLPGHSSGLFLPPSALQPADSDFFPASISLPGLEPPGGPDLLDDGFAYDPSAPTLFTMLDLLPPAPPLASAVVGSGGAGATVVESSGPEPLSLDSFAAPGPGDVGTASLVGSNMFPNQYREAAFGGGLLSPGPEAT
RELB_000018,RELB,,116,AAB25493,RelB -Mus sp. .,Mus sp.,10095,,RelB,13236922,,,,,,MPSRRAARESAPELGALGSSDLSSLSLTVSRTTDELEIIDEYIKENGFGLDGTQLSEMPRLVPRGPASLSSVTLGPAAPPPPATPSWSCTLGRLVSPGPCPRPYLVITEQPKQRGM
RELB_000019,RELB,,497,P51510,Transcription factor RelB homolog,Xenopus laevis (African clawed frog),8355,,relb,1710086,8524658,,"IPR013783,IPR014756,IPR002909,IPR000451,IPR008967,IPR011539",,P51510,MREQGREGSSFLSQQLGPTIEDVMDLINSDRDVISSPSVFVCEDAPSSILSTVTVAHYVPHEQCPSTSWAPQREGPNPELNITEQPKQRGMRFRYQCEGRSTGSILGEKSTEHNKTLPEIEIINCDGLEEIHVIVCLVWRDPPHRVHPHGLVGKDCHNGICEVTLNPQNGVAKHSFSNLGIQCVRKREIDSAVNERLKLNIDPYKAGKWRLHEEVDLNVVRLCFQASCTGPGFKYDIPPVLSDPIYDKKSTNTSELKISRMNKEYGRCEGGEEVYILCDKVQKEDILVIFGEDKWEARADFSQADVHRQIAIVLKTPPYHDLHITEPACVRVFLQRITDGIRSEGMPFVYMPRVKDPNGVHSKRKHRDCSQLGDIGDPDPHGIEMKRRKVRPSYADHLIPPYPDINLPLMDSFNHNEGYHDLPLMNPDEDAFHFLTEDPHFSDLLTHDPYFLDGYSNQFLPDQVNGVTAHLVGSSLALTDEEQPLPDCAFNDSGCRR
