RELISH_00001,RELISH,,538,AAM97894,relish C8 isoform -Aedes aegypti .,Aedes aegypti (yellow fever mosquito),7159,,,22532302,,,,,,MQNLNISNAYPYFAETHHQTMTTGEEGQLQTFTYNDPTQPRVELSVPQLTIVEQPVDKFRFRYQSEMHGTHGSLMGVHTEKSKKTFPTVQLHGFQGEAKIRCSLFQVDPNRRAAHSHNLVIKSGEIDLNDPHDIDVNEECNYVAMFQGMGIIHTAKKNIAEELSKKMKKQRSVEMNRELTLREEYQLQKEAAEMAKTMNLNQVCLCFQAFQVDASTGRWAQLCEPVYSNPINNMKSALTGELKICRLSATVGNVDGGEEVFMFVEKVCKNNIKIRFYELDEYDQEIWQDWGSFSEADVHHQYAIAFKTPAYHNKDITEPVEVLMQLYRPRDKCQNEPVPFKFKPRFNISRKRPRVSSGLLSNEIPTVVPNEPGSSRLPSFHHPFSMMPPMQAPIAEASGSSSSHTISKEYNKSGIIQEILDSHIPTTIAGDISFSSNDFKEFVNCNSEELRKLITEIGEAQEESKLETDAVSVGHVDEAAAQFERTLEQYLEHNSQAKDVEILKKILAIIRLLFRKNYDQCRELISALWMSANKLKAK
RELISH_00002,RELISH,,995,AAM97895,relish R6 isoform -Aedes aegypti .,Aedes aegypti (yellow fever mosquito),7159,,,22532304,,,,,,MSTLLNLDSYRHELFEHHQHQQQHHQLQQLSSSPTYSVLSMESVSPVSSSSASPAADTSKYYASNSPSSVSNMSPKSTASDTSSFNMQNLNISNAYPYFAETHHQTMTTGEEGQLQTFTYNDPTQPRVELSVPQLTIVEQPVDKFRFRYQSEMHGTHGSLMGVHTEKSKKTFPTVQLHGFQGEAKIRCSLFQVDPNRRAAHSHNLVIKSGEIDLNDPHDIDVNEECNYVAMFQGMGIIHTAKKNIAEELSKKMKKQRSVEMNRELTLREEYQLQKEAAEMAKTMNLNQVCLCFQAFQVDASTGRWAQLCEPVYSNPINNMKSALTGELKICRLSATVGNVDGGEEVFMFVEKVCKNNIKIRFYELDEYDQEIWQDWGSFSEADVHHQYAIAFKTPAYHNKDITEPVEVLMQLYRPRDKCQSEPVPFKFKPRFNISRKRPRVSSGLLSNEIPTVVPNEPGSSRLPSFHHPFSMMPPMQAPIAEASGSSSSHTISKEYNKSGIIQEILDSHIPTTIAGDISFSSNDFKEFVNCNSEELRKLITEIGEAQEESKLETDAVSVGHVDEAAAQFERTLEQYLEHNSQAKDVEILKKILAIIRLLFRKNYDQCRELISALWMSANKLKANCLHMAIERRNITIACKLVELLQDHHLLDMLDLFNERNETALHLAVSANLVEVVDVLLLTGSRISYCDSRGNSALHRAVYENALDSLNVLLGHCKRNGFRLDSTNDDGFTALHLAVMCKNLKATKVLLDRGASYVLRDLKHGNNILHIAVESDSLDMVNFILEGVDKTLADEPNNAGYTPLQLANARHLANANNKLIVRELLRYNPSGVLEKEHLTEEEDDDQEQEENLPPSSDSQSETVLESMNVSCNRVEVIRLLEDYSPPNDEPKLTPLENVPYNSTLEDGSVYLFDEVCLSHLCGLLNRKNLWREVGSLLEFNSFFMIWETSVNPAGMLLNYFEMQKVKLEHLIDVLQALDQKEAIHYIDEMICRQMK
RELISH_00003,RELISH,,655,AAM97896,relish R7 isoform -Aedes aegypti .,Aedes aegypti (yellow fever mosquito),7159,,,22532306,,,,,,MSTLLNLDSYRHELFDNIKIRFYELDEYDQEIWQDWGSFSEADVHHQYAIAFKTPAYHNKDITEPVEVLMQLYRPRDKCQSEPVPFKFKPRFNISRKRPRVSSGLLSNEIPTVVPNEPGSSRLPSFHHPFSMMPPMQAPIAEASGSSSSHTISKEYNKSGIIQEILDSHIPTTIAGDISFSSNDFKEFVNCNSEELRKLITEIGEAQEESKLETDAVSVGHVDEAAAQFERTLEQYLEHNSQAKDVEILKKILAIIRLLFRKNYDQCRELISALWMSANKLKANCLHMAIERRNITIACKLVELLQDHHLLDMLDLFNERNETALHLAVSANLVEVVDVLLLTGSRISYCDSRGNSALHRAVYENALDSLNVLLGHCKRNGFRLDSTNDDGFTALHLAVMCKNLKATKVLLDRGASYVLRDLKHGNNILHIAVESDSLDMVNFILEGVDKTLADEPNNAGYTPLQLANARHLANANNKLIVRELLRYNPSGVLEKEHLTEEEDDDQEQEENLPPNSDSQSETVLESMNVSCNRVEVIRLLEDYSPPNDEPKLTPLENVPYNSTLEDGSVYLFDEVCLSHLCGLLNRKNLWREVGSLLDFNSFFMIWETSVNPAGMLLNYFEMQKVKLEHLIDVLQALDQKEAIHYIDEMICRQMK
RELISH_00004,RELISH,,339,AAM97897,relish R6 isoform -Aedes aegypti .,Aedes aegypti (yellow fever mosquito),7159,,relish,22532310,,,,,,HHQHQQQHHQLQQLSSSPTYSVLSMESVSPVSSSSASPAADTSKYYASNSPSSVSNMSPKSTASDTSSFNMQNLNISNAYPYFAETHHQTMTTGEEGQLQTFTYNDPTQPRVELSVPQLTIVEQPVDKFRFRYQSEMHGTHGSLMGVHTEKSKKTFPTVQLHGFQGEAKIRCSLFQVDPNRRAAHSHNLVIKSGEIDLNDPHDIDVNEECNYVAMFQGMGIIHTAKKNIAEELSKKMKKQRSVEMNRELTLREEYQLQKEAAEMAKTMNLNQVCLCFQAFQVDASTGRWAQLCEPVYSNPINNMKSALTGELKICRLSATVGNVDGGEEVFMFVEKVCK
RELISH_00005,RELISH,,269,AAM97898,relish C8 isoform -Aedes aegypti .,Aedes aegypti (yellow fever mosquito),7159,,relish,22532311,,,,,,MQNLNISNAYPYFAETHHQTMTTGEEGQLQTFTYNDPTQPRVELSVPQLTIVEQPVDKFRFRYQSEMHGTHGSLMGVHTEKSKKTFPTVQLHGFQGEAKIRCSLFQVDPNRRAAHSHNLVIKSGEIDLNDPHDIDVNEECNYVAMFQGMGIIHTAKKNIAEELSKKMKKQRSVEMNRELTLREEYQLQKEAAEMAKTMNLNQVCLCFQAFQVDASTGRWAQLCEPVYSNPINNMKSALTGELKICRLSATVGNVDGGEEVFMFVEKVCK
RELISH_00006,RELISH,,255,AAM97899,relish C8 isoform -Aedes aegypti .,Aedes aegypti (yellow fever mosquito),7159,,relish,22532312,,,,,,QEIWQDWGSFSEADVHHQYAIAFKTPAYHNKDITEPVEVLMQLYRPRDKCQSEPVPFKFKPRFNISRKRPRVSSGLLSNEIPTVVPNEPGSSRLPSFHHPFSMMPPMQAPIAEASGSSSSHTISKEYNKSGIIQEILDSHIPTTIAGDISFSSNDFKEFVNCNSEELRKLITEIGEAQEESKLETDAVSVGHVDEAAAQFERTLEQYLEHNSQAKDVEILKKILAIIRLLFRKNYDQCRELISALWMSANKLKAK
RELISH_00007,RELISH,,254,AAM97900,relish R6 isoform -Aedes aegypti .,Aedes aegypti (yellow fever mosquito),7159,,relish,22532313,,,,,,QEIWQDWGSFSEADVHHQYAIAFKTPAYHNKDITEPVEVLMQLYRPRDKCQSEPVPFKFKPRFNISRKRPRVSSGLLSNEIPTVVPNEPGSSRLPSFHHPFSMMPPMQAPIAEASGSSSSHTISKEYNKSGIIQEILDSHIPTTIAGDISFSSNDFKEFVNCNSEELRKLITEIGEAQEESKLETDAVSVGHVDEAAAQFERTLEQYLEHNSQAKDVEILKKILAIIRLLFRKNYDQCRELISALWMSANKLKA
RELISH_00008,RELISH,,254,AAM97901,relish R7 isoform -Aedes aegypti .,Aedes aegypti (yellow fever mosquito),7159,,relish,22532314,,,,,,QEIWQDWGSFSEADVHHQYAIAFKTPAYHNKDITEPVEVLMQLYRPRDKCQSEPVPFKFKPRFNISRKRPRVSSGLLSNEIPTVVPNEPGSSRLPSFHHPFSMMPPMQAPIAEASGSSSSHTISKEYNKSGIIQEILDSHIPTTIAGDISFSSNDFKEFVNCNSEELRKLITEIGEAQEESKLETDAVSVGHVDEAAAQFERTLEQYLEHNSQAKDVEILKKILAIIRLLFRKNYDQCRELISALWMSANKLKA
RELISH_00009,RELISH,,132,AAQ57599,relish -Anopheles gambiae .,Anopheles gambiae (African malaria mosquito),7165,2L,,34101077,,,,,,MSTLLNLDSYRHELYEQQQLLGTSPIQYTVLSMDTPSPSSSSAAAAVVSVGEFTLGPGRTYASALSPSSSSASPSSPSSVASPNSRASNMSPESSASDQSAAYTLQNLNLSSSAGTMNYPGMGYQQQQQQQQQQQQHHQHQQLQQQQHHYYTPQLLNLDQEQLQTQTFTYVTSSNEAFAAPEPNYSEPHLVILEQPVDKFRFRYQSEMHGTHGSLMGSRTEKSKKTFPTVELRGYGGEAKVRCSLYQVDPQRRAPHSHHLVIKSGELDLIDPHDLDVGGAAGAAEPSEGVGGDGKYVATFQGMGIIHTAKKFIAEELYKKLRKHRLCELNREPTEREEQQMQKEAAVMARTMNLNQVCLCFRAYRVEPGTGRWVPICEPVYSNPINNMKSALTGELKICRLSTTVSGVDGGEEVFMFVEKVCKNNIKIRFYELDEYDQEVWQEMAIFSEADVHHQYAIAFKTPPYRHKDITEPVEVLMQLFRPRDRCQSEPVLFKYKPRPGMMVVPGAGASGASRKRLRISSGNVSSEIPTVIQNDPNGPVGPAGVGGGGGGGGGGGGGGVIGSGSTTRLPPLHQPFPMLANHAGGGAIPEGQEPTSTTSLTTSAHHPDIMSGIGSTTTISKELTKASIIQEILNIPTTIASDVAFDSSDFPCNSEEFNKLIQEIGNQQDLVKLETDAETAGGGATDTESVLGRAIADLVASGDDSRQGEMLRKLLALIKLFAGDVNRSRQLLASHWTAANQQQLNCLHAAIRRNDTTIACKLIELLHEYQLAEELLDLPNDRNETGLHLAVSCNSEPIVKALLGAGAKLHYCDYRGNTPLHRAVVENVPDMVRLLLLQGGLRLDCTNDDGLTALQAAVYARNLKITRILLEAGASVREKDLKHGNNILHIAVDNDALDIVHYILEEVKEELGRERNNAGYTPLQLADAKSHTGQGNNKLIVRELLRHYPDGLQKEVKKEVDAAEDDEEEEEEEQEEEEDEDEEGGEEHGQREASAPSSSVLDSMDLINGERASIARLLEEHEPEAEPQRKATKRSDSGPDRTEPDTLLDEQCLEELCRLLDAGSGWRELGSLLDFHSFFTVWEQAPSPARMLLGYFEMQQLHLDRLIDMLRVLELRDPIRSIDEMICRRMK
RELISH_00010,RELISH,,138,AAS79018,transcription factor relish -Anopheles stephensi .,Anopheles stephensi (Asian malaria mosquito),30069,,,45862540,,,,,,DVHHQYANTRIGHLHSSNSKAYNFTNRKLELNRLRWFVAYSFRVSSFLEFWFNFLPMPKTEALYQRAARCHGLVGQEGKTIGIGVGASRLKNEPKERVCWRRVRPDKHCRGKNILKMKKYFWLWKILLRRLHTSSPCV
RELISH_00011,RELISH,,517,ACT66912,relish -Apis andreniformis .,Apis andreniformis,7464,,,254548173,,,,,,FGRFSELDVHHQYAIVFRTPPYRDLNITTPKEVFIQLERPSDGDCSEPIKFTYKPSDRITGRKRQRISHSGSSELSSILPISNYSENENISDILNNSREIKKILSEGITSPICKEFLKNMDLDNYLKFFDNEENMLITDGPSTMQNQDDIMFAKNVLTKVIQYMKMDLKNVEEYIQKLFNDRSTTYGDSPLHAALRYGQRDIVKYFLMLISSNKDCKAFVNGQNSSGKTPLHYAILQNQPEITEALLMLGADPNRTDDHGFSPLHTAVKIPEAGACVDVLLSEKKIDIEAYNDVGWMPLHLAAKAGSYDAVCSLVHAGVNVNNTDRSCGRTALHIAVESGHKNIVEYLLKKTNISVNKRNFSGNTALHTAVVYAGVQAKELCALLIQHGADPHIQNHNRESNNPIDKTKESDIKIKVEVDAEDENADEVIGQSSFDLAKNKPDILQLFNRQYEETTNEMCSVTTKLELKDEDSEINWLNNEHKEKLSILLDKTQGWQKLAKHLNVEYLLKTFQNNST
RELISH_00012,RELISH,,513,ACT66910,relish -Apis cerana .,Apis cerana (Asiatic honeybee),7461,,,254548169,,,,,,FGRFSELDVHHQYAIVFRTPPYRDLNITTPKEVFIQLERPSDGDCSEPIKFIYKPSDRVIDRKRKRISHSESSELSFILPISNENENISDILNNSTEIKKILSEGITSPKCKEFLKNMDVDNYLKFFDNEENMLITDGPSTVQNQDDIMFAKNVLTKVIQYMKMDLKNVEEYIQKLFKDRSTYGDSPLHAALRYGQRDIVKYFLMLISSNKDCKALVNGQNSSGKTPLHYAILQNQPEITKALLMLGADPNRTDDHGFSALHIAVKIPEAGACVDVLLSEKKIDIEAYNDAGWMPLHLAAKAGSYDAVCSLIHAGVNVNNTDMSYGRTALHIAVEGGHKNIVEYLLKKTNISVNKRNFSGNTALHTAVVYTGVRAKELCALLLQYGADPHIQNHNRESNNLDKKKESHIKVKVEVDAEDEKTDEVIGQSSFDLAKNKPDILQLFNRQYEETTNEMCSVTTKLELKDEDSEINWLNNEHKKKLSILLDKTQGWRKLAKHLNVEYLLKTFQNNSP
RELISH_00013,RELISH,,515,ACT66911,relish -Apis dorsata .,Apis dorsata (giant honeybee),7462,,,254548171,,,,,,FGRFSELDVHHQYAIVFRTPPYRDLNITTPKEVFIQLERPSDGDCSEPIKFTYKPSDRIINRKRQRISHSGSSELSSIFPISNFSENENISGFLNNSPEMKKIFTXGITSPKCKEFLKNMDVDNYLKFFDNEENMLITDGPSTIQNQDDIMFAKNVLTKVVQYMKMDLKNVEEYIQKLFKDRSTYGDSPLHAALRYGQRDIVKYFLMLISSNKDCKALVNGQNSSGKTPLHYAILQNQPEITKALLMLGADPNRTDDNGFSALHTAVKIPEAGACVNVLLSEKRTDIEAYNDAGWMPLHLAAKAGSYNAVCSLIHAGVNVNNTDKSYGRTALHIAVEGGYTNIVEYLLKKTNISVNKRNFSGNTALHTGVVHTGVRAKELCALLIQYGADPYFQNHNRESNNLDKKKESHIKVKVEVDAEDEKADEVIGQSSFDLAKNKPDILQLFNKQYEETTNEMCSVTTKLELKDEDSEINWLNNEHKEKLSILLDKTQGWRKLAKYLNVEYLLKTFQNNSP
RELISH_00014,RELISH,,515,ACT66909,relish -Apis koschevnikovi .,Apis koschevnikovi,7468,,,254548167,,,,,,FGRFSELDVHHQYAIVFRTPPYRDLNITTPKEVFIQLERPSDGDCSEPIKFIYKPSDRVIDRKRKRISHSESSELSFILPISNYNENENISDILNNSTEIKKILSEGITSPKCKEFLKNMDVDNYLKFFDNEENMLITDGPSTVQNQDDIMFAKNILTKIIQYMKMDLKNVEEYIQKLFKDRSTYGDSPLHAALRYGQRDIVKYFLMLISSNKDCKALVNGQNSSGKTPLHYAILQNQPEITKALLMLGANPNRTDDHGFSALHTAVKIPEAGACVDVLLSEKKIDIEAYNDAGWMPLHLAAKAGSYDAVCSLIHAGVNVNNTDMSYGRTALHIAVEGXHKNIVEYLLKKTNISVNKRNFSGNTALHTAVVYTGVRAKELCALLLQHGADPHIQNHNREPNNLDKKKESHIKVKVEIDAEDEKADEVIGQSSFDLAKNKPDILQLFNRQYEETTNEMCSVTTKLELKDEDSEISWLNNEHKKKLSILLDKTQGWRKLAKHLNVEYLLKTFQNNSP
RELISH_00015,RELISH,,514,ACT66913,relish -Apis mellifera .,Apis mellifera (honey bee),7460,,,254548175,,,,,,YGRFSELDVHHQYAIVFRTPPYRDLNITTPKEVFIQLERPSDGDCSEPVKFTYKPSDRIIGRKRQRISHSGSSELSFILPISNYSENENISDILNNSTEIKKILSEGITSPKCKEFLKNMDVDNYLKFFDNEENMLITDGPSTVQNQDDIMFAKNVLTKVIQYMKMDLKNVEEYIQKLFKDRSTYGDSPLHAALRYGQRDIVKYFLMLISSNKDCKAIVNGQNSSGKTPLHYAILQNQPEITKALLMLGADPNRTDDHGFSALHTAVKIPEAGACVDVLLFEKRTDIEAYNDGWMPLHLAAKAGSYDAVCSLIHAGVDVNNTDRFYGRTALHIAVEGGHTNIVEYLLKKTNISVNKRNLSGNTALHTAVVYTGVEAKELCALLLQHGADPHIRNHNRESNNLDKKKESHIKIKVEVDAEDEKADEVIGQSSFDLAKNKPDILQLFNRQYEETTNEMCSVTTKLELKDEDSEINWLNNEHKEKLSILLDKTQGWRKLAKHLNVEYLLKTFQNNST
RELISH_00016,RELISH,,937,BAF74125,BmRelish1 -Bombyx mori .,Bombyx mori (domestic silkworm),7091,,,153610516,,,,,,MSTTASDQDSDSSSRSPQSYYSYCSPSQQVPQLTPDLNNLIYLDNGSKRNRPFLRIIEQPQDYFRFRYASEMAGTHGCLLGKSSSTNKNKVHPTVELVNYTGQAVIKCQLAQHKTPEEHPHKLFEEEQDNDDREVSCIVPKQGIYKVGFGGMGIIHTAKKNVPGLLFQKYAEKCKNISNKELKIQCENMAKSIDLNIVRLKFSAHDISTDREICKPVFSEPIHSLKSAASNDLKICRISRCSGRPVGGEDVYIFVEKVNKKNIQIRFFELDENGHRVWTANGSFMPGDVHHQYAIIFRTPAYKDTKISKNVNVYIELARPSDGRTSEPKEFKYIAEPIYSNSKKRRMNASCSTSPASSGSLKSISDLPALVTLNNNFNDENNIEMPKTELPAAAAAAPSLGLCDLADALMGSESAVDLHSVAGNAMWSPSAPVETMSVEQFPNLQLNSTEFEKIITNALPPEERNDFTEYALSSYESFDDIDDDPNGWKFIRTLQMMQTDSARSRQQTPQTSKPALKTVEPQESSDRTELNVPSDAKDANEYSAYYNAQDGLEVKQLLRELTQIIRNKKVHKKQELKDKLKRLFDIRLSNGDTYLHMILCSNQSSIANMVTIIDSVKMTHLLDYRNLKLQTLLHTAIANDLSHYVTLLVSKGSSVSLQDVAGDTAFHYAAKSHKCLEPLLAAVKKHNIPFDLNTYNYEKQAPLHLARTGQNARHLLESGADHRVRDMHGRTPLHLAAYDSRLALVAALLDYIPSKEIDATDESGNTALQIVCGGPLRQNSVEIVKLLLAKKADPNFHGAQKESAWKMSADKPELRALLLEAIAFEDGFENNSVKSELDDEIKSEPDDEIKSEPEDDYDSADEGEETSGSTALDGMGQYLGEVSSLLDRSGSWQELAGRLRLDSLLSLYCAQPSPTHTLLLHLKVYLVYCMALQQPSL
RELISH_00017,RELISH,,398,BAF74126,BmRelish2 -Bombyx mori .,Bombyx mori (domestic silkworm),7091,,,153610522,,,,,,MSTTASDQDSDSSSRSPQSYYSYCSPSQQVPQLTPDLNNLIYLDNGSKRNRPFLRIIEQPQDYFRFRYASEMAGTHGCLLGKSSSTNKNKVHPTVELVNYTGQAVIKCQLAQHKTPEEHPHKLFEEEQDNDDREVSCIVPKQGIYKVGFGGMGIIHTAKKNVPGLLFQKYAEKCKNISNKELKIQCENMAKSIDLNIVRLKFSAHDISTDREICKPVFSEPIHSLKSAASNDLKICRISRCSGRPVGGEDVYIFVEKVNKKNIQIRFFELDENGHRVWTANGSFMPGDVHHQYAIIFRTPAYKDTKISKNVNVYIELARPSDGRTSEPKEFKYIAEPIYSNSKKRRMNASCSTSPASSGSLKSISDLPALVTLNNNFNDENNIEMPKTEVLDPLTYVL
RELISH_00018,RELISH,,937,NP_001095935,relish homolog -Bombyx mori .,Bombyx mori (domestic silkworm),7091,,Bmrelish1,156255214,,,,,,MSTTASDQDSDSSSRSPQSYYSYCSPSQQVPQLTPDLNNLIYLDNGSKRNRPFLRIIEQPQDYFRFRYASEMAGTHGCLLGKSSSTNKNKVHPTVELVNYTGQAVIKCQLAQHKTPEEHPHKLFEEEQDNDDREVSCIVPKQGIYKVGFGGMGIIHTAKKNVPGLLFQKYAEKCKNISNKELKIQCENMAKSIDLNIVRLKFSAHDISTDREICKPVFSEPIHSLKSAASNDLKICRISRCSGRPVGGEDVYIFVEKVNKKNIQIRFFELDENGHRVWTANGSFMPGDVHHQYAIIFRTPAYKDTKISKNVNVYIELARPSDGRTSEPKEFKYIAEPIYSNSKKRRMNASCSTSPASSGSLKSISDLPALVTLNNNFNDENNIEMPKTELPAAAAAAPSLGLCDLADALMGSESAVDLHSVAGNAMWSPSAPVETMSVEQFPNLQLNSTEFEKIITNALPPEERNDFTEYALSSYESFDDIDDDPNGWKFIRTLQMMQTDSARSRQQTPQTSKPALKTVEPQESSDRTELNVPSDAKDANEYSAYYNAQDGLEVKQLLRELTQIIRNKKVHKKQELKDKLKRLFDIRLSNGDTYLHMILCSNQSSIANMVTIIDSVKMTHLLDYRNLKLQTLLHTAIANDLSHYVTLLVSKGSSVSLQDVAGDTAFHYAAKSHKCLEPLLAAVKKHNIPFDLNTYNYEKQAPLHLARTGQNARHLLESGADHRVRDMHGRTPLHLAAYDSRLALVAALLDYIPSKEIDATDESGNTALQIVCGGPLRQNSVEIVKLLLAKKADPNFHGAQKESAWKMSADKPELRALLLEAIAFEDGFENNSVKSELDDEIKSEPDDEIKSEPEDDYDSADEGEETSGSTALDGMGQYLGEVSSLLDRSGSWQELAGRLRLDSLLSLYCAQPSPTHTLLLHLKVYLVYCMALQQPSL
RELISH_00019,RELISH,,398,NP_001098704,BmRelish2 -Bombyx mori .,Bombyx mori (domestic silkworm),7091,,LOC100125609,157412326,,,,,,MSTTASDQDSDSSSRSPQSYYSYCSPSQQVPQLTPDLNNLIYLDNGSKRNRPFLRIIEQPQDYFRFRYASEMAGTHGCLLGKSSSTNKNKVHPTVELVNYTGQAVIKCQLAQHKTPEEHPHKLFEEEQDNDDREVSCIVPKQGIYKVGFGGMGIIHTAKKNVPGLLFQKYAEKCKNISNKELKIQCENMAKSIDLNIVRLKFSAHDISTDREICKPVFSEPIHSLKSAASNDLKICRISRCSGRPVGGEDVYIFVEKVNKKNIQIRFFELDENGHRVWTANGSFMPGDVHHQYAIIFRTPAYKDTKISKNVNVYIELARPSDGRTSEPKEFKYIAEPIYSNSKKRRMNASCSTSPASSGSLKSISDLPALVTLNNNFNDENNIEMPKTEVLDPLTYVL
RELISH_00020,RELISH,,135,ABC75034,relish -Carcinoscorpius rotundicauda .,Carcinoscorpius rotundicauda (Southeast Asian horseshoe crab),6848,,,85718022,,,,,,MATYAQCFFPATRPQNEGTSSFFINPFEFCEPVKGRYMPSVMGEPSSLLLPEQETPGLSAIVSDCVSMSNTESSFQHSFPITTNCSPASPLQPTTPMAQPVGVSSSPPLHQIQNGISPSISPEHIHTLQPPCPDHPYLSVLEQPTNRIRYRYKSEKGSHGGLTGEFSSSSKKTYPTVKLENYRPQNNQVFIKATLYTVDDQQKPHVHKLMGKHCQDGVCSVILGEDMVASFQNLGILFVGKKEVPDILYKKKLEDQHLLRCLMQNGSLHITEADKNQLKKDAEQEAKNMDLNRVKIRFEAFAVSQGHLYPICDAVFSNIIANQKCPDVGELKIVKMDKCSGVCTGSDEVFLLCEKVNKKDVKVIFFEEDENGMIQWQDFGSFTEADVHHQVAIVFKTPPYRDLMIKQPVKVKLQLYRYRDGECSKPKDFVYFPIDHDRDGIERKRKKLNQCQNFSGFDGEYFRSTQSFGFSGGSGSSGIRNTSFYDHGQDSVGFQSKKMLNASQKKGTEVRTFNLKDDRQGNVETVKGFEPSGSTDSGKWSEVNNNQELPSDKSVSTDKPLENSFDRLCISKLKEEDENTNVSKSRNSRSEILCGKSTLASQVPQNKRANATKTKCTELHMSTSCESTQGDLELNSRTELSYEQNNVFSPDTAEQDYQQNKLCKSSGPWLVEKLALRMSLSGREFVCSGDLAKILMTMHHLVAIQDSNGDNLFHLAMIHHSGSQADHLELVRCLLNALKEETRDAINQCNNLKQTPLMLAVLTRNPYVVQELLFHGANLNVADAEGNTPLHIATQIGDDYCLSILLDSKMYEAQQSPISPNLNALNNAGYAALHLAVRHNHSDCVMVLCARGADINVMDGTSGHTPLHLAVEWNPQIVQFITKISHVNINVQNFAGNTPLHLACAHRDENVVRILINAHANPLVENYDVYSSSKRHERDIEVLKNKGKTPLDFAGNKKQLRCILAGIVTSPKAKSQDLKSSFSISKPSHSSSTHNDKKVSRKRSEDEIKYSEGKHHLNNEHLSTNKEAVSNEFIPFDSGYASGEIKTEDKNRMDHLCTKLDKKQQWKQLGMALGFENSVINSLERLCGKEKSPAKAIIDRFLQENPDCDLMKTLKNALVAAELQEPLEVIQMIEV
RELISH_00021,RELISH,,963,AAZ08479,relish -Drepanotermes rubriceps .,Drepanotermes rubriceps,62950,,,70795032,,,,,,PVSYSQSSLDSQDSSSSMSAPSPMSVTASPHPYQNILVLTPDQFVAGLPYLKIIEEPVEKFRFRYKSEMMGTHGSILGRNSDRNRKKTYPTVELCNYDGPAVIRCSLYTAHEVMGERMPHTHRLVVRADNEDKDDPHDFPVSSEVGYRAVFQGMGIIHTAKKHIMDELVKKKKLRLLETLRARNVNITSLTTKDEIKIRTEAEAEAKRMNLNSVCLCFEAFVRENGVLKPICEAVYSKPINNMKSALTGELKICRIDKHVSSCLGNEEVFILVEKVGKKNIKIKFFELDDEDNEIWCDYGKFSELDVHHQYAIVFRTPPYRDTEIDKTVDVFLQLYRPTDGDCSEPIKFAYKPSDKTGRVARKRQRTSLTDEIPVAVVSAHVYSNPMLGSATTVPPSQTIPSVDQPNTDASDLFEAVLNEFPNSEMNSSEFKEFMKNWSCSSLGSTYAETFDANELLRDGELVKDYFTMDISTDGSSKLTVKKRTTPLTRELGIDATVAAKLSHVSIDDAQTQPKNCVRKETSMDGEQLAKWAVARLNEVLLEKPPKHILSSKVHEIFGKKREDGDGPLHCAILYDMKDLLKQMFTVLGKGQYRPIIDDRNLKDETPLHLAVMQNQPETVKTLLTIGANPNIITKQGDLPLHLAVSASHNECISELLRFNSSRDCNLTNYNGCTPLHIAAREKNLVAVMKLVNAGADVNKQDTLLGRTVLHVAVEEGCVDIARYLLEKTNIDVNAANYAGNTALHGAVVFEGAESRELCRLLLQYKANPQQENYILERDGDVEFCTEVEIKEEPESEDDFDDEYQLRIAEGETEDEAISSKARGQTSLDLASNKKDILALLQKVVPTEVEEMVEIKEEPSDTPILEGVLGEVKNGLFDSETLMRLCDILDKSGGWQHLAELLDYTFLVTSIRSTASPSKLLFNYADLHGNVTIQDIRNFLEALDEHEAVETVDLMLPRQSSSP
RELISH_00022,RELISH,,458,AAS77593,RELISH -Drosophila mauritiana .,Drosophila mauritiana,7226,3,REL,45825856,,,,,,XHHQYAIVCQTPAYKDKDVDREVNVYIELIRPSDDERSFPALPFRYKPRDVIVSRKRRRTGTSANSSSSGTGSSNNSLDLPKTLGLAQAPNGLPNLSQHEQTISQEFGREMHLEDLIHSENFRKFIGNNSSDIEKLCQLDMGVLEPDGHGRAESASASGRNLTNKYLNDLFKIYEQDRRSPMKNSQHQVEKLFNDHAQMNNNXDTLLHEVISQKKDTLKLAIQTIQVMNYFKLRELVNSALNADRDSPLHVACQQDRAHYIRPLLGMGCNPNQKNNAGNTPLHVAVKEEHLNCVESFLNGVPTVKLDLSLTNDDGLTPLHMAIRQNKYDVAKKLISHDRTSISVANTLDGNNALHMAVLEQSVELLVLILDAQNENLTDILQAQNAAGHTPLELAELKANERVVQLLRKVYSEKGELAMTWIPCKVKEEIDSSSDESSDAGQLEIKSEEMDIQTEDEE
RELISH_00023,RELISH,,454,AAS77594,RELISH -Drosophila mauritiana .,Drosophila mauritiana,7226,3,REL,45825858,,,,,,YAIXCQTPAYKDKDVDREVNVYIELIRPSDDERSFPALPFRYKPRDVIVSRKRRRTGTSANSSSSGTGSSNNSLDLPKTLGLAQAPNGLPNLSQHEQTISQEFGREMHLEDLIHSENFRKFIGNNSSDIEKLCQLDMGVLEPDGHGRAESASASGRNLTNKYLNDLFKIYEQDRRSPMKNSQHQVEKLFNDHAQMNNNXDTLLHEVISQKKDTLKLAIQTIQVMNYFKLRELVNSALNADRDSPLHVACQQDRAHYIRPLLGMGCNPNQKNNAGNTPLHVAVKEEHLNCVESFLNGVPTVKLDLSLTNDDGLTPLHMAIRQNKYDVAKKLISHDRTSISVANTLDGNNALHMAVLEQSVELLVLILDAQNENLTDILQAQNAAGHTPLELAELKANERVVQLLRKVYSEKGELAMTWIPCKVKEEIDSSSDKSSDAGQLEIKSEXMDIQTEDEE
RELISH_00024,RELISH,,462,AAS77595,RELISH -Drosophila mauritiana .,Drosophila mauritiana,7226,3,REL,45825860,,,,,,RESDXHHQYAIVCQTPAYKDKDVDREVNVYIELIRPSDDERSFPALPFRYKPRDVIVSRKRRRTGTSANSSSSGTGSSNNSLDLPKTLGLAQAPNGLPNLSQHEQTISQEFGREMHLEDLIHSENFRKFIGNNSSDIEKLCQLDMGVLEPDGHGRAESASASGRNLTNKYLNDLFKIYEQDRRSPMKNSQHQVEKLFNDHAQMNNNXDTLLHEVISQKKDTLKLAIQTIQVMNYFKLRELVNSALNADRDSPLHVACQQDRAHYIRPLLGMGCNPNQKNNAGNTPLHVAVKEEHLNCVESFLNGVPTVKLDLSLTNDDGLTPLHMAIRQNKYDVAKKLISHDRTSISVANTLDGNNALHMAVLEQSVELLVLILDAQNENLTDILQAQNAAGHTPLELAELKANERVVQLLRKVYSEKGELAMTWIPCKVKEEIDSSSXKSSDAGXLEXKSEEMDIXTEXEE
RELISH_00025,RELISH,,462,AAS77596,RELISH -Drosophila mauritiana .,Drosophila mauritiana,7226,3,REL,45825862,,,,,,RESDVHHQYAIVCQTPAYKDKDVDREVNVYIELIRPSDDERSFPALPFRYKPRDVIVSRKRRRTGTSANSSSSGTGSSNNSLDLPKTLGLAQAPNGLPNLSQHEQTISQEFGREMHLEDLIHSENFRKFIGNNSSDIEKLCQLDMGVLEPDGHGRAESASASGRNLTNKYLNDLFKIYEQDRRSPMKNSQHQVEKLFNDHAQMNNNXDTLLHEVISQKKDTLKLAIQTIQVMNYFKLRELVNSALNADRDSPLHVACQQDRAHYIRPLLGMGCNPNQKNNAGNTPLHVAVKEEHLNCVESFLNGVPTVKLDLSLTNDDGLTPLHMAIRQNKYDVAKKLISHDRTSISVANTLDGNNALHMAVLEQSVELLVLILDAQNENLTDILQAQNAAGHTPLELAELKANERVVQLLRKVYSEKGELAMTWIPCKVKEEIDSSSDESSDAGQLEIKSEEMDIQTEXEE
RELISH_00026,RELISH,,454,AAS77597,RELISH -Drosophila mauritiana .,Drosophila mauritiana,7226,3,REL,45825864,,,,,,YAIGCQTPAYKDKDVDREVNVYIELIRPSDDERSFPALPFRYKPRDVIVSRKRRRTGTSANSSSSGTGSSNNSLDLPKTLGLAQAPNGLPNLSQHEQTISQEFGREMHLEDLIHSENFRKFIGNNSSDIEKLCQLDMGVLEPDGHGRAESASASGRNLTNKYLNDLFKIYEQDRRSPMKNSQHQVEKLFNDHAQMNNNXDTLLHEVISQKKDTLKLAIQTIQVMNYFKLRELVNSALNADRDSPLHVACQQDRAHYIRPLLGMGCNPNQKNNAGNTPLHVAVKEEHLNCVESFLNGVPTVKLDLSLTNDDGLTPLHMAIRQNKYDVAKKLISHDRTSISVANTLDGNNALHMAVLEQSVELLVLILDAQNENLTDILQAQNAAGHTPLELAELKANERVVQLLRKVYSEKGELAMTWIPCKVKEEIDSSSDESSDAGQLEIKSEEMDIQTEDEE
RELISH_00027,RELISH,,462,AAS77598,RELISH -Drosophila mauritiana .,Drosophila mauritiana,7226,3,REL,45825866,,,,,,RESDVHHQYAIVCQTPAYKDKDVDREVNVYIELIRPSDDERSFPALPFRYKPRDVIVSRKRRRTGTSANSSSSGTGSSNNSLDLPKTLGLAQAPNGLPNLSQHEQTISQEFGREMHLEDLIHSENFRKFIGNNSSDIEKLCQLDMGVLEPDGHGRAESASASGRNLTNKYLNDLFKIYEQDRRSPMKNSQHQVEKLFNDHAQMNNNXDTLLHEVISQKKDTLKLAIQTIQVMNYFKLRELVNSALNADRDSPLHVACQQDRAHYIRPLLGMGCNPNQKNNAGNTPLHVAVKEEHLNCVESFLNGVPTVKLDLSLTNDDGLTPLHMAIRQNKYDVAKKLISHDRTSISVANTLDGNNALHMAVLEQSVELLVLILDAQNENLTDILQAQNAAGHTPLELAELKANERVVQLLRKVYSEKGELAMTWIPCKVKEEIDSSSDESSDAGQLEIKSEEMDIQTEDEE
RELISH_00028,RELISH,,817,AAF20132,RELISH -Drosophila melanogaster .,Drosophila melanogaster (fruit fly),7227,,Rel,6636300,,,,,,QPPMANSPYQNQLLNNGGICQLGATNXXXINSTGVSFGVANVTSFGNMYMDHQYFVPAPATVPPSQNFGYHQNGLASDGDIKHVPQLRIVEQPVEKFRFRYKSEMHGTHGSLNGANSKRTPKTFPEVTLCNYDGPAVIRCSLFQTNLDSPHSHQLVVRKDDRDVCDPHDLHVSKERGYVAQFINMGIIHTAKKYIFEELCKKKQDRLVFQMNRRELSHKQLQELHQETEREAKDMNLNQVRLCFEAFKIEDNGAWVPLAPPVYSNAINNRKSAQTGELRIVRLSKPTGGVMGNDELILLVEKVSKKNIKVRFFEEDEDGETVWEAYAKFRESDVHHQYAIVCQTPPYKDKDVDREVNVYIELIRPSDDERSFPALPFRYKPRSVIVSRKRRRTGSSANSSSSGTESSNNSLDLPKTLGLAQPPNGLPNLSQHDQTISEEFGREKHLNEFIASEDFRKLIEHNSSDLEKICQLDMGELQHDGHNRAEVPXXXHRNRTIKCLDDLFEIYKQDRISPIKISHHKVEKWFIEHALNNYNRDTLLHEVISHKKDKLKLAIQTIQVMNYFNLKDVVNSTLNADGDSALHVACQQDRAHYIRPLLGMGCNPNLKNNAGNTPLHVAVKEEHLSCVESFLNGVPTVQLDLSLTNDDGLTPLHMAIRQNKYDVAKKLISYDRTSISVANTMDGNNALHMAVLEQSVELLVLILDAQNENLTDILQAQNAAGHTPLELAERKANDRVVQLLKNVYPEKGELAMTWIPCKVKEEIDSSSDESSDAGQLEIKSEGMDIETKDEDSVELDLSSGPRRQKDESSRDTEMDNN
RELISH_00029,RELISH,,817,AAF20133,RELISH -Drosophila melanogaster .,Drosophila melanogaster (fruit fly),7227,,Rel,6636301,,,,,,QPPMANSPYQNQLLSNGGICQLGATNXXXINSTGVSFGVANVTSFGNMYMDHQYFVPAPATVPPSQNFGYHQNGLASDGDIKHVPQLRIVEQPVEKFRFRYKSEMHGTHGSLNGANSKRTPKTFPEVTLCNYDGPAVIRCSLFQTNLDSPHSHQLVVRKDDRDVCDPHDLHVSKERGYVAQFINMGIIHTAKKYIFEELCKKKQDRLVFQMNRRELSHKQLQELHQETEREAKDMNLNQVRLCFEAFKIEDNGAWVPLAPPVYSNAINNRKSAQTGELRIVRLSKPTGGVMGNDELILLVEKVSKKNIKVRFFEEDEDGETVWEAYAKFRESDVHHQYAIVCQTPPYKDKDVDREVNVYIELIRPSDDERSFPALPFRYKPRSVIVSRKRRRTGSSANSXXSGTESSNNSLDLPKTLGLAQPPNGLPNLSQHDQTISEEFGREKHLNEFIASEDFRKLIEHNSSDLEKICQLDMGELQHDGHNRAEVPXXXHRNRTIKCLDDLFEIYKQDRISPIKISHHKVEKWFIEHALNNYNRDTLLHEVISHKKDKLKLAIQTIQVMNYFNLKDVVNSTLNADGDSALHVACQQDRAHYIRPLLGMGCNPNLKNNAGNTPLHVAVKEEHLSCVESFLNGVPTVQLDLSLTNDDGLTPLHMAIRQNKYDVAKKLISYDRTSISVANTMDGNNALHMAVLEQSVELLVLILDAQNENLTDILQAQNAAGHTPLELAERKANDRVVQLLKNVYPEKGELAMTWIPCKVKEEIDSSSDESSDAGQLEIKSEEMDIETKDEDSVELDLSSGPRRQKDESSRDTEMDNN
RELISH_00030,RELISH,,817,AAF20134,RELISH -Drosophila melanogaster .,Drosophila melanogaster (fruit fly),7227,,Rel,6636302,,,,,,QPPMANSPYQNQLLNNGGICQLGATNXXXINSTGVSFGVANVTSLGNMYMDHQYFVPAPATVPPSQNFGYHQNGLASDGDIKHVPQLRIVEQPVEKFRFRYKSEMHGTHGSLNGANSKRTPKTFPEVTLCNYDGPAVIRCSLFQTNLDSPHSHQLVVRKDDRDVCDPHDLHVSKERGYVAQFINMGIIHTAKKYIFEELCKKKQDRLVFQMNRRELSHKQLQELHQETEREAKDMNLNQVRLCFEAFKIEDNGAWVPLAPPVYSNAINNRKSAQTGELRIVRLSKPTGGVMGNDELILLVEKVSKKNIKVRFFEEDEDGETVWEAYAKFRESDVHHQYAIVCQTPPYKDKDVDREVNVYIELIRPSDDERSFPALPFRYKPRSVIVSRKRRRTGSSANSSSSGTESSNNSLDLPKTLGLAQPPNGLPNLSQHDQTISEEFGREKHLNEFIASEDFRKLIEHNSSDLEKICQLDMGELQHDGHNRAEVPXXXHRNRTIKCLDDLFEIYKQDRISPIKISHHKVEKWFIEHALNNYNRDTLLHEVISHKKDKLKLAIQTIQVMNYFNLKDVVNSTLNADGDSALHVACQQDRAHYIRPLLGMGCNPNLKNNAGNTPLHVAVKEEHLSCVESFLNGVPTVQLDLSLTNDDGLTPLHMAIRQNKYDVAKKLISYDRTSISVANTMDGNNALHMAVLEQSVELLVLILDAQNENLTDILQAQNAAGHTPLELAERKANDRVVQLLKNVYPEKGELAMTWIPCKVKEEIDSSSDESSDAGQLEIKSEEMDIETKDEDSVELDLSSGPRRQKDESSRDTEMDNN
RELISH_00031,RELISH,,817,AAF20135,RELISH -Drosophila melanogaster .,Drosophila melanogaster (fruit fly),7227,,Rel,6636303,,,,,,QPPMANSPYQNQLLNNGGICQLGATNXXXINSTGVSFGVANVTSFGNMYMDHQYFVPAPATVPPSQNFGYHQNGLASDGDIKHVPQLRIVEQPVEKFRFRYKSEMHGTHGSLNGANSKRTPKTFPEVTLCNYDGPAVIRCSLFQTNLDSPHSHQLVVRKDDRDVCDPHDLHVSKERGYVAQFINMGIIHTAKKYIFEELCKKKQDRLVFQMNRRELSHKQLQELHQETEREAKDMNLNQVRLCFEAFKIEDNGAWVPLAPPVYSNAINNRKSAQTGELRIVRLSKPTGGVMGNDELILLVEKVSKKNIKVRFFEEDEDGETVWEAYAKFRESDVHHQYAIVCQTPPYKDKDVDREVNVYIELIRPSDDERSFPALPFRYKPRSVIVSRKRRRTGSSANSSSSGTESSNNSLDLPKTLGLAQPPNGLPNLSQHDQTISEEFGREKHLNEFIASEDFRKLIEHNSSDLEKICQLDMGELQHDGHNRAEVPXXXHRNRTIKCLDDLFEIYKQDRISPIKISHHKVEKWFIEHALNNYNRDTLLHEVISHKKDKLKLAIQTIQVMNYFNLKDVVNSTLNADGDSALHVACQQDRAHYIRPLLGMGCNPNLKNNAGNTPLHVAVKEEHLSCVESFLNGVPTVQLDLSLTNDDGLTPLHMAIRQNKYDVAKKLISYDRTSISVANTMDGNNALHMAVLEQSVELLVLILDAQNENLTDILQAQNAAGHTPLELAERKANDRVVQLLKNVYPEKGELAMTWIPCKVKEEIDSSSDESSDAGQLEIKSEEMDIETKDEDSVELDLSXGPRRQKDESSRDTEMDNN
RELISH_00032,RELISH,,817,AAF20136,RELISH -Drosophila melanogaster .,Drosophila melanogaster (fruit fly),7227,,Rel,6636304,,,,,,QPPMANSPYQNQLLNNGGICQLGATNXXXINSTGVSFGVANVTSFGNMYMDHQYFVPAPATVPPSQNFGYHQNGLASDGDIKHVPQLRIVEQPVEKFRFRYKSEMHGTHGSLNGANSKRTPKTFPEVTLCNYDGPAVIRCSLFQTNLDSPHSHQLVVRKDDRDVCDPHDLHVSKERGYVAQFINMGIIHTAKKYIFEELCKKKQDRLVFQMNRRELSHKQLQELHQETEREAKDMNLNQVRLCFEAFKIEDNGAWVPLAPPVYSNAINNRKSAQTGELRIVRLSKPTGGVMGNDELILLVEKVSKKNIKVRFFEEDEDGETVWEAYAKFRESDVHHQYAIVCQTPPYKDKDVDREVNVYIELIRPSDDERSFPALPFRYKPRSVIVSRKRRRTGSSANSSSSGTESSNNSLDLPKTLGLAQPPNGLPNLSQHDQTISEEFGREKHLNEFIASEDFRKLIEHNSSDLEKICQLDMGELQHDGHNRAEVPXXXHRNRTIKCLDDLFEIYKQDRISPIKISHHKVEKWFIEHALNNYNRDTLLHEVISHKKDKLKLAIQTIQVMNYFNLKDVVNSTLNADGDSALHVACQQDRAHYIRPLLGMGCNPNLKNNAGNTPLHVAVKEEHLSCVESFLNGVPTVQLDLSLTNDDGLTPLHMAIRQNKYDVAKKLISYDRTSISVANTMDGNNALHMAVLEQSVELLVLILDAQNENLTDILQAQNAAGHTPLELAERKANDRVVQLLKNVYPEKGELAMTWIPCKVKEEIDSSSDESSDAGQLEIKSEEMDIETKDEDSVELDLSSGPRRQKDESSRDTEMDNN
RELISH_00033,RELISH,,817,AAF20137,RELISH -Drosophila melanogaster .,Drosophila melanogaster (fruit fly),7227,,Rel,6636305,,,,,,QPPMANSPYQNQLLNNGGICQLGATNXXXINSTGVSFGVANVTSFGNMYMDHQYFVPAPATVPPSQNFGYHQNGLASDGDIKHVPQLRIVEQPVEKFRFRYKSEMHGTHGSLNGANSKRTPKTFPEVTLCNYDGPAVIRCSLFQTNLDSPHSHQLVVRKDDRDVCDPHDLHVSKERGYVAQFINMGIIHTAKKYIFEELCKKKQDRLVFQMNRRELSHKQLQELHQETEREAKDMNLNQVRLCFEAFKIEDNGAWVPLAPPVYSNAINNRKSAQTGELRIVRLSKPTGGVMGNDELILLVEKVSKKNIKVRFFEEDEDGETVWEAYAKFRESDVHHQYAIVCQTPPYKDKDVDREVNVYIELIRPSDDERSFPALPFRYKPRSVIVSRKRRRTGSSANSSSSGTESSNNSLDLPKTLGLAQPPNGLPNLSQHDQTISEEFGREKHLNEFIASEDFRKLIEHNSSDLEKICQLDMGELQHDGHNRAEVPXXXHRNRTIKCLDDLFEIYKQDRISPIKISHHKVEKWFIEHALNNYNRDTLLHEVISHKKDKLKLAIQTIQVMNYFNLKDVVNSTLNADGDSALHVACQQDRAHYIRPLLGMGCNPNLKNNAGNTPLHVAVKEEHLSCVESFLNGVPIVQLDLSLTNDDGLTPLHMAIRQNKYDVAKKLISYDRTSISVANTMDGNNALHMAVLEQSVELLVLILDAQNENLTDILQAQNAAGHTPLELAERKANDRVVQLLKNVYPEKGELAMTWIPCKVKEEIDSSSDESSDAGQLEIKSEEMDIETKDEDSVELDLSNGPRRQKDESSRDTEMDNN
RELISH_00034,RELISH,,971,AAF54333,"relish, isoform A -Drosophila melanogaster .",Drosophila melanogaster (fruit fly),7227,3R,,23170764,,,,,,MNMNQYYDLDNGKNVMFMNDASSTSGYSSSTSPNSTNRSFSPAHSPKTMELQTDFANLNLPGGNSPHQPPMANSPYQNQLLNNGGICQLGATNLINSTGVSFGVANVTSFGNMYMDHQYFVPAPATVPPSQNFGYHQNGLASDGDIKHVPQLRIVEQPVEKFRFRYKSEMHGTHGSLNGANSKRTPKTFPEVTLCNYDGPAVIRCSLFQTNLDSPHSHQLVVRKDDRDVCDPHDLHVSKERGYVAQFINMGIIHTAKKYIFEELCKKKQDRLVFQMNRRELSHKQLQELHQETEREAKDMNLNQVRLCFEAFKIEDNGAWVPLAPPVYSNAINNRKSAQTGELRIVRLSKPTGGVMGNDELILLVEKVSKKNIKVRFFEEDEDGETVWEAYAKFRESDVHHQYAIVCQTPPYKDKDVDREVNVYIELIRPSDDERSFPALPFRYKPRSVIVSRKRRRTGSSANSSSSGTESSNNSLDLPKTLGLAQPPNGLPNLSQHDQTISEEFGREKHLNEFIASEDFRKLIEHNSSDLEKICQLDMGELQHDGHNRAEVPSHRNRTIKCLDDLFEIYKQDRISPIKISHHKVEKWFIEHALNNYNRDTLLHEVISHKKDKLKLAIQTIQVMNYFNLKDVVNSTLNADGDSALHVACQQDRAHYIRPLLGMGCNPNLKNNAGNTPLHVAVKEEHLSCVESFLNGVPTVQLDLSLTNDDGLTPLHMAIRQNKYDVAKKLISYDRTSISVANTMDGNNALHMAVLEQSVELLVLILDAQNENLTDILQAQNAAGHTPLELAERKANDRVVQLLKNVYPEKGELAMTWIPCKVKEEIDSSSDESSDAGQLEIKSEEMDIETKDEDSVELDLSSGPRRQKDESSRDTEMDNNKLQLLLKNKFIYDRLCSLLNQPLGHGSDPQDRKWMQLARQTHLKQFAFIWLGAEDLLDHVKRKGASVEFSTFARALQAVDPQAYALLVNPT
RELISH_00035,RELISH,,971,AAS65130,"relish, isoform B -Drosophila melanogaster .",Drosophila melanogaster (fruit fly),7227,3R,,45446429,,,,,,MNMNQYYDLDNGKNVMFMNDASSTSGYSSSTSPNSTNRSFSPAHSPKTMELQTDFANLNLPGGNSPHQPPMANSPYQNQLLNNGGICQLGATNLINSTGVSFGVANVTSFGNMYMDHQYFVPAPATVPPSQNFGYHQNGLASDGDIKHVPQLRIVEQPVEKFRFRYKSEMHGTHGSLNGANSKRTPKTFPEVTLCNYDGPAVIRCSLFQTNLDSPHSHQLVVRKDDRDVCDPHDLHVSKERGYVAQFINMGIIHTAKKYIFEELCKKKQDRLVFQMNRRELSHKQLQELHQETEREAKDMNLNQVRLCFEAFKIEDNGAWVPLAPPVYSNAINNRKSAQTGELRIVRLSKPTGGVMGNDELILLVEKVSKKNIKVRFFEEDEDGETVWEAYAKFRESDVHHQYAIVCQTPPYKDKDVDREVNVYIELIRPSDDERSFPALPFRYKPRSVIVSRKRRRTGSSANSSSSGTESSNNSLDLPKTLGLAQPPNGLPNLSQHDQTISEEFGREKHLNEFIASEDFRKLIEHNSSDLEKICQLDMGELQHDGHNRAEVPSHRNRTIKCLDDLFEIYKQDRISPIKISHHKVEKWFIEHALNNYNRDTLLHEVISHKKDKLKLAIQTIQVMNYFNLKDVVNSTLNADGDSALHVACQQDRAHYIRPLLGMGCNPNLKNNAGNTPLHVAVKEEHLSCVESFLNGVPTVQLDLSLTNDDGLTPLHMAIRQNKYDVAKKLISYDRTSISVANTMDGNNALHMAVLEQSVELLVLILDAQNENLTDILQAQNAAGHTPLELAERKANDRVVQLLKNVYPEKGELAMTWIPCKVKEEIDSSSDESSDAGQLEIKSEEMDIETKDEDSVELDLSSGPRRQKDESSRDTEMDNNKLQLLLKNKFIYDRLCSLLNQPLGHGSDPQDRKWMQLARQTHLKQFAFIWLGAEDLLDHVKRKGASVEFSTFARALQAVDPQAYALLVNPT
RELISH_00036,RELISH,,971,AAS65131,"relish, isoform C -Drosophila melanogaster .",Drosophila melanogaster (fruit fly),7227,3R,,45446430,,,,,,MNMNQYYDLDNGKNVMFMNDASSTSGYSSSTSPNSTNRSFSPAHSPKTMELQTDFANLNLPGGNSPHQPPMANSPYQNQLLNNGGICQLGATNLINSTGVSFGVANVTSFGNMYMDHQYFVPAPATVPPSQNFGYHQNGLASDGDIKHVPQLRIVEQPVEKFRFRYKSEMHGTHGSLNGANSKRTPKTFPEVTLCNYDGPAVIRCSLFQTNLDSPHSHQLVVRKDDRDVCDPHDLHVSKERGYVAQFINMGIIHTAKKYIFEELCKKKQDRLVFQMNRRELSHKQLQELHQETEREAKDMNLNQVRLCFEAFKIEDNGAWVPLAPPVYSNAINNRKSAQTGELRIVRLSKPTGGVMGNDELILLVEKVSKKNIKVRFFEEDEDGETVWEAYAKFRESDVHHQYAIVCQTPPYKDKDVDREVNVYIELIRPSDDERSFPALPFRYKPRSVIVSRKRRRTGSSANSSSSGTESSNNSLDLPKTLGLAQPPNGLPNLSQHDQTISEEFGREKHLNEFIASEDFRKLIEHNSSDLEKICQLDMGELQHDGHNRAEVPSHRNRTIKCLDDLFEIYKQDRISPIKISHHKVEKWFIEHALNNYNRDTLLHEVISHKKDKLKLAIQTIQVMNYFNLKDVVNSTLNADGDSALHVACQQDRAHYIRPLLGMGCNPNLKNNAGNTPLHVAVKEEHLSCVESFLNGVPTVQLDLSLTNDDGLTPLHMAIRQNKYDVAKKLISYDRTSISVANTMDGNNALHMAVLEQSVELLVLILDAQNENLTDILQAQNAAGHTPLELAERKANDRVVQLLKNVYPEKGELAMTWIPCKVKEEIDSSSDESSDAGQLEIKSEEMDIETKDEDSVELDLSSGPRRQKDESSRDTEMDNNKLQLLLKNKFIYDRLCSLLNQPLGHGSDPQDRKWMQLARQTHLKQFAFIWLGAEDLLDHVKRKGASVEFSTFARALQAVDPQAYALLVNPT
RELISH_00037,RELISH,,859,AAS65132,"relish, isoform D -Drosophila melanogaster .",Drosophila melanogaster (fruit fly),7227,3R,,45446431,,,,,,MYMDHQYFVPAPATVPPSQNFGYHQNGLASDGDIKHVPQLRIVEQPVEKFRFRYKSEMHGTHGSLNGANSKRTPKTFPEVTLCNYDGPAVIRCSLFQTNLDSPHSHQLVVRKDDRDVCDPHDLHVSKERGYVAQFINMGIIHTAKKYIFEELCKKKQDRLVFQMNRRELSHKQLQELHQETEREAKDMNLNQVRLCFEAFKIEDNGAWVPLAPPVYSNAINNRKSAQTGELRIVRLSKPTGGVMGNDELILLVEKVSKKNIKVRFFEEDEDGETVWEAYAKFRESDVHHQYAIVCQTPPYKDKDVDREVNVYIELIRPSDDERSFPALPFRYKPRSVIVSRKRRRTGSSANSSSSGTESSNNSLDLPKTLGLAQPPNGLPNLSQHDQTISEEFGREKHLNEFIASEDFRKLIEHNSSDLEKICQLDMGELQHDGHNRAEVPSHRNRTIKCLDDLFEIYKQDRISPIKISHHKVEKWFIEHALNNYNRDTLLHEVISHKKDKLKLAIQTIQVMNYFNLKDVVNSTLNADGDSALHVACQQDRAHYIRPLLGMGCNPNLKNNAGNTPLHVAVKEEHLSCVESFLNGVPTVQLDLSLTNDDGLTPLHMAIRQNKYDVAKKLISYDRTSISVANTMDGNNALHMAVLEQSVELLVLILDAQNENLTDILQAQNAAGHTPLELAERKANDRVVQLLKNVYPEKGELAMTWIPCKVKEEIDSSSDESSDAGQLEIKSEEMDIETKDEDSVELDLSSGPRRQKDESSRDTEMDNNKLQLLLKNKFIYDRLCSLLNQPLGHGSDPQDRKWMQLARQTHLKQFAFIWLGAEDLLDHVKRKGASVEFSTFARALQAVDPQAYALLVNPT
RELISH_00038,RELISH,,971,NP_477094,"relish, isoform A -Drosophila melanogaster .",Drosophila melanogaster (fruit fly),7227,3R,Rel,17137094,,,,,,MNMNQYYDLDNGKNVMFMNDASSTSGYSSSTSPNSTNRSFSPAHSPKTMELQTDFANLNLPGGNSPHQPPMANSPYQNQLLNNGGICQLGATNLINSTGVSFGVANVTSFGNMYMDHQYFVPAPATVPPSQNFGYHQNGLASDGDIKHVPQLRIVEQPVEKFRFRYKSEMHGTHGSLNGANSKRTPKTFPEVTLCNYDGPAVIRCSLFQTNLDSPHSHQLVVRKDDRDVCDPHDLHVSKERGYVAQFINMGIIHTAKKYIFEELCKKKQDRLVFQMNRRELSHKQLQELHQETEREAKDMNLNQVRLCFEAFKIEDNGAWVPLAPPVYSNAINNRKSAQTGELRIVRLSKPTGGVMGNDELILLVEKVSKKNIKVRFFEEDEDGETVWEAYAKFRESDVHHQYAIVCQTPPYKDKDVDREVNVYIELIRPSDDERSFPALPFRYKPRSVIVSRKRRRTGSSANSSSSGTESSNNSLDLPKTLGLAQPPNGLPNLSQHDQTISEEFGREKHLNEFIASEDFRKLIEHNSSDLEKICQLDMGELQHDGHNRAEVPSHRNRTIKCLDDLFEIYKQDRISPIKISHHKVEKWFIEHALNNYNRDTLLHEVISHKKDKLKLAIQTIQVMNYFNLKDVVNSTLNADGDSALHVACQQDRAHYIRPLLGMGCNPNLKNNAGNTPLHVAVKEEHLSCVESFLNGVPTVQLDLSLTNDDGLTPLHMAIRQNKYDVAKKLISYDRTSISVANTMDGNNALHMAVLEQSVELLVLILDAQNENLTDILQAQNAAGHTPLELAERKANDRVVQLLKNVYPEKGELAMTWIPCKVKEEIDSSSDESSDAGQLEIKSEEMDIETKDEDSVELDLSSGPRRQKDESSRDTEMDNNKLQLLLKNKFIYDRLCSLLNQPLGHGSDPQDRKWMQLARQTHLKQFAFIWLGAEDLLDHVKRKGASVEFSTFARALQAVDPQAYALLVNPT
RELISH_00039,RELISH,,859,NP_996187,"relish, isoform D -Drosophila melanogaster .",Drosophila melanogaster (fruit fly),7227,3R,Rel,45553319,,,,,,MYMDHQYFVPAPATVPPSQNFGYHQNGLASDGDIKHVPQLRIVEQPVEKFRFRYKSEMHGTHGSLNGANSKRTPKTFPEVTLCNYDGPAVIRCSLFQTNLDSPHSHQLVVRKDDRDVCDPHDLHVSKERGYVAQFINMGIIHTAKKYIFEELCKKKQDRLVFQMNRRELSHKQLQELHQETEREAKDMNLNQVRLCFEAFKIEDNGAWVPLAPPVYSNAINNRKSAQTGELRIVRLSKPTGGVMGNDELILLVEKVSKKNIKVRFFEEDEDGETVWEAYAKFRESDVHHQYAIVCQTPPYKDKDVDREVNVYIELIRPSDDERSFPALPFRYKPRSVIVSRKRRRTGSSANSSSSGTESSNNSLDLPKTLGLAQPPNGLPNLSQHDQTISEEFGREKHLNEFIASEDFRKLIEHNSSDLEKICQLDMGELQHDGHNRAEVPSHRNRTIKCLDDLFEIYKQDRISPIKISHHKVEKWFIEHALNNYNRDTLLHEVISHKKDKLKLAIQTIQVMNYFNLKDVVNSTLNADGDSALHVACQQDRAHYIRPLLGMGCNPNLKNNAGNTPLHVAVKEEHLSCVESFLNGVPTVQLDLSLTNDDGLTPLHMAIRQNKYDVAKKLISYDRTSISVANTMDGNNALHMAVLEQSVELLVLILDAQNENLTDILQAQNAAGHTPLELAERKANDRVVQLLKNVYPEKGELAMTWIPCKVKEEIDSSSDESSDAGQLEIKSEEMDIETKDEDSVELDLSSGPRRQKDESSRDTEMDNNKLQLLLKNKFIYDRLCSLLNQPLGHGSDPQDRKWMQLARQTHLKQFAFIWLGAEDLLDHVKRKGASVEFSTFARALQAVDPQAYALLVNPT
RELISH_00040,RELISH,,971,NP_996188,"relish, isoform C -Drosophila melanogaster .",Drosophila melanogaster (fruit fly),7227,3R,Rel,45553321,,,,,,MNMNQYYDLDNGKNVMFMNDASSTSGYSSSTSPNSTNRSFSPAHSPKTMELQTDFANLNLPGGNSPHQPPMANSPYQNQLLNNGGICQLGATNLINSTGVSFGVANVTSFGNMYMDHQYFVPAPATVPPSQNFGYHQNGLASDGDIKHVPQLRIVEQPVEKFRFRYKSEMHGTHGSLNGANSKRTPKTFPEVTLCNYDGPAVIRCSLFQTNLDSPHSHQLVVRKDDRDVCDPHDLHVSKERGYVAQFINMGIIHTAKKYIFEELCKKKQDRLVFQMNRRELSHKQLQELHQETEREAKDMNLNQVRLCFEAFKIEDNGAWVPLAPPVYSNAINNRKSAQTGELRIVRLSKPTGGVMGNDELILLVEKVSKKNIKVRFFEEDEDGETVWEAYAKFRESDVHHQYAIVCQTPPYKDKDVDREVNVYIELIRPSDDERSFPALPFRYKPRSVIVSRKRRRTGSSANSSSSGTESSNNSLDLPKTLGLAQPPNGLPNLSQHDQTISEEFGREKHLNEFIASEDFRKLIEHNSSDLEKICQLDMGELQHDGHNRAEVPSHRNRTIKCLDDLFEIYKQDRISPIKISHHKVEKWFIEHALNNYNRDTLLHEVISHKKDKLKLAIQTIQVMNYFNLKDVVNSTLNADGDSALHVACQQDRAHYIRPLLGMGCNPNLKNNAGNTPLHVAVKEEHLSCVESFLNGVPTVQLDLSLTNDDGLTPLHMAIRQNKYDVAKKLISYDRTSISVANTMDGNNALHMAVLEQSVELLVLILDAQNENLTDILQAQNAAGHTPLELAERKANDRVVQLLKNVYPEKGELAMTWIPCKVKEEIDSSSDESSDAGQLEIKSEEMDIETKDEDSVELDLSSGPRRQKDESSRDTEMDNNKLQLLLKNKFIYDRLCSLLNQPLGHGSDPQDRKWMQLARQTHLKQFAFIWLGAEDLLDHVKRKGASVEFSTFARALQAVDPQAYALLVNPT
RELISH_00041,RELISH,,971,NP_996189,"relish, isoform B -Drosophila melanogaster .",Drosophila melanogaster (fruit fly),7227,3R,Rel,45553323,,,,,,MNMNQYYDLDNGKNVMFMNDASSTSGYSSSTSPNSTNRSFSPAHSPKTMELQTDFANLNLPGGNSPHQPPMANSPYQNQLLNNGGICQLGATNLINSTGVSFGVANVTSFGNMYMDHQYFVPAPATVPPSQNFGYHQNGLASDGDIKHVPQLRIVEQPVEKFRFRYKSEMHGTHGSLNGANSKRTPKTFPEVTLCNYDGPAVIRCSLFQTNLDSPHSHQLVVRKDDRDVCDPHDLHVSKERGYVAQFINMGIIHTAKKYIFEELCKKKQDRLVFQMNRRELSHKQLQELHQETEREAKDMNLNQVRLCFEAFKIEDNGAWVPLAPPVYSNAINNRKSAQTGELRIVRLSKPTGGVMGNDELILLVEKVSKKNIKVRFFEEDEDGETVWEAYAKFRESDVHHQYAIVCQTPPYKDKDVDREVNVYIELIRPSDDERSFPALPFRYKPRSVIVSRKRRRTGSSANSSSSGTESSNNSLDLPKTLGLAQPPNGLPNLSQHDQTISEEFGREKHLNEFIASEDFRKLIEHNSSDLEKICQLDMGELQHDGHNRAEVPSHRNRTIKCLDDLFEIYKQDRISPIKISHHKVEKWFIEHALNNYNRDTLLHEVISHKKDKLKLAIQTIQVMNYFNLKDVVNSTLNADGDSALHVACQQDRAHYIRPLLGMGCNPNLKNNAGNTPLHVAVKEEHLSCVESFLNGVPTVQLDLSLTNDDGLTPLHMAIRQNKYDVAKKLISYDRTSISVANTMDGNNALHMAVLEQSVELLVLILDAQNENLTDILQAQNAAGHTPLELAERKANDRVVQLLKNVYPEKGELAMTWIPCKVKEEIDSSSDESSDAGQLEIKSEEMDIETKDEDSVELDLSSGPRRQKDESSRDTEMDNNKLQLLLKNKFIYDRLCSLLNQPLGHGSDPQDRKWMQLARQTHLKQFAFIWLGAEDLLDHVKRKGASVEFSTFARALQAVDPQAYALLVNPT
RELISH_00042,RELISH,,400,AAS99366,Relish -Drosophila sechellia .,Drosophila sechellia,7238,3,Rel,46488048,,,,,,PAYKDKDVDREVNVYIELIRPSDDERSFPALPFRYKPRDVIVSRKRRRTGTSANSSSSGTGSSNNSLDLPKTLGLAQAPNGLPNLSQHEQTISQEFGREMHLEDLIHSENFRKFIGNNSSDIEKLCQLDMGVLEPDGHGRAESASXXGRNLTNKYLNDLFKIYEQDRRSPMKNSQHQVEKLFNDHAQMNNNXDTLLHEVISQKKDTLKLAIQTIQVMNYFKLRELVNSALNADRDSPLHVACQQDRAHYIRPLLGMGCNPNQKNNAGNTPLHVAVKEEHLNCVESFLNGVPTVKLDLSLTNDDGLTPLHMAIRQNKYDVAKKLISHDRTSISVANTLDGNNALHMAVLEQSVELLVLILDAQNENLTDILQAQNAAGHTPLELAELKANERVVQLLRKVY
RELISH_00043,RELISH,,355,AAS99367,Relish -Drosophila sechellia .,Drosophila sechellia,7238,3,Rel,46488050,,,,,,TVSSNNSLDLPKTLCLAQAPNGLPNLSQHEQTISQEFGREMHLEDLIHSENFRKFIGNNSSDIEKLCQLDMGVLEPDGHGRAESASXXGRNLTNKYLNDLFKIYEQDRRSPMKNSQHQVEKLFNDHAQMNNNXDTLLHEVISQKKDTLKLAIQTIQVMNYFKLRELVNSALNADRDSPLHVACQQDRAHYIRPLLGMGCNPNQKNNAGNTPLHVAVKEEHLNCVESFLNGVPTVKLDLSLTNDDGLTPLHMAIRQNKYDVAKKLISHDRTSISVANTLDGNNALHMAVLEQSVELLVLILDAQNENLTDILQAQNAAGHTPLELAELKANERVVQLLRKVYSEKGXLAMTWIPCK
RELISH_00044,RELISH,,463,AAS99368,Relish -Drosophila sechellia .,Drosophila sechellia,7238,3,Rel,46488052,,,,,,RESDVHHQYAIVCQTPAYKDKDVDREVNVYIELIRPSDDERSFPALPFRYKPRDVIVSRKRRRTGTSANSSSSGTVSSNNSLDLPKTLCLAQAPNGLPNLSQHEQTISQEFGREMHLEDLIHSENFRKFIGNNSSDIEKLCQLDMGVLEPDGHGRAESASXXGRNLTNKYLNDLFKIYEQDRRSPMKNSQHQVEKLFNDHAQMNNNXDTLLHEVISQKKDTLKLAIQTIQVMNYFKLRELVNSALNADRDSPLHVACQQDRAHYIRPLLGMGCNPNQKNNAGNTPLHVAVKEEHLNCVESFLNGVPTVKLDLSLTNDDGLTPLHMAIRQNKYDVAKKLISHDRTSISVANTLDGNNALHMAVLEQSVELLVLILDAQNENLTDILQAQNAAGHTPLELAELKANERVVQLLRKVYSEKGELAMTWIPCKVKEEIDSSSDESSDAGQLEIKSEEMDIQTEDEES
RELISH_00045,RELISH,,333,AAS99369,Relish -Drosophila sechellia .,Drosophila sechellia,7238,3,Rel,46488054,,,,,,DXPKTLCLAQAPNGLPNLSQHEQTISQEFGREMHLEDLIHSENFRKFIGNNSSDIEKLCQLDMGVLEPDGHGRAESASXXGRNLTNKYLNDLFKIYEQDRRSPMKNSQHQVEKLFNDHAQMNNNXDTLLHEVISQKKDTLKLAIQTIQVMNYFKLRELVNSALNADRDSPLHVACQQDRAHYIRPLLGMGCNPNQKNNAGNTPLHVAVKEEHLNCVESFLNGVPTVKLDLSLTNDDGLTPLHMAIRQNKYDVAKKLISHDRTSISVANTLDGNNALHMAVLEQSVELLVLILDAQNENLTDILQAQNAAGHTPLELAELKANERVVQLLRKVY
RELISH_00046,RELISH,,336,AAS99370,Relish -Drosophila sechellia .,Drosophila sechellia,7238,3,Rel,46488056,,,,,,LPKTLCLAQAPNGLPNLSQHEQTISQEFGREMHLEDLIHSENFRKFIGNNSSDIEKLCQLDMGVLEPDGHGRAESASXXGRNLTNKYLNDLFKIYEQDRRSPMKNSQHQVEKLFNDHAQMNNNXDTLLHEVISQKKDTLKLAIQTIQVMNYFKLRELVNSALNADRDSPLHVACQQDRAHYIRPLLGMGCNPNQKNNAGNTPLHVAVKEEHLNCVESFLNGVPTVKLDLSLTNDDGLTPLHMAIRQNKYDVAKKLISHDRTSISVANTLDGNNALHMAVLEQSVELLVLILDAQNENLTDILQAQNAAGHTPLELAELKANERVVQLLXKVYSEKG
RELISH_00047,RELISH,,817,AAF18094,RELISH -Drosophila simulans .,Drosophila simulans,7240,,Rel,6578841,,,,,,QLPMANSPYQHQLLNNGGICQLDATNFNLMNSTGAGVGVANVTNFGNTYMDHQYFVPAPATVPPAQNFGYHQNGLASGGDIKHVPQLRIVEQPVEKFRFRYKSEMHGTHGSLNGANSKRTPKTFPEVTLCNYDGPAVIRCSLFQTNLDSPHSHQLVVRKDERDVCDPHDLHVSKERGYVAQFINMGIIHTAKKYIFEELCKKKQDRLVFQMNRRELSTKQLQELHQETEREAKDMNLNQVRLCFEAFKIEDNGAWVPLAPPVYSNAINNRKSAQTGELRIVRLSKPTGGVMGNDELILLVEKVSKKNIKVRFFEEDEDGETVWEAYAKFRESDVHHQYAIVCQTPAYKDKDVDREVNVYIELIRPSDDERSFPALPFRYKPRDVIVSRKRRRTGTSANSSSSGTGSSNNSLDLPKTLGLAQAPNGLPNLSQHEQTISQEFGREMHLEDLIHSENFRKFIGNNSSDIEKLCQLDMGVLEPDGHGRAESASASGRNLTNKYLNDLFKIYEQDRRSPMKNSQHQVEKLFNDHAQMNNNXDTLLHEVISQKKDTLKLAIQTIQVMNYFKLRELVNSALNADRDSPLHVACQQDRAHYIRPLLGMGCNPNQKNNAGNTPLHVAVKEEHLNCVESFLNGVPTVKLDLSLTNDDGLTPLHMAIRQNKYDVAKKLISHDRTSISVANTLDGNNALHMAVLEQSVELLVLILDAQNENLTDILQAQNAAGHTPLELAELKANERVVQLLRKVYSEKGELAMTWIPCKVKEEIDSSSDESSDAGQLEIKSEEMDIQTEDDESVELDLSSGRRRWKEESSRDTETDNN
RELISH_00048,RELISH,,817,AAF18095,RELISH -Drosophila simulans .,Drosophila simulans,7240,,Rel,6578842,,,,,,QLPMANSPYQHQLLNNGGICQLDATNFNLMNSTGAGVGVANVTNFGNTYMDHQYFVPAPATVPPAQNFGYHQNGLASGGDIKHVPQLRIVEQPVEKFRFRYKSEMHGTHGSLNGANSKRTPKTFPEVTLCNYDGPAVIRCSLFQTNLDSPHSHQLVVRKDERDVCDPHDLHVSKERGYVAQFINMGIIHTAKKYIFEELCKKKQDRLVFQMNRRELSTKQLQELHQETEREAKDMNLNQVRLCFEAFKIEDNGAWVPLAPPVYSNAINNRKSAQTGELRIVRLSKPTGGVMGNDELILLVEKVSKKNIKVRFFEEDEDGETVWEAYAKFRESDVHHQYAIVCQTPAYKDKDVDREVNVYIELIRPSDDERSFPALPFRYKPRDVIVSRKRRRTGTSANSSSSGTGSSNNSLDLPKTLGLAQAPNGLPNLSQHEQTISQEFGREMHLEDLIHSENFRKFIGNNSSDIEKLCQLDMGVLEPDGHGRAESASASGRNLTNKYLNDLFKIYEQDRRSPMKNSQHQVEKLFNDHAQMNNNXDTLLHEVISQKKDTLKLAIQTIQVMNYFKLRELVNSALNADRDSPLHVACQQDRAHYIRPLLGMGCNPNQKNNAGNTPLHVAVKEEHLNCVESFLNGVPTVKLDLSLTNDDGLTPLHMAIRQNKYDVAKKLISHDRTSISVANTLDGNNALHMAVLEQSVELLVLILDAQNENLTDILQAHNAAGHTPLELAELKANERVVQLLRKVYSEKGELAMTWIPCKVKEEIDSSSDESSDAGQLEIKSEEMDIQTEDEESVELDLSSGRRRWKEESSRDTETDNN
RELISH_00049,RELISH,,817,AAF18096,RELISH -Drosophila simulans .,Drosophila simulans,7240,,Rel,6578843,,,,,,QLPMANSPYQHQLLNNGGICQLDATNFNLMNSTGAGVGVANVTNFGNTYMDHQYFVPAPATVPPAQNFGYHQNGLASGGDIKHVPQLRIVEQPVEKFRFRYKSEMHGTHGSLNGANSKRTPKTFPEVTLCNYDGPAVIRCSLFQTNLDSPHSHQLVVRKDERDVCDPHDLHVSKERGYVAQFINMGIIHTAKKYIFEELCKKKQDRLVFQMNRRELSTKQLQELHQETEREAKDMNLNQVRLCFEAFKIEDNGAWVPLAPPVYSNAINNRKSAQTGELRIVRLSKPTGGVMGNDELILLVEKVSKKNIKVRFFEEDEDGETVWEAYAKFRESDVHHQYAIVCQTPAYKDKDVDREVNVYIELIRPSDDERSFPALPFRYKPRDVIVSRKRRRTGTSANSSSSGTGSSNNSLDLPKTLGLAQAPNGLPNLSQHEQTISQEFGREMHLEDLIHSENFRKFIGNNSSDIEKLCQLDMGVLEPDGHGRAESASASGRNLTNKYLNDLFKIYEQDRRSPMKNSQHQVEKLFNDHAQMNNNXDTLLHEVISQKKDTLKLAIQTIQVMNYFKLRELVNSALNADRDSPLHVACQQDRAHYIRPLLGMGCNPNQKNNAGNTPLHVAVKEEHLNCVESFLNGVPTVKLDLSLTNDDGLTPLHMAIRQNKYDVAKKLISHDRTSISVANTLDGNNALHMAVLEQSVELLVLILDAQNENLTDILQAQNAAGHTPLELAELKANERVVQLLRKVYSEKGELAMTWIPCKVKEEIDSSSDESSDAGQLEIKSEEMDIQTEDEESVELDLSSGRRRWKEESSRDTETDNN
RELISH_00050,RELISH,,817,AAF18097,RELISH -Drosophila simulans .,Drosophila simulans,7240,,Rel,6578844,,,,,,QLPMANSPYQHQLLNNGGICQLDATNFNLMNSTGAGVGVANVTNFGNTYMDHQYFVPAPATVPPAQNFGYHQNGLASGGDIKHVPQLRIVEQPVEKFRFRYKSEMHGTHGSLNGANSKRTPKTFPEVTLCNYDGPAVIRCSLFQTNLDSPHSHQLVVRKDERDVCDPHDLHVSKERGYVAQFINMGIIHTAKKYIFEELCKKKQDRLVFQMNRRELSTKQLQELHQETEREAKDMNLNQVRLCFEAFKIEDNGAWVPLAPPVYSNAINNRKSAQTGELRIVRLSKPTGGVMGNDELILLVEKVSKKNIKVRFFEEDEDGETVWEAYAKFRESDVHHQYAIVCQTPAYKDKDVDREVNVYIELIRPSDDERSFPALPFRYKPRDVIVSRKRRRTGTSANSSSSGTGSSNNSLDLPKTLGLAQAPNGLPNLSQHEQTISQEFGREMHLEDLIHSENFRKFIGNNSSDIEKLCQLDMGVLEPDGHGRAESASASGRNLTNKYLNDLFKIYEQDRRSPMKNSQHQVEKLFNDHAQMNNNXDTLLHEVISQKKDTLKLAIQTIQVMNYFKLRELVNSALNADRDSPLHVACQQDRAHYIRPLLGMGCNPNQKNNAGNTPLHVAVKEEHLNCVESFLNGVPTVKLDLSLTNDDGLTPLHMAIRQNKYDVAKKLISHDRTSISVANTLDGNNALHMAVLEQSVELLVLILDAQNENLTDILQAHNAAGHTPLELAELKANERVVQLLRKVYSEKGELAMTWIPCKVKEEIDSSSDESSDAGQLEIKSEEMDIQTEDEESVELDLSSGRRRWKEESSRDTETDNN
RELISH_00051,RELISH,,817,AAF18098,RELISH -Drosophila simulans .,Drosophila simulans,7240,,Rel,6578845,,,,,,QLPMANSPYQHQLLNNGGICQLDATNFNLMNSTGAGVGVANVTNFGNTYMDHQYFVPAPATVPPAQNFGYHQNGLASGGDIKHVPQLRIVEQPVEKFRFRYKSEMHGTHGSLNGANSKRTPKTFPEVTLCNYDGPAVIRCSLFQTNLDSPHSHQLVVRKDERDVCDPHDLHVSKERGYVAQFINMGIIHTAKKYIFEELCKKKQDRLVFQMNRRELSTKQLQELHQETEREAKDMNLNQVRLCFEAFKIEDNGAWVPLAPPVYSNAINNRKSAQTGELRIVRLSKPTGGVMGNDELILLVEKVSKKNIKVRFFEEDEDGETVWEAYAKFRESDVHHQYAIVCQTPAYKDKDVDREVNVYIELIRPSDDERSFPALPFRYKPRDVIVSRKRRRTGTSANSSSSGTGSSNNSLDLPKTLGLAQAPNGLPNLSQHEQTISQEFGREMHLEDLIHSENFRKFIGNNSSDIEKLCQLDMGVLEPDGHGRAESASASGRNLTNKYLNDLFKIYEQDRRSPMKNSQHQVEKLFNDHAQMNNNXDTLLHEVISQKKDTLKLAIQTIQVMXYFKLREXVNSALNADRDSPLHVACQXDRAHYIRPLLGMGCNPNQKNNAGNTPLHVAVKEEHLNCVESFLNGVPTVKLDLSLTNDDGLTPLHMAIRQNKYDVAKKLISHDRTSISVANTLDGNNALHMAVLEQSVELLVLILDAQNENLTDILQAQNAAGHTPLELAELKANERVVQLLRKVYSEKGELAMTWIPCKVKEEIDSSSDESSDAGQLEIKSEEMDIQTEDDESVELDLSSGRRRCKEESSRDTEMDNN
RELISH_00052,RELISH,,817,AAF18099,RELISH -Drosophila simulans .,Drosophila simulans,7240,,Rel,6578846,,,,,,QLPMANSPYQHQLLNNGGICQLDATNFNLMNSTGAGVGVANVTNFGNTYMDHQYFVPAPATVPPAQNFGYHQNGLASGGDIKHVPQLRIVEQPVEKFRFRYKSEMHGTHGSLNGANSKRTPKTFPEVTLCNYDGPAVIRCSLFQTNLDSPHSHQLVVRKDERDVCDPHDLHVSKERGYVAQFINMGIIHTAKKYIFEELCKKKQDRLVFQMNRRELSTKQLQELHQETEREAKDMNLNQVRLCFEAFKIEDNGAWVPLAPPVYSNAINNRKSAQTGELRIVRLSKPTGGVMGNDELILLVEKVSKKNIKVRFFEEDEDGETVWEAYAKFRESDVHHQYAIVCQTPAYKDKDVDREVNVYIELIRPSDDERSFPALPFRYKPRDVIVSRKRRRTGTSANSSSSGTGSSNNSLDLPKTLGLAQAPNGLPNLSQHEQTISQEFGREMHLEDLIHSENFRKFIGNNSSDIEKLCQLDMGVLEPDGHGRAESASASGRNLTNKYLNDLFKIYEQDRRSPMKNSQHQVEKLFNDHAQMNNNXDTLLHEVISQKKDTLKLAIQTIQVMNYFKLRELVNSALNADRDSPLHVACQQDRAHYIRPLLGMGCNPNQKNNAGNTPLHVAVKEEHLNCVESFLNGVPTVKLDLSLTNDDGLTPLHMAIRQNKYDVAKKLISHDRTSISVANTLDGNNALHMAVLEQSVELLVLILDAQNENLTDILQAHNAAGHTPLELAELKANERVVQLLRKVYSEKGELAMTWIPCKVKEEIDSSSDESSDAGQLEIKSEEMDIQTEDEESVELDLSSGRRRWKEESSRDTETDNN
RELISH_00053,RELISH,,817,AAF18100,RELISH -Drosophila simulans .,Drosophila simulans,7240,,Rel,6578847,,,,,,QLPMANSPYQHQLLNNGGICQLDATNFNLMNSTGAGVTVANVTNFGNTYMDHQYFVPAPATVPPAQNFGYHQNGLASGGDIKHVPQLRIVEQPVEKFRFRYKSEMHGTHGSLNGANSKRTPKTFPEVTLCNYDGPAVIRCSLFQTNLDSPHSHQLVVRKDERDVCDPHDLHVSKERGYVAQFINMGIIHTAKKYIFEELCKKKQDRLVFQMNRRELSTKQLQELHQETEREAKDMNLNQVRLCFEAFKIEDNGAWVPLAPPVYSNAINNRKSAQTGELRIVRLSKPTGGVMGNDELILLVEKVSKKNIKVRFFEEDEDGETVWEAYAKFRESDVHHQYAIVCQTPAYKDKDVDREVNVYIELIRPSDDERSFPALPFRYKPRDVIVSRKRRRTGTSANSSSSGTGSSNNSLDLPKTLGLAQAPNGLPNLSQHEQTISQEFGREMHLEDLIHSENFRKFIGNNSSDIEKLCQLDMGVLEPDGHGRAESASASGRNLTNKYLNDLFKIYEQDRRSPMKNSQHQVEKLFNDHAQMNNNXDTLLHEVISQKKDTLKLAIQTIQVMNYFKLRELVNSALNADRDSPLHVACQQDRAHYIRPLLGMGCNPNQKNNAGNTPLHVAVKEEHLNCVESFLNGVPTVKLDLSLTNDDGLTPLHMAIRQNKYDVAKKLISHDRTSISVANTLDGNNALHMAVLEQSVELLVLILDAQNENLTDILQAHNAAGHTPLELAELKANERVVQLLRKVYSEKGELAMTWIPCKVKEEIDSSSDESSDAGQLEIKSEEMDIQTEDDESVEFDLSSGRRRCKEESSRDTEMDNN
RELISH_00054,RELISH,,818,AAF20138,RELISH -Drosophila yakuba .,Drosophila yakuba,7245,,,6636307,,,,,,QPPMANSPYQHQLLNNDGICQLDATNXXXINSAGVGVGVANVTSFGNMYMDHQYFVSAPTTVPPAQHFGYHQNGLASDGDIKHVPQLRIVEQPVEKFRFRYKSEMHGTHGSLNGANSKRTPKTFPEVTLSNYDGPAVIRCSLFQTNLDSPHSHQLVVRKDERDVCDPHDLHVSKERGYVAQFINMGIIHTAKKYIFEELCKKKQDRLVFQMNRRELSTKQIQELHQETEREAKDMNLNQVRLCFEAFKIEDNGAWVPLAPPVYSNAINNRKSAQTGELRIVRLSKPTGGVMGNDELILLVEKVSKKNIKVRFFEEDEDGETVWEAYAKFRESDVHHQYAIVCQTPAYKDKDVDREVNVYIELIRPSDDERSFPALPFRYKPRNVIVSRKRRRTCSSANSSSSGTGSSNNSLDLPRTLGLAQPPNGLPNLSQHGQTISQEFGRDMHLNDLMDSENFRKLIEQNSTDLEKICDLGMGELVKDGHGRAEVAXXXGRNLTSKYLNTIFKIFDQDRRTPTESSHRQVEELFTDHALNNENNDTLLHEVISHKKDNLKLAIKTIQVMNYFNLKGLVNNPLNADGDNCLHVACQQDRAHYIRPLLGMGCSPNQQNHAGNTPLHLAVKEEHLNCVESFLNGVPTVQLDLSLKNDDGLTPLHMAIRQNKYDVAKKLISHDRSSISVANTMDGNNALHMAVLEQSVELLVLILDAQNQNLTDILLARNAAGYTPLELARHKANERVVKLLENVYPEKGELAMTWISRKVKEEIDTSSDESSDAGQLEIKSEEMDIKTEDEESVELDLSSGRRRMEVDSSKDTEKEQDP
RELISH_00055,RELISH,,504,ACJ36224,relish -Fenneropenaeus chinensis .,Fenneropenaeus chinensis,139456,,,212656623,,,,,,MVRGDRGGMSSPYSGESASPYSDHSAGVPSPPTVVTAYNRPYEAVHHDGAFIQILEQPQSKFRFRYKSEMVGTHGQLKADRSDKNKAVFPAVKLAKWNHGPAVIRLMLYTAEDNINQRKRHVHELSGKQCCKETGICEVVVDEKVDYTAVFQNLGIIHTAKKDTKDIILQRKKEELITHARLRKPHLSCEDIRRSITQSDNKRMEEEAEEEAKNMDLNKVVLRFQAFQYDKKIESYRPVTLPVDSDIVYNLKNATTGELKIVRMSACSAPCTGGTEIWLLVEKVRRNNVQIKFFELDENDREVWSGYGDFSDTDVHHQYAIVFKTPRYRYTNLSTAVRVKVQLERPTDRDTSEPLDFTFMPDTLKRRRMLIENAQEEGKRHPSFPPAKRPANFNNYASEAIDLSYNMRNPRGQEDSMPTPDILELLVGVSDFPNSNGLSPYTLEMSNQSPQHTVPSPGHPSDSSTHELYSPIHPGSVGTPNTEFTTISNSLLQVFYPSSYNKLW
RELISH_00056,RELISH,,939,AAZ91474,relish -Glossina morsitans morsitans .,Glossina morsitans morsitans,37546,,,73913071,,,,,,MINEYYVEKDIVDMDTMERVPYRSESSNTSTSGYSTGPWNSPASGYSPAQSPASALPAEFSTLNVVSSHSMSHYEQQQPMAFTQPYNTQSQFGQMSHAGNGNHGGDFNDKMKYEARLEITEEPMEKFRFRYISEMHGTHGSLNGANSQRNPKTFPEVRLVDYRGPAIIRCSLFQANLESPHSHQLVIRKDDDDVCDPHDVKVGELGYYAKFANMGIIHTAKKFIMGELLKKKRRRLILELGGRELTTKEEQEIHKQTEKEAKDMNLNQVRLCYEAFRVEENGTYVPIAAPVYSRLINNRKSAQTGDLRITRLSICTGSVLGNEDLILLVEKVSKKNIKVRFYEMNDDDGEIWEAFAQFRESDVHHQYAIVCKTPPYKDRDIDRSVEVFIELVRPSDDERSFPPVTFRYKPRDAVISRKRKRTCSTTSSRSNSNISSGDLPKTVHEQSKILTSAEMMEELERLLQDNDLKKKLSSYSDDMNLSDLIHTLDGGGRLERDGSGGGDGERSEIMHYKKKSIEKKTMDNYSHAPDINQPTTGTLSPYLQRISKIYVDVRNEKPIANETVKHSAAEQITKIFNEHLDNSDNGDSIMHEVVLADNNKSAMQLCHILTYFKIQDLLNTLLNSNGQTALHYACLYNRAQYMRPLITLGCRANLQDNQGNTSIHIAVREKYLKCLESFINANIILQLNILNDDGFTPLHLAIRDNNYEMAIKMLRHDRTIAAVANNKDGGNALHMVVQQQHLPLVEIILETQNKVSILKAQNAAGYTPYDLAKELSIGSKSGQQILSALQNHYTDDEMSVVTNAIKEMVNEREEEYDRKLVIKEEEATSSSTDDEDEENDDEPMLQTSEIKIEESLDKCTLKIALNNANTFQKLSLIMNKADKWKLLAQILDIEYDFFESAEGVLNWLKRHLDDIDLQLFSLALDELDKTLLDIIRTSS
RELISH_00057,RELISH,,939,ABF47913,relish -Glossina morsitans morsitans .,Glossina morsitans morsitans (tsetse fly),37546,,,94960141,,,,,,MINEYYVEKDIVDMDTMERVPYRSESSNTSTSGYSTGPWNSPASGYSPAQSPASALPAEFSTLNVVSSHSMSHYEQQQPMAFTQPYNTQSQFGQMSHAGNGNHGGDFNDKMKYEARLEITEEPMEKFRFRYISEMHGTHGSLNGANSQRNPKTFPEVRLVDYRGPAIIRCSLFQANLESPHSHQLVIRKDDDDVCDPHDVKVGELGYYAKFANMGIIHTAKKFIMGELLKKKRRRLILELGGRELTTKEEQEIHKQTEKEAKDMNLNQVRLCYEAFRVEENGTYVPIAAPVYSRLINNRKSAQTGDLRITRLSICTGSVLGNEDLILLVEKVSKKNIKVRFYEMNDDDGEIWEAFAQFRESDVHHQYAIVCKTPPYKDRDIDRSVEVFIELVRPSDDERSFPPVTFRYKPRDAVISRKRKRTCSTTSSRSNSNISSGDLPKTVHEQSKILTSAEMMEELERLLQDNDLKKKLSSYSDDMNLSDLIHTLDGGGRLERDGSGGGDGERSEIMHYKKKSIEKKTMDNYSHAPDINQPTTGTLSPYLQRISKIYVDVRNEKPIANETVKHSAAEQITKIFNEHLDNSDNGDSIMHEVVLADNNKSAMQLCHILTYFKIQDLLNTLLNSNGQTALHYACLYNRAQYMRPLITLGCRANLQDNQGNTSIHIAVREKYLKCLESFINANIILQLNILNDDGFTPLHLAIRDNNYEMAIKMLRHDRTIAAVANNKDGGNALHMVVQQQHLPLVEIILETQNKVSILKAQNAAGYTPYDLAKELSIGSKSGQQILSALQNHYTDDEMSVVTNAIKEMVNEREEEYDRKLVIKEEEATSSSTDDEDEENDDEPMLQTSEIKIEESLDKCTLKIALNNANTFQKLSLIMNKADKWKLLAQILDIEYDFFESAEGVLNWLKRHLDDIDLQLFSLALDELDKTLLDIIRTSS
RELISH_00058,RELISH,,207,ABR14713,relish -Litopenaeus vannamei .,Litopenaeus vannamei (Pacific white shrimp),6689,,,148841064,,,,,,MVRGDRGGMSSPYSGESASPYSDHSAGVPSPPTVVTAYNRPYEAVHHDGAFIQILEQPQSKFRFRYKSEMVGTHGQLKADRSDKNKAVFPTVKLAKWNHGPAVIRLMLYTAEDNINQRKRHVHELSGKQCCKETGICEVVVDEKVDYTAVFQNLGIIHIAKRDTKDIILQRKKEELITHARLRKPHLSYEDIRRSITQSDNKRMEEEAEEEAKNMDLNKVVLRFQAFQYDKKIESYRPVTLPVDSDIVYNLKNATTGELKIVRMSACSAPCTGGTEIWLLVEKVRRNNVQIKFFELDENDREVWSGYGDFTDADVHHQYAIVFKTPRYRYTNLSTAVRVKVQLERPTDRDTSEPLDFTFMPDTLKRRRMLIENAQEEGKRHPSFPPAKRPANFNNYASEAIDLSYNMRNPRGQEDSMPTPDILELLVGVSDFPNSNGLSPYTLEMSNQSPQHTVPSPGHPSDSSTHELYSPIHPGSVGTPNTEFTTINNSLLQVPSPGHPVPNSPQYSVMSPGEHSVGSPQSQYQGSGNFGGGNMSQQYSQSQSPQYIQSPSPIMMVPSPSYQDNGTQILNQYLQQPQQQQQLQQQQQQQQQQQQQQQQQQQQQQFQQQQIQQFPKTQQIGSQLIQGAVDNRLTQQPNNIQLQQQQMQPQALQPQNNVPEFDLPSCFNIVGGLGPDATLMDMLEVADDQLAFESGLIGNSDIKADYGGKMDSKKKQKDQAVSSGQDVDELTKMISNVRVDDSRGNRNPQSQVDSMNQHPTQSVDVAFKVAISAAECLQAYAATGDISLLLATHRYLLAVQNNQGDTALHTAVSNKNIEAFNKILKACEKIRPQDLLNAQNFARETALHQAVRGNETIMVRRLVAMPGCDVSIVDAQGNTPVHCAAEMQSIQCLEALLTRPVNGVRSAVTQAINVYNYQGETPLHLAVINGNLDSVRMLVDAGAQVHLCERKRGANPLHLAVMHGHHEIARYLLDLTSVTIEAGLFDGNTALHLAAQQRDSEMCKILLRHNADPNAKNMLQKRKKLSESEEDEEEEEEISSRKVEEEEDDSEEEPDCYTPLDYAGNDTEILSILRGEVIQEEEEEQGAQAQEEVVGTKAGPLHSALDSGIDISVTDIQYSDGPGEDDSVGELSERVRERLASHLSGDTWRHLAQLLDLDYMVPCLAGEPSPASTLLHPDNMKSVSLEKLRECLTVLGLKECVAVLDQA
RELISH_00059,RELISH,,316,ACR24222,relish small isoform -Litopenaeus vannamei .,Litopenaeus vannamei (Pacific white shrimp),6689,,,237861298,,,,,,MSSPYSGESASPYSDHSAGVPSPPTVVTAYNRPYEAVHHDGAFIQILEQPQSKFRFRYKSEMVGTHGQLKADRSDKNKAVFPTVKLAKWNHGPAVIRLMLYTAEDNINQRKRHVHELSGKQCCKETGICEVVVDEKVDYTAVFQNLGIIHIAKRDTKDIILQRKKEELITHARLRKPHLSYEDIRRSITQSDNKRMEEEAEEEAKNMDLNKVVLRFQAFQYDKKIESYRPVTLPVDSDIVYNLKNATTGELKIVRMSACSAPCTGGTEIWLLVEKVRRNNVQIKFFELDENDREVWSGYGDFTDADVHHQYAIVFK
RELISH_00060,RELISH,,316,ACR24223,relish small isoform -Litopenaeus vannamei .,Litopenaeus vannamei (Pacific white shrimp),6689,,,237861300,,,,,,MSSPYSGESASPYSDHSAGVPSPPTVVTAYNRPYEAVHHDGAFIQILEQPQSKFRFRYKSEMVGTHGQLKADRSDKNKAVFPTVKLAKWNHGPAVIRLMLYTAEDNINQRKRHVHELSGKQCCKETGICEVVVDEKVDYTAVFQNLGIIHIAKRDTKDIILQRKKEELITHARLRKPHLSYEDIRRSITQSDNKRMEEEAEEEAKNMDLNKVVLRFQAFQYDKKIESYRPVTLPVDSDIVYNLKNATTGELKIVRMSACSAPCTGGTEIWLLVEKVRRNNVQIKFFELDENDREVWSGYGDFTDADVHHQYAIVFK
RELISH_00061,RELISH,,971,AAZ08478,relish -Nasutitermes comatus .,Nasutitermes comatus,286183,,,70795030,,,,,,PGSYSQSSLDSQDSSSSMSAPSPMSVTASPHPYQNILVLTPDQVVAELPYLRIIEQPVEKFRFRYKSEMMGTHGSILGRSSDRNRKKTYPTVELRNYDGPAIIRCSLYTTHQVMGERMPHTHRLVVRVDNEDKDDPHDFAVSPEVGYRAVFQGMGIIHTAKKHIMDELVKKKRLRLLETLRTHNVNITSLTTKDEIKIRSEAEAEAKRMNLNSVCLCFEAFVREKGVLKPICDPVYSLPINNMKSALTGELKICRIDKHVSSCLGNEEVFILVEKVGKKNIRIKFFELDDEDNEVWCDYGKFSELDVHHQYAIVFRTPPYRDTEIDKTVDVFLQLYRPTDGDCSEPIKFAYKPSDKTGRAARKRQRTSLTDEIPVAVVPAQPTSNPVLASAITVPPSQASPNVDQPNSEGSDLFEALLNEGPNNGLNSSEFREFMKNLSISSLVSTYAETFDPNELLRDGDLALDYHTMGSTDYHTMDISTDGSSKLTVTKRTTPLSRDPGIDATVAAKLSNVSIDDAQTQPRNCVRKETSMDGEQLAKWAVARLNELQLEKPPKHVLASKVHEIFGKKKDDGDGPLHCAILYDMKDLLKQMFTVLAKGQYRPIIDDRNLKDETPLHLAVMQNQHETVKTLLAIGANPNIITKQGDLPLHLAVSASHNECISELLRYNSSRDCNLTNYNGCTPLHIAARKKNLIAVMKLVNAGADVNKEDTLLGRTVLHVAVEEGCVDIASYLLEKTNIDVNAANYAGNTALHGAVVFEGAESRELCRLLLQYKANPRQENYILERDGDVEFCTEVEIKEEPESEDDFDDEYQLRIAEGETEDEPISSKARGQTSLDLASNKKDILALLQKVVPAEVEEMVEIKEEPSDTPILEGVLGEVKNGLFDSETLMRLCDILDKSGGWQHLAELLDYKFLVTSIRSTASPSKLLFNYADLHGNVSIQDIRSFLEALDEHEAVEAVDLMLARQIASS
RELISH_00062,RELISH,,963,AAZ08475,relish -Nasutitermes dixoni .,Nasutitermes dixoni,286184,,,70795024,,,,,,PGSYSQSSLDSQDSSSSMSAPSPMSVTASPHPYQNILVLTPDQVVAELPYLRIIEQPVEKFRFRYKSEMMGTHGSILGRSSDRNRKKTYPTVELRNYDGPAIIRCSLYTTHQVMGERMPHTHRLVVRADNEDKDDPHDFAVSPEVGYRAVFQGMGIIHTAKKHIMDELVKKKRLRLLETLRGHNVNITSLTTKDEIKIRSEAEAEAKRMNLNSVCLCFEAFVREKGVLKPICDPVYSLPINNMKSALTGELKICRIDKHVSSCLGNEEVFILVEKVGKKNIRIKFFELDDEDNEVWCDYGKFSELDVHHQYAIVFRTPPYRDTEIDKTVDVFLQLYRPTDGDCSEPIKFAYKPSDKTGRAARKRQRTSMTDEIPVAVVPAQPTSNPVLASAIIVPPSQASPNVDQPNSEASDLFEAVLNECPNNGMNSSEFKEFMKNLSISSLVSTYAETFDANELLRDGDLALDYYTMDISTDGSSKLTVTKRTTPLSRDPGIDATVATKLSHVSIDDAQAQPRNCVRKETSMDGEQLAKWAVARLNELLLEKPPKHVLASKVREIFGKKKDDGDGPLHCAILYDMKDLLKQMFIVLGKGQYRPIIDDRNLKDETPLHLAVMQNQHETVKTLLTIGANPNIITKQGDLPLHLAVSASHNECISELLRYNSSRDCNLTNYNGCTPLHIAAREKNLIAVMKLVNAGADVNKEDTLLGRTVLHVAVEEGCVDIASYLLEKTNIDVNAANYAGNTALHGAVVFEGAESRELCRLLLQYKANPRQENYILEHDGDVEFCTEVEIKEEPESEDDFDDEYQLRIAEGETEDEAISSKARGQTSLDLASNKKDILALLQKMVPAEVEEMVEIKEEPSDTPILEGVLGEVKNGLFDSETLMRLCDILDKSGGWQHLAELLDYKFLVTSIRSTASPSKLLFNYADLHGNVSIQDIRSFLEALDEHEAVEAVDLMLARQIASS
RELISH_00063,RELISH,,961,AAZ08470,relish -Nasutitermes exitiosus .,Nasutitermes exitiosus,114634,,,70795014,,,,,,PGSYSQSSLDSQDSSSSMSAPSTMSVTASPHPYQNILVLTPDQVVAELPYLQIIEQPVEKFRFRYKSEMMGTHGSILGRSSDRNRKKTYPTVELRNYDGPAIIRCSLYTTHQVMGERMPHTHRLVVRADNEDKDDPHDFAVSPEVGYRAVFQGMGIIHTAKKHIMDELVKKKRLRLLETLRARNVNITSLTTKDEIKIRSEAEAEAKRMNLNSVCLCFEAFVRENGVLKPICDPVYSSPINNMKSALTGELKICRIDKHVSSCLGNEEVFILVEKVGKKNIKIKFFELDDEDNEVWCDYGKFSELDVHHQYAIVFRTPPYRDTEIDKTVDVFLQLYRPTDGDCSEPIKFAYKPSDKTGRAARKRQRTSLTDEIPLPVAPAQPTSNPLLASIVPPSQASPSVDQPNSEDSDLFEDILNECPNNGMNSSEFKEFMKNLSISSLGSTYVETFDANELLRDGDLPLDFCTMDISTDGSSKLTVTKRTTPLSRDPGVDATFAAKLSHVSIDDTQMQPRNCVQKETSMDGEQLAKWAVARLNELLLEKPPKHVLASKVHEIFGKKKDDGDGPLHCAILYDMKDLLKQMFTVLGKGQYRPIIDDRNLKDETPLHLAVMQNQHETVKTLLTIGANPNIITKQGDLPLHLAVSASHNECISELLRYNSSRDCNLTNYNGCTPLHIAAREKNLIAVMKLVNAGADVNKEDTLLGRTVLHVAVEEGCVDIARYLLEKTNIDVNAANYAGNTALHGAVVFEGPESRELCRLLLQYKANPRQENYILEGDGDVEFCTEVEIKEEPESEDDFDDEYQLRIAEGETEDEAINSKARGQTSLDLATNKKDILALLQKVVPAEVEEMVEIKEEPSDTPILEGVLGEVKNGLFDSETLMRLCDILDKSGGWQHLAELLDYKFLVTSIRSTASPSKLLFNYADLHGNVSIQDIRSFLEALDEHEAVEAVDLMLARRIASS
RELISH_00064,RELISH,,972,AAZ08477,relish -Nasutitermes fumigatus .,Nasutitermes fumigatus,232797,,,70795028,,,,,,PGSYSQSSLDSQDSSSSMSAPSPMSVTASPHPYQNILVLTPDQVVAELPYLRIIEQPVEKFRFRYKSEMMGTHGSILGRSSDRNRKKTYPTVELRNYDGPAIIRCSLYTTHQVMGERMPHTHRLVVRADNEDKDDPHDFAVSPEVGYRAVFQGMGIIHTAKKHIMDELVKKKRLRLLETLRGHNVNITSLTTKDEIKIRSEAEAEAKRMNLNSVCLCFEAFVREKGVLKPICDPVYSLPINNMKSALTGELKICRIDKHVSSCLGNEEVFILVEKVGKKNIRIKFFELDDEDNEVWCDYGKFSELDVHHQYAIVFRTPPYRDTEIDKTVDVFLQLYRPTDGDCSEPIKFAYKPSDKTGRAARKRQRTSMTDEIPVAVVPAQPTSNPVLASAIIVPPSHASPNVDQPNSEASDLFEAILNEYPNNGMNSSEFKEFMKNLSISSLVSTYAETFDANELLRDGDLAFDYHTMDSSTAYHTMDISTDGSSKFTVTKRTTPSSRDPGIDATVATKLSHVSIDDAQTQPRNCVQKETSMDGEQLARWAVACLNELLLEKPPKHVLVSKVREIFGMKKDDGDGPLHCAILYDMKDLLKQMFTVLGKGQYRPIIDDRNLKDETPLHLAVMQNQHETVKTLLTIGANPNIITKQGDLPLHLAVSASHNECISELLRYNSSRDCNLTNYNGCTPLHIAAREKNLIAVMKLVNAGADVNKEDTLLGRTVLHVAVEEGCVDIASYLLQKTNIDVNAANYAGNTALHGAVVFEGAESRELCRLLLQYKANPRQENYILEHDGDVEFCTEVEIKEEPESEDDFDDEYQLRIAEGETEDEVISSKARGQTSLDLASNKKDILALLQKMVPAEVEEMVEIKEEPSDTPILEGVLGEVKNGLFDSETLMRLCDILDKSGGWQHLAELLDYKFLVTSIRSTASPSKLLFNYADLHGNVSIQDIRSFLEALDEHEAVEAVDLMLARQIASS
RELISH_00065,RELISH,,972,AAZ08468,relish -Nasutitermes graveolus .,Nasutitermes graveolus,286185,,,70795010,,,,,,MMNCASSPGSYSQSSLDSQDSSSSMSAPSPMSVTASPHPYQNILVLTPDQVVAELPYLRIIEQPVEKFRFRYKSEMMGTHGSILGRSSDRNRKKTYPTVELRNYDGPAIIRCSLYTTHQVMGERMPHTHRLVVRADNEDKDDPHDFAVSPEVGYRAVFQGMGIIHTAKKHIMDELVKKKRVRLLETLRARNVNITSLTTKDEIKIRSEAEAEAKRMNLNSVCLCFEAFVRENGVLKPICDPVYSSPINNMKSALTGELKICRIDKHVSSCLGNEEVFILVEKVGKKNIRIKFFELDDEDNEVWCDYGKFSELDVHHQYAIVFRTPPYRDTEIDKTVDVFLQLYRPTDGDCSEPIKFAYKPSDKTGRAARKRQRTSLTDEIPLPVALAQPTSNPLLASFVPPSQASPSVDQPNSEGSDLFEDILNECPNNGMNSSEFKEFMKNLSISSLVSTYVETFDANELLGDGDLPLDFCTMDISTDGSSKLTVTKRTTPLSRDPGIDATVAAKLSHVSKDDTQMQPRNCVQKETSMDGEQLAKWAVARLNELLLEKPPKHVLASKVHEIFGKKKDDGDGPLHCAILYDMKDLLKQMFTVLGKGQYRPIIDDRNLKDETPLHLAVMQNQHETVKTLLTIGANPNIITKQGDLPLHLAVSASHNECISELLRYNSSRDCNLTNYNGCTPLHIAAREKNLIAVMKLVNAGADVNKEDTLLGRTVLHVAVEEGCVDIARYLLEKTNIDVNAANYAGNTALHGAVVFEGPESRELCRLLLQYKANPRQENYILEGDGDVEFCTEVEIKEEPESEDDFDDEYQLRIAEGETEDEAINSKARGQTSLDLATNKKDILALLQKVVPAEVEEMVEIKEEPSDTPILEGVLGEVKNGLFDSETLMRLCDILDKSGGWQHLAELLDYKFLVTSIRSTASPSKLLFNYADLHGNVSIQDIRSFLEALDEHEAVEAVDLMLARRIASSSQIS
RELISH_00066,RELISH,,961,AAZ08473,relish -Nasutitermes longipennis .,Nasutitermes longipennis,286186,,,70795020,,,,,,PGSYSQSSLDSQDSSSSMSAPSPMSVTASPHPYQNILVLTPDQVVAELPYLRIIEQPVEKFRFRYKSEMMGTHGSILGRSSDRNRKKTYPTVELRNYDGPAIIRCSLYTTHQVMGERMPHTHRLVVRADSEDKDDPHDFAVSPDVGYRAVFQGMGIIHTAKKHIMDELVKKKRLRLLETLRARNVNITSLTTKDEIKIRSEAEAEAKRMNLNSVCLCFEAFVRENGVLKPICDPVYSSPINNMKSALTGELKICRIDKHVSSCLGNEEVFILVEKVGKKNIRIKFFELDDEDNEVWCDYGKFSELDVHHQYAIVFRTPPYRDTEIDKTVDVFLQLYRPTDGDCSEPIKFAYKPSDKTGRAARKRQRTSLTDEIPLPVAPAQPTSNPLLASVVPPSQASPSVDQPNSEGSDLFEDILNECPNNGMNSSEFREFMQNLSISSLVSTYVETFDANELLRDGDLPLDYCTMDISTDGSSKLTVTKRTTPLSRDPGVDATVAAKLSHVSIDDTQMQPRNCVQKETSMDGEQLAKWAVARLNELLLEKPPKHVLASKVHEIFGKKKDDGDGPLHCAILYDMKDLLKQMFTVLGKGQYRPIIDDRNLKDETPLHLAVMQNQHETVKTLLTIGANPNIITKQGDLPLHLAVSASHNECISELLRYNSSRDCNLTNYNGCTPLHIAAREKNLIAVMKLVNAGADVNKEDTLLGRTVLHVAVEEGCVDIARYLLEKTNIDVNAANYAGNTALHGAVVFEGAESRELCRLLLQYKANPRQENYILERDGDVEFCTEVEIKEEPESEDDFDDEYQLRIAEGETEDETISSKARGQTSLDLATNKKDILALLQKVVPAEVEEMVEIKEEPSDTPILEGVLGEVKNGLFDSETLMRLCDILDKSGGWQHLAELLDYKFLVTSIRSTASPSKLLFNYADLHGNVSIQDIRSFLEALDEHEAVEAVDLMLARRIASS
RELISH_00067,RELISH,,961,AAZ08474,relish -Nasutitermes magnus .,Nasutitermes magnus,114636,,,70795022,,,,,,PGSYSQSSLDSQDSSSSMSAPSPMSVTASPHPYQNILVLTPDQVVAELPYLRIIEQPVEKFRFRYKSEMMGTHGSILGRSSDRNRKKTYPTVELRNYDGPAIIRCSLYTTHQVMGERMPHTHRLVVRADSEDKDDPHDFAVSPEVGYRAVFQGMGIIHTAKKHIMDELVKKKRLRLLETLRARNVNITSLTTKDEIKIRSEAEAEAKRMNLNSVCLCFEAFVRENGVLKPICDPVYSSPINNMKSALTGELKICRIDKHVSSCLGNEEVFILVEKVGKKNIRIKFFELDDEDNEVWCDYGKFSELDVHHQYAIVFRTPPYRDTEIDKTVDVFLQLYRPTDGDCSEPIKFAYKPSDKTGRAARKRQRTSLTDEIPLPVAPAQPTSNPLLASVIPPSQASPNVDQPNSEGSDLFEDILNECPNNGMNSSEFREFMQNLSISSLVSTYVETFDANELLRDGDLPLDYCTMDISTDGSSKLTVTKRTTPLSRDPGVDATVAAKLSHVSIDDTQMQPRNCVQKETSMDGEQLAKWAVARLNELLLEKPPKHVLASKVHEIFGKKKDDGDGPLHCAILYDMKDLLKQMFTVLGKGQYRPIIDDRNLKDETPLHLAVMQNQHETVKTLLTIGANPNIITKQGDLPLHLAVSASHNECISELLRYNSSRDCNLTNYNGCTPLHIAAREKNLIAVMKLVNAGADVNKEDTLLGRTVLHVAVEEGCVDIARYLLEKTNIDVNAANYAGNTALHGAVVFEGAESRELCRLLLHYKANPRQENYILERDGDVEFCTEVEIKEEPESEDDFDDEYQLRIAEGETEDETISSKARGQTSLDLATNKKDILALLQKVVPAEVEEMVEIKEEPSDTPILEGVLGEVKNGLFDSETLMRLCDILDKSGGWQHLAELLDYKFLVTSIRSTASPSKLLFNYADLHGNVSIQDIRSFLEALDEHEAVEAVDLMLARRIASS
RELISH_00068,RELISH,,963,AAZ08476,relish -Nasutitermes pluvialis .,Nasutitermes pluvialis,286187,,,70795026,,,,,,PGSYSQSSLDSQDSSSSMSAPSPMSVTASPHPYQNILVLTPDQVVAELPYLRIIEQPVEKFRFRYKSEMMGTHGSILGRSSDRNRKKTYPTVELRNYDGPAIIRCSLYTTHQVMGERMPHTHRLVVRADNEDKDDPHDFAVSPEVGYRAVFQGMGIIHTAKKHIMDELVKKKRLRLLETLRGHNVNITSLTTKDEIKIRSEAEAEAKRMNLNSVCLCFEAFVREKGVLKPICDPVYSLPINNMKSALTGELKICRIDKHVSSCLGNEEVFILVEKVGKKNIRIKFFELDDEDNEVWCDYGKFSELDVHHQYAIVFRTPPYRDTEIDKTVDVFLQLYRPTDGDCSEPIKFAYKPSDKTGRAARKRQRTSMTDEIPVAVVPAQPTSNPVLASAIIVPPSQPSPNVDQPNSEASDLFEAVLNESPNNGMNSSEFKEFMKNLSISSLVSTYAETFDANELLRDGDLALDYYTMDISTDGSSKLTVTKRTTPLSRDPGIDATVAAKLSHVSIDDAQTQPRNCVRKETIMDGEQLAKWAVARLNELLLEKPPKHVLASKVREIFGKKKDDGDGPLHCAILYDMKDLLKQMFTVLGKGQYRPIIDDRNLKDETPLHLAVMQNQHETVKTLLTIGANPNIITKQGDLPLHLAVSASHNECISELLRYNSSRDCNLTNYNGCTPLHIAAREKNLIAVMKLVNAGADVNKEDTLLGRTVLHVAVEEGCVDIASYLLQKTNIDVNAANYAGNTALHGAVVFEGAESRELCRLLLQYKANPQQENYILEHDGDVEFCTEVEIKEEPESEDDFDDEYQLRIAEGETEDEAISSKARGQTSLDLASNKKDILALLQKMVPAEVEEMVEIKEEPSDTPILEGVLGEVKNGLFDSETLMRLCDILDKSGGWQHLAELLDYKFLVTSIRSTASPSKLLFNYADLHGNVSIQDIRSFLEALDEHEAVEAVDLMLARQDASS
RELISH_00069,RELISH,,960,AAZ08471,relish -Nasutitermes triodiae .,Nasutitermes triodiae,114645,,,70795016,,,,,,PGSYSQSSLDSQDSSSSMSAPSPMSVTVSPHPYHNILVLTPDQVVAELPYLRIIEQPVEKFRFRYKSEMMGTHGSILGRSSDRNRKKTYPTVELRNYDGPAIIRCSLYTTHQVMGERMPHTHRLVVRADNEDKDDPHDFAVSPEVGYRAVFQGMGIIHTAKKHIMDELVKKKRVRLLETYRARNVNITSLATKDEIKIRSEAEAEAKRMNLNSVCLCFEAFVRENGVLKPICDPVYSSPINNMKSALTGELKICRIDKHVSSCLGNEEVFILVEKVGKKNIRIKFFELDDEDNEVWCDYGKFSELDVHHQYAIVFRTPPYRDTEIDKTVDVFLQLYRPTDGDCSEPIKFAYKPSDKTGRAARKRQRTSLTDEIPLPVAPAQPTSNPLLASVVPPSQASPSVDQPNSESSDLFEDILNECPNNGMNSSEFREFMQNLSISSLVSTYVETFDANELLRGGDLPLDFCTMDISTDGSSKLTVTKRTTPLSRDPGIDATVAAKLSHVSIDDTQMQPRNCVQKETSMDGEQLAKWAVARLNELLLEKPPKHVLASKVHEIFGKKKDDGDGPLHCAILYDMKDLLKQMFTVLGKGQYRPIIDDRNLKDETPLHLAVMQNKHETVKTLLTIGANPNIITKQGDLPLHLAVSASHNECISELLRYNSSRDCNLTNYNGCTPLHIAAREKNLIAVMKLVNAGADVNKEDTLLGRTVLHVAVEEGCVDIARYLLEKTNIDVNAANYAGNTALHGAVVFEGPESRELCRLLLQYKANPRQENYILEGGDVEFCTEVEIKEEPESEDDFDDEYQLRIAEGETEDEAINSKARGQTSLDLATNKKDILALLQKVVPAEVEEMVEIKEEPSDTPILEGVLGEVKNGLFDSETLMRLCDILDKSGGWQHLAELLDYKFLVTSIRSTASPSKLLFNYADLHGNVSIQDIRSFLEALDEHEAVEAVDLMLARRIASS
RELISH_00070,RELISH,,961,AAZ08469,relish -Nasutitermes walkeri .,Nasutitermes walkeri,76108,,,70795012,,,,,,PGSYSQSSLDSQDSSSSMSAPSPMSVTVSPHPYHNILVLTPDQVVAELPYLRIIEQPVEKFRFRYKSEMMGTHGSILGRSSDRNRKKTYPTVELRNYDGPAIIRCSLYTTHQVMGERMPHTHRLVVRADNEDKDDPHDFAVSPEVGYRAVFQGMGIIHTAKKHIMDELVKKKRLRLLETLRARNVNITSLATKDEIKIRSEAEAEAKRMNLNSVCLCFEAFVRENGVLKPICDPVYSSPINNMKSALTGELKICRIDKHVSSCLGNEEVFILVEKVGKKNIRIKFFELDDEDNEVWCDYGKFSELDVHHQYAIVFRTPPYRDTEIDKTVDVFLQLYRPTDGDCSEPIKFAYKPSDKTGRAARKRQRTSLTDEIPLPVALAQPTSNPLLASVVPPSQASPSVDQPNSEGSDLFEDILNECPNNGMNSSEFKEFMKNLSISSLVSTYVETFDANELLRDGDLPLDFCTMDISTDGSSKLTVTKRTTPLSRDPGIDATVAAKLSHVSIDDTQMQPRNCVQKETSMDGEQLAKWAVARLNELLLEKPPKHVLASKVHEIFGKKKDDGDGPLHCAILYDMKDLLKQMFIVLGKGQYRPIIDDRNLKDETPLHLAVMQNQHETVKTLLTIGANPNIITKQGDLPLHLAVSASHNECISELLRYNSSRDCNLTNYNGCTPLHIAAREKNLIAVMKLVNAGADVNKEDTLLGRTVLHVAVEEGCVDIARYLLEKTNIDVNAANYAGNTALHGAVVFEGPESRELCRLLLQYKANPRQENYILEGDGDVEFCTEVEIKEEPESEDDFDDEYQLRIAEGETEDEAINSKARGQTSLDLATNKKDILALLQKVVPAEAEEMVEIKEEPSDTPILEGVLGEVKNGLFDSETLMRLCDILDKSGGWQHLAELLDYKFLVTSIRSTASPSKLLFNYADLHGNVSIQDIRSFLEALDEHEAVEAVDLMLARRIASS
RELISH_00071,RELISH,,961,AAZ08472,relish -Tumulitermes pastinator .,Tumulitermes pastinator,286182,,,70795018,,,,,,PGSYSQSSLDSQDSSSSMSAPSPMSVTASPHPYQNILVLTPDQVVAELPYLRIIEQPVEKFRFRYKSEMMGTHGSILGRSSDRNRKKTYPTVELRNYDGPAIIRCSLYTTHQVMGERMPHTHRLVVRADNEDKDDPHDFAVSHEVGYRAVFQGMGIIHTAKKHIMDELVKKKRLRLLETLRARNVNITSLTTKDEIKIRSEAEAEAKRMNLNSVCLCFEAFVRESGVLKPICDPVYSSPINNMKSALTGELKICRIDKHVSSCLGNEEVFILVEKVGKKNIRIKFFELDDEDNEVWCDYGKFSELDVHHQYAIVFRTPPYRDTEIDKTVDVFLQLYRPTDGDCSEPIKFAYKPSDKTGRAARKRQRTSLTDEIPLPVAPAQPTSNPLLASVVPPAQASPNVDQPNSEGSDLFEDILNECPNNGMNSSEFREFMQNLSISSLVSTYVETFDANELLRDGDLPLDYCTMDISTDGSSKLTVTKRTTPLSRDPGVDATVAAKLSHVSIDDTQMQPRNCVQKETSMDGEQLAKWAVARLNELLLEKPPKHVLASKVHEIFGKKKDDGDGPLHCAILYDMKDLLKQMFTVLGKGQYRPIIDDRNLKDETPLHLAVMQNQHETVKTLLTIGANPNIITKQGDLPLHLAVSASHNECISELLRYNSSRDCNLTNYNGCTPLHIAAREKNLIAVMKLVNAGADVNKEDTLLGRTVLHVAVEEGCVDIARYLLEKTNIDVNAANYAGNTALHGAVVFEGAESRELCRLLLQYKANPRQENYILERDGDVEFCTEVEIKEEPESEDDFDDEYQLRIAEGETEDETISSKARGQTSLDLATNKKDILALLQKVVPAEVEEMVEIKEEPSDTPILEGVLGEVKNGLFDSETLMRLCDILDKSGGWQHLAELLDYKFLVTSIRSTASPSKLLFNYADLHGNVSIQDIRSFLEALDEHEAVEAVDLMLARRIASS
